BOSS00.PAC	0x2a	801e0020	248	97973131967be06c
BOSS00.PAC	0x2a	801e0118	696	ef0be47f4c316d17
BOSS00.PAC	0x2a	801e03d0	124	21544f54953129f3
BOSS00.PAC	0x2a	801e044c	80	fbba44d0efd8cfce
BOSS00.PAC	0x2a	801e049c	124	04d3455b561e3036
BOSS00.PAC	0x2a	801e0518	156	f14b5d9a232241f7
BOSS00.PAC	0x2a	801e05b4	64	36d10b5e7bf2e0d2
BOSS00.PAC	0x2a	801e05f4	172	379d36282c871478
BOSS00.PAC	0x2a	801e06a0	172	da19d5055f01f724
BOSS00.PAC	0x2a	801e074c	240	8a1aae8fd634559c
BOSS00.PAC	0x2a	801e083c	20	32e2f4dd2d38a5ab
BOSS00.PAC	0x2a	801e0850	132	83845dfe326e8aa4
BOSS00.PAC	0x2a	801e08d4	32	20c3a8daad2ca1ef
BOSS00.PAC	0x2a	801e08f4	100	889231be5abfd746
BOSS00.PAC	0x2a	801e0958	1084	0402b8499446efad
BOSS00.PAC	0x2a	801e0d94	180	2b9558a04771465d
BOSS00.PAC	0x2a	801e0e48	772	7ec5ba57a8853466
BOSS00.PAC	0x2a	801e114c	248	4fbe8772b68fc759
BOSS00.PAC	0x2a	801e1244	64	36d10b5e7bf2e0d2
BOSS00.PAC	0x2a	801e1284	120	0d11c904ed3ac78a
BOSS00.PAC	0x2a	801e12fc	100	54316ee7a59b6c6c
BOSS00.PAC	0x2a	801e1360	76	a2a1623baccd71f9
BOSS00.PAC	0x2a	801e13ac	144	d3ba304f7775ec1d
BOSS00.PAC	0x2a	801e143c	68	3dc98959e0fd10b4
BOSS00.PAC	0x2a	801e1480	44	ee96431515742f6d
BOSS00.PAC	0x2a	801e14ac	32	20c3a8daad2ca1ef
BOSS00.PAC	0x2a	801e14cc	476	bc469fa0cc571e7e
BOSS00.PAC	0x2a	801e16a8	284	19e0866b1f1fefdb
CDEMO00.PAC	0x1	800100a4	96	b3da93a34bbcd873
CDEMO00.PAC	0x1	80010104	916	58884c3d0d1658c4
CDEMO00.PAC	0x1	80010498	140	5fd8a06c25da6185
CDEMO00.PAC	0x1	80010524	152	7e0d51dd6ee815d9
CDEMO00.PAC	0x1	800105bc	360	d7a6c81c75cb6d5a
CDEMO00.PAC	0x1	80010724	108	b8ecaa7539268632
CDEMO00.PAC	0x1	80010790	72	35945651d1fce1bc
CDEMO00.PAC	0x1	800107d8	32	724280f4d8aa7c8b
CDEMO00.PAC	0x1	800107f8	32	724280f4d8aa7c8b
CDEMO00.PAC	0x1	80010818	32	724280f4d8aa7c8b
CDEMO00.PAC	0x1	80010838	56	7f09f96dc0a263d4
CDEMO00.PAC	0x1	80010870	100	c6e535ac95b7f6b6
CDEMO00.PAC	0x1	800108d4	796	c4f3423caaf55ce9
CDEMO00.PAC	0x1	80010bf0	284	4e84aea3c3728535
CDEMO00.PAC	0x1	80010d0c	192	b1bc635fc69289c6
CDEMO00.PAC	0x1	80010dcc	148	4a2ffe33468b1d85
CDEMO00.PAC	0x1	80010e60	88	2ac14a6717e776af
CDEMO00.PAC	0x1	80010eb8	272	2ee48acd05cad11f
CDEMO00.PAC	0x1	80010fc8	32	724280f4d8aa7c8b
CDEMO00.PAC	0x1	80010fe8	32	724280f4d8aa7c8b
CDEMO00.PAC	0x1	80011008	32	724280f4d8aa7c8b
CDEMO00.PAC	0x1	80011028	32	724280f4d8aa7c8b
CDEMO00.PAC	0x1	80011048	476	47553fa92f99747a
CDEMO00.PAC	0x1	80011224	80	d318f9b045a33c9a
CDEMO00.PAC	0x1	80011274	112	49c206644c03d3bd
CDEMO00.PAC	0x1	800112e4	144	0ee61e7ca45c5994
CDEMO00.PAC	0x1	80011374	320	f9c1aadd02df7749
CDEMO00.PAC	0x1	800114b4	108	ac2db2c50a5c26f4
CDEMO00.PAC	0x1	80011520	156	d553e1c02f147c4b
CDEMO00.PAC	0x1	800115bc	120	5770d9ec6b3fb212
CDEMO00.PAC	0x1	80011634	56	48f04c0e971fc9bf
CDEMO00.PAC	0x1	8001166c	180	60b19354e32b8fb8
CDEMO00.PAC	0x1	80011720	32	724280f4d8aa7c8b
CDEMO00.PAC	0x1	80011740	120	978c7648b558e17c
CDEMO00.PAC	0x1	800117b8	84	7693cea9e8af26c0
CDEMO00.PAC	0x1	8001180c	88	7cf4e1102ff819ed
CDEMO00.PAC	0x1	80011864	180	5c117ead0ec835a2
CDEMO00.PAC	0x1	80011918	188	e47523edc0b51be2
CDEMO00.PAC	0x1	800119d4	64	36d10b5e7bf2e0d2
CDEMO00.PAC	0x1	80011a14	748	fc2252d88c8ad8b7
CDEMO00.PAC	0x1	80011d00	40	5df525f2546652c3
CDEMO00.PAC	0x1	80011d28	152	be4c4e5c3a756b2b
CDEMO00.PAC	0x1	80011dc0	104	f1d28eedcadb4084
CDEMO00.PAC	0x1	80011e28	144	b93a009776ad9765
CDEMO00.PAC	0x1	80011eb8	48	338d590ade894219
CDEMO00.PAC	0x1	80011ee8	76	e29db5e92f4f2354
CDEMO00.PAC	0x1	80011f34	32	20c3a8daad2ca1ef
CDEMO00.PAC	0x1	80011f54	32	20c3a8daad2ca1ef
CDEMO00.PAC	0x1	80011f74	116	81b407fcffc6197f
CDEMO00.PAC	0x1	80011fe8	56	2423c9db184bb3ae
CDEMO00.PAC	0x1	80012020	140	a55f6f617c99f456
CDEMO00.PAC	0x1	800120ac	116	bfceb9397a504c73
CDEMO00.PAC	0x1	80012120	192	479ad9e4f3746f87
CDEMO00.PAC	0x1	800121e0	316	06d9f8afcf731b03
CDEMO00.PAC	0x1	8001231c	40	5df525f2546652c3
CDEMO00.PAC	0x1	80012344	244	6b10787833bb8fd9
CDEMO00.PAC	0x1	80012438	68	9dca83bc45669f15
CDEMO00.PAC	0x1	8001247c	32	51e4c421b4a6cfd1
CDEMO00.PAC	0x1	8001249c	56	454981ce4335b3a0
CDEMO00.PAC	0x1	800124d4	32	20c3a8daad2ca1ef
CDEMO00.PAC	0x1	800124f4	136	9dc32577a62ce5a8
CDEMO00.PAC	0x1	8001257c	120	03e3ec282e11dd05
CDEMO00.PAC	0x1	800125f4	116	4fdec3d10ea20a63
CDEMO00.PAC	0x1	80012668	144	467275d2517ae21e
CDEMO00.PAC	0x1	800126f8	28	2641e24d8ddd3dc2
CDEMO00.PAC	0x1	80012714	636	30882950374091cd
CDEMO00.PAC	0x1	80012990	448	5097122ca8a382f8
CDEMO00.PAC	0x1	80012b50	64	36d10b5e7bf2e0d2
CDEMO00.PAC	0x1	80012b90	376	a8315b29e37d36a3
CDEMO00.PAC	0x1	80012d08	116	7532249fea0dbcfc
CDEMO00.PAC	0x1	80012d7c	80	e7cc7c2063606811
CDEMO00.PAC	0x1	80012dcc	32	20c3a8daad2ca1ef
CDEMO00.PAC	0x1	80012dec	372	9dca740de1eca033
CDEMO00.PAC	0x1	80012f60	188	f91041de9497a389
CDEMO00.PAC	0x1	8001301c	140	599c948bf8eea105
CDEMO00.PAC	0x1	800130a8	172	60fd1b0d7d6877e1
CDEMO00.PAC	0x1	80013154	120	9f74908dfda5fd1a
CDEMO00.PAC	0x1	800131cc	32	20c3a8daad2ca1ef
CDEMO00.PAC	0x1	800131ec	260	d00d5568a7886b64
CDEMO00.PAC	0x1	800132f0	92	6225dabcf5a161f5
CDEMO00.PAC	0x1	8001334c	32	20c3a8daad2ca1ef
CDEMO00.PAC	0x1	8001336c	148	421e9ffcb4c1326d
CDEMO00.PAC	0x1	80013400	64	36d10b5e7bf2e0d2
CDEMO00.PAC	0x1	80013440	396	dc97606c4a76152d
CDEMO00.PAC	0x1	800135cc	244	99f650e15fda447f
CDEMO00.PAC	0x1	800136c0	20	469ab567c4e2c3e0
CDEMO00.PAC	0x1	800136d4	32	20c3a8daad2ca1ef
CDEMO00.PAC	0x1	800136f4	64	36d10b5e7bf2e0d2
CDEMO00.PAC	0x1	80013734	296	437fa669f12258c6
CDEMO00.PAC	0x1	8001385c	72	16a817c923dac9f0
CDEMO00.PAC	0x1	800138a4	100	5ce749c5c6367561
CDEMO00.PAC	0x1	80013908	132	f8bebbe655f8a61d
CDEMO00.PAC	0x1	8001398c	48	1a01b19af73addbe
CDEMO00.PAC	0x1	800139bc	8	6d64edf91449c1b1
CDEMO00.PAC	0x1	800139c4	32	20c3a8daad2ca1ef
CDEMO00.PAC	0x1	800139e4	64	1559e07afd25c45a
CDEMO00.PAC	0x1	80013a24	8	6d64edf91449c1b1
CDEMO00.PAC	0x1	80013a2c	148	0ab27698fff87bf8
CDEMO00.PAC	0x1	80013ac0	236	e70742a6732c0c67
CDEMO00.PAC	0x1	80013bac	120	93e9265fa8448fec
CDEMO00.PAC	0x1	80013c24	384	9cc2846d364b80cf
CDEMO00.PAC	0x1	80013da4	292	749244b267950e08
CDEMO00.PAC	0x1	80013ec8	32	20c3a8daad2ca1ef
CDEMO00.PAC	0x1	80013ee8	144	1dbda21bac45aac2
CDEMO00.PAC	0x1	80013f78	1600	81229e916d90627c
CDEMO00.PAC	0x1	800145b8	84	febaee0386ebdd4e
CDEMO00.PAC	0x1	8001460c	132	e4852084d691e3a4
CDEMO00.PAC	0x1	80014690	132	c52f011337aba44e
CDEMO00.PAC	0x1	80014714	32	20c3a8daad2ca1ef
CDEMO00.PAC	0x1	80014734	32	20c3a8daad2ca1ef
CDEMO00.PAC	0x1	80014754	64	36d10b5e7bf2e0d2
CDEMO00.PAC	0x1	80014794	64	8c33c089170d1f9b
CDEMO00.PAC	0x1	800147d4	208	96e37d6174dcfdc8
CDEMO00.PAC	0x1	800148a4	200	02226612f4fa9580
CDEMO00.PAC	0x1	8001496c	92	d8a759c9e242271b
CDEMO00.PAC	0x1	800149c8	196	5dfac0ea23510dd9
CDEMO00.PAC	0x1	80014a8c	124	7f8793749eabfc4d
CDEMO00.PAC	0x1	80014b08	32	20c3a8daad2ca1ef
CDEMO00.PAC	0x1	80014b28	176	8139e70af277ed05
CDEMO00.PAC	0x1	80014bd8	100	2ec723f9ae9436e9
CDEMO00.PAC	0x1	80014c3c	80	06afb48ae285c8e9
CDEMO00.PAC	0x1	80014c8c	324	9ff635cdfc726e4b
CDEMO00.PAC	0x1	80014dd0	84	c9d843351fb4cc35
CDEMO00.PAC	0x1	80014e24	592	ff7c8f4c5b1bc197
CONT00.PAC	0x12	80010058	80	3134aa672ff70ef1
CONT00.PAC	0x12	800100a8	88	2ac14a6717e776af
CONT00.PAC	0x12	80010100	180	a042a8b547f118c8
CONT00.PAC	0x12	800101b4	32	724280f4d8aa7c8b
CONT00.PAC	0x12	800101d4	84	e400ad3d8f043988
CONT00.PAC	0x12	80010228	96	b3da93a34bbcd873
CONT00.PAC	0x12	80010288	500	4771cb0046f3b190
CONT00.PAC	0x12	8001047c	148	05e7c8bd3bd52cc8
CONT00.PAC	0x12	80010510	32	724280f4d8aa7c8b
CONT00.PAC	0x12	80010530	32	724280f4d8aa7c8b
CONT00.PAC	0x12	80010550	124	0e52cdd777938e47
CONT00.PAC	0x12	800105cc	144	3c7b4016f1468bb6
CONT00.PAC	0x12	8001065c	180	2afcbc8abb845a2f
CONT00.PAC	0x12	80010710	52	0cd8e58e48c75a1b
CONT00.PAC	0x12	80010744	144	e475a284c83ca3cd
CONT00.PAC	0x12	800107d4	92	6ccd181ed6887840
CONT00.PAC	0x12	80010830	328	a77f6e8d064417e9
CONT00.PAC	0x12	80010978	100	e4ec38455dc7e06e
CONT00.PAC	0x12	800109dc	184	097443c09f02b93d
CONT00.PAC	0x12	80010a94	100	7232b444d714c0cf
CONT00.PAC	0x12	80010af8	52	39f866ef716e3b06
CONT00.PAC	0x12	80010b2c	96	e1f94ae02babf7ec
CONT00.PAC	0x12	80010b8c	880	03a22a2ac75ab52f
CONT00.PAC	0x12	80010efc	276	2a4c13bddff86f81
CONT00.PAC	0x12	80011010	180	93c2ac40678dda95
CONT00.PAC	0x12	800110c4	88	1ac3369485c3cf13
CONT00.PAC	0x12	8001111c	116	6a0c941aed247dcd
CONT00.PAC	0x12	80011190	268	a503172cae14b62a
CONT00.PAC	0x12	8001129c	188	aa8c2a986a1b7126
CONT00.PAC	0x12	80011358	140	60ca2f5c36103418
CONT00.PAC	0x12	800113e4	676	ef04035db87cad94
CONT00.PAC	0x12	80011688	260	35c9cdac9df5f858
CONT00.PAC	0x12	8001178c	32	724280f4d8aa7c8b
CONT00.PAC	0x12	800117ac	64	36d10b5e7bf2e0d2
CONT00.PAC	0x12	800117ec	260	f9fcc5b545198f48
CONT00.PAC	0x12	800118f0	124	7ee2f87ffdce7098
CONT00.PAC	0x12	8001196c	96	f076edc8f1be76eb
CONT00.PAC	0x12	800119cc	44	b7b119979cc76c3a
CONT00.PAC	0x12	800119f8	88	a4926e559c712e2d
CONT00.PAC	0x12	80011a50	8	6d64edf91449c1b1
CONT00.PAC	0x12	80011a58	32	20c3a8daad2ca1ef
CONT00.PAC	0x12	80011a78	352	2980bee77a5ad0a8
CONT00.PAC	0x12	80011bd8	304	7039b7d5481617ba
CONT00.PAC	0x12	80011d08	100	aa6997c10299f0e7
CONT00.PAC	0x12	80011d6c	236	cc8cca77044d87c6
CONT00.PAC	0x12	80011e58	76	6dc1e5330ab65d45
CONT00.PAC	0x12	80011ea4	32	20c3a8daad2ca1ef
CONT00.PAC	0x12	80011ec4	64	36d10b5e7bf2e0d2
CONT00.PAC	0x12	80011f04	280	745727661af794dc
CONT00.PAC	0x12	8001201c	160	6355eba2fa1edabe
CONT00.PAC	0x12	800120bc	116	4d800f5498e99805
CONT00.PAC	0x12	80012130	116	0f3bf82983cf510b
CONT00.PAC	0x12	800121a4	32	20c3a8daad2ca1ef
CONT00.PAC	0x12	800121c4	8	6d64edf91449c1b1
CONT00.PAC	0x12	800121cc	32	20c3a8daad2ca1ef
CONT00.PAC	0x12	800121ec	96	9f702033f22e6a26
CONT00.PAC	0x12	8001224c	128	868fb55479130458
CONT00.PAC	0x12	800122cc	80	19ceecf1f570592f
CONT00.PAC	0x12	8001231c	196	8155b40c89575341
CONT00.PAC	0x12	800123e0	284	44ec4421d6c9cdcb
CONT00.PAC	0x12	800124fc	800	fc75c434f43b2b38
CONT00.PAC	0x12	8001281c	152	d2caad7a90b32b13
CONT00.PAC	0x12	800128b4	144	552aebb3bc327be9
CONT00.PAC	0x12	80012944	64	8c33c089170d1f9b
CONT00.PAC	0x12	80012984	96	ebd1afd168684e1f
CONT00.PAC	0x12	800129e4	8	6d64edf91449c1b1
CONT00.PAC	0x12	800129ec	32	20c3a8daad2ca1ef
CONT00.PAC	0x12	80012a0c	336	e5bc33bb41d54e9f
CONT00.PAC	0x12	80012b5c	216	f4660dad796a82ec
CONT00.PAC	0x12	80012c34	168	f093a26ae386de67
CONT00.PAC	0x12	80012cdc	148	d63b37f6e009292c
CONT00.PAC	0x12	80012d70	32	20c3a8daad2ca1ef
CONT00.PAC	0x12	80012d90	156	0fb3ad07ee9fbb96
CONT00.PAC	0x12	80012e2c	64	36d10b5e7bf2e0d2
CONT00.PAC	0x12	80012e6c	68	36577bf61f472c2e
CONT00.PAC	0x12	80012eb0	148	16e205a413d12af4
CONT00.PAC	0x12	80012f44	32	20c3a8daad2ca1ef
CONT00.PAC	0x12	80012f64	540	6278ddcdea7bdce5
CONT00.PAC	0x12	80013180	164	672cc1766979ad68
CONT00.PAC	0x12	80013224	556	9ba1054d23a83019
CONT00.PAC	0x12	80013450	440	4a61a81e3ad83df1
CONT00.PAC	0x12	80013608	84	464508d3881bbd26
CONT00.PAC	0x12	8001365c	84	078c63144300568a
CONT00.PAC	0x12	800136b0	88	8ee05488ccce702a
CONT00.PAC	0x12	80013708	372	3c402757dd81f1ee
CONT00.PAC	0x12	8001387c	80	3f4253f25f768ec8
CONT00.PAC	0x12	800138cc	368	382174b0e1898372
CONT00.PAC	0x12	80013a3c	288	36fe5f513dc63e0f
CONT00.PAC	0x12	80013b5c	144	ff05173108819c9a
CONT00.PAC	0x12	80013bec	136	5399e5634185c3d3
CONT00.PAC	0x12	80013c74	132	83c9903283b2e1c0
CONT00.PAC	0x12	80013cf8	136	bf9c382458dc2c02
CONT00.PAC	0x12	80013d80	132	2015903502fb41f3
CONT00.PAC	0x12	80013e04	32	8e8e3d85e0fcbf5c
CONT00.PAC	0x12	80013e24	180	43510b3e91c92dc5
CONT00.PAC	0x12	80013ed8	388	aff9e6a655d56020
CONT00.PAC	0x12	8001405c	108	355f0affd9495ac5
CONT00.PAC	0x12	800140c8	108	5f0f1a2813cd8edc
CONT00.PAC	0x12	80014134	112	eea7503f880a01f9
CONT00.PAC	0x12	800141a4	32	724280f4d8aa7c8b
CONT00.PAC	0x12	800141c4	68	4a6f7a75d65134bc
CONT00.PAC	0x12	80014208	96	b10c60607ef33f7c
CONT00.PAC	0x12	80014268	24	1158efb71389a4f3
CONT00.PAC	0x12	80014280	8	6d64edf91449c1b1
CONT00.PAC	0x12	80014288	120	515a68be45afd992
CONT00.PAC	0x12	80014300	308	321d0788c3b238f5
CONT00.PAC	0x12	80014434	196	8b6179bc8744f15c
CONT00.PAC	0x12	800144f8	604	456dba2a13888a0a
CONT00.PAC	0x12	80014754	176	a77422ee6a2a779d
CONT00.PAC	0x12	80014804	176	7ec6b24503218eff
CONT00.PAC	0x12	800148b4	64	36d10b5e7bf2e0d2
CONT00.PAC	0x12	800148f4	316	3de3bccb83e54d24
CONT00.PAC	0x12	80014a30	8	6d64edf91449c1b1
CONT00.PAC	0x12	80014a38	124	51d13d72af49e9f6
CONT00.PAC	0x12	80014ab4	64	8c33c089170d1f9b
CONT00.PAC	0x12	80014af4	44	3b637d010e4919ac
CONT00.PAC	0x12	80014b20	96	9d20b08e034efa52
CONT00.PAC	0x12	80014b80	84	142c1e8fe361070a
CONT00.PAC	0x12	80014bd4	80	b156d5c69e29efda
CONT00.PAC	0x12	80014c24	88	5e245a700bd33a64
CONT00.PAC	0x12	80014c7c	140	4a4cc69f8f1fc7e3
CONT00.PAC	0x12	80014d08	104	d77c63e5441bd3ec
CONT00.PAC	0x12	80014d70	64	b5a56d1c86e641dc
CONT00.PAC	0x12	80014db0	32	20c3a8daad2ca1ef
CONT00.PAC	0x12	80014dd0	96	f3f6c3d5a894f62c
CONT00.PAC	0x12	80014e30	64	36d10b5e7bf2e0d2
CONT00.PAC	0x12	80014e70	236	d1d061acb5232c4c
CONT00.PAC	0x12	80014f5c	224	7f8f352646e0eecd
CONT00.PAC	0x12	8001503c	32	20c3a8daad2ca1ef
CONT00.PAC	0x12	8001505c	392	c906e63e00baaf8c
CONT00.PAC	0x12	800151e4	208	bf14d56c352e2086
CONT00.PAC	0x12	800152b4	128	1a12affbd32ceb57
CONT00.PAC	0x12	80015334	140	9366bb1ee0f85ffa
CONT00.PAC	0x12	800153c0	108	87e82caba8cc8841
CONT00.PAC	0x12	8001542c	32	20c3a8daad2ca1ef
CONT00.PAC	0x12	8001544c	64	8c33c089170d1f9b
CONT00.PAC	0x12	8001548c	44	a11f8be527b450cd
CONT00.PAC	0x12	800154b8	64	8c33c089170d1f9b
CONT00.PAC	0x12	800154f8	84	fb67734022a25865
CONT00.PAC	0x12	8001554c	160	c21973c2de4562ca
CONT00.PAC	0x12	800155ec	64	8c33c089170d1f9b
CONT00.PAC	0x12	8001562c	112	6cb1f52e6ba4629a
CONT00.PAC	0x12	8001569c	392	eab5d3d8feb3990d
CONT00.PAC	0x12	80015824	44	e1547ff693d82b56
CONT00.PAC	0x12	80015850	96	8792686c596360a7
CONT00.PAC	0x12	800158b0	96	cfdab6cb75567953
CONT00.PAC	0x12	80015910	172	aefb293b352e1513
CONT00.PAC	0x12	800159bc	468	f6e81dda0cef25c9
CONT00.PAC	0x12	80015b90	620	891634a704b771ba
CONT00.PAC	0x12	80015dfc	260	970bf08a0c857014
CONT00.PAC	0x12	80015f00	212	d5cb93231a79110d
CONT00.PAC	0x12	80015fd4	152	df6c16b64efea8b2
CONT00.PAC	0x12	8001606c	384	cd5effa8744a2261
CONT00.PAC	0x12	800161ec	168	fc846047fac248b4
CONT00.PAC	0x12	80016294	148	bbf52b2260c90f5d
CONT00.PAC	0x12	80016328	64	36d10b5e7bf2e0d2
CONT00.PAC	0x12	80016368	368	e9b8e1c1b1b3c6a6
CONT00.PAC	0x12	800164d8	208	29156e076064191e
CONT00.PAC	0x12	800165a8	140	0da1d0f31f63fa7a
CONT00.PAC	0x12	80016634	44	e1547ff693d82b56
CONT00.PAC	0x12	80016660	32	20c3a8daad2ca1ef
CONT00.PAC	0x12	80016680	80	761a51516b816a02
CONT00.PAC	0x12	800166d0	404	956d8a5ef4e3c05b
CONT00.PAC	0x12	80016864	536	053f681e2a81f7ff
CONT00.PAC	0x12	80016a7c	116	704f55893f51b5a4
CONT00.PAC	0x12	80016af0	352	d5f60f65bc730cda
CONT00.PAC	0x12	80016c50	100	e8a30d0ab70ad6d5
CONT00.PAC	0x12	80016cb4	228	e6c55b7ef845afcc
CONT00.PAC	0x12	80016d98	76	672fc4ab4fb18627
CONT00.PAC	0x12	80016de4	64	95a1ab14da4ae4f5
CONT00.PAC	0x12	80016e24	84	4f95e8e1663fba74
CONT00.PAC	0x12	80016e78	104	2dba65aa6baeb1be
CONT00.PAC	0x12	80016ee0	88	c8d4d967cca29e61
CONT00.PAC	0x12	80016f38	104	dfebc35031e8273e
CONT00.PAC	0x12	80016fa0	84	febaee0386ebdd4e
CONT00.PAC	0x12	80016ff4	472	782a968674a5a260
CONT00.PAC	0x12	800171cc	44	7bebf10178b71834
CONT00.PAC	0x12	800171f8	96	88813b70be49f5cd
CONT00.PAC	0x12	80017258	36	70c7509e570163b6
CONT00.PAC	0x12	8001727c	84	4073d8632ae3ab94
CONT00.PAC	0x12	800172d0	100	0dcac8e1f54e910a
CONT00.PAC	0x12	80017334	180	d3c84d29d29bebaf
CONT00.PAC	0x12	800173e8	32	20c3a8daad2ca1ef
CONT00.PAC	0x12	80017408	64	36d10b5e7bf2e0d2
CONT00.PAC	0x12	80017448	116	4ce776ed1bab67b9
CONT00.PAC	0x12	800174bc	100	19a1a8a5ce2d5e02
CONT00.PAC	0x12	80017520	32	20c3a8daad2ca1ef
DEMO.PAC	0xf	800df378	424	ab577731ec58b95f
DEMO.PAC	0xf	800df520	116	2a09becdb8ea60e1
DEMO.PAC	0xf	800df594	120	99a259d608e100cc
DEMO.PAC	0xf	800df60c	72	21b021f824327d6f
DEMO.PAC	0xf	800df654	164	7b021a42892987dd
DEMO.PAC	0xf	800df6f8	88	0cc1243857924488
DEMO.PAC	0xf	800df750	156	a352ad9be0a83039
DEMO.PAC	0xf	800df7ec	36	7afcdb7589619318
DEMO.PAC	0xf	800df810	72	cb214aad0e4d87fc
DEMO.PAC	0xf	800df858	88	5c9e97afd89e7b87
DEMO.PAC	0xf	800df8b0	32	20c3a8daad2ca1ef
DEMO.PAC	0xf	800df8d0	32	20c3a8daad2ca1ef
DEMO.PAC	0xf	800df8f0	32	20c3a8daad2ca1ef
DEMO.PAC	0xf	800df910	72	80b71fc5862ecac3
DEMO.PAC	0xf	800df958	60	218130b38a876191
DEMO.PAC	0xf	800df994	88	d4d49d796db23839
DEMO.PAC	0xf	800df9ec	24	2d67f5d88125ba5a
DEMO.PAC	0xf	800dfa04	60	89ecb266676a28a1
DEMO.PAC	0xf	800dfa40	160	afdc91ca3ad1fcdd
DEMO.PAC	0xf	800dfae0	152	e9202bff4fa6abf6
DEMO.PAC	0xf	800dfb78	32	ed5150ad523fe2d5
DEMO.PAC	0xf	800dfb98	72	80b71fc5862ecac3
DEMO.PAC	0xf	800dfbe0	72	4cffffbd75d39c83
DEMO.PAC	0xf	800dfc28	68	749429e02d30697b
DEMO.PAC	0xf	800dfc6c	180	d78942eb15d8f092
DEMO.PAC	0xf	800dfd20	448	2be370cc0c7e76e4
DEMO.PAC	0xf	800dfee0	64	3805156175692143
DEMO.PAC	0xf	800dff20	48	1f2e472b9be4d676
DEMO.PAC	0xf	800dff50	52	68b6c2efd64a53cd
DEMO.PAC	0xf	800dff84	52	cf2c4171962522a0
DEMO.PAC	0xf	800dffb8	32	20c3a8daad2ca1ef
DEMO.PAC	0xf	800dffd8	52	d6aa9ed0f7c7cfb5
DEMO.PAC	0xf	800e000c	64	3585ea37f8b465d6
DEMO.PAC	0xf	800e004c	80	60421707e7818db5
DEMO.PAC	0xf	800e009c	180	ea5604f5e3730e66
DEMO.PAC	0xf	800e0150	72	80b71fc5862ecac3
DEMO.PAC	0xf	800e0198	72	4cffffbd75d39c83
DEMO.PAC	0xf	800e01e0	544	b53583787d75f8c1
DEMO.PAC	0xf	800e0400	168	14e22ea0445a902a
DEMO.PAC	0xf	800e04a8	184	5ea973c6015705b4
DEMO.PAC	0xf	800e0560	64	1a8a83d18a392275
DEMO.PAC	0xf	800e05a0	160	7b5164d81d36fc36
DEMO.PAC	0xf	800e0640	120	052f299e990fa63a
DEMO.PAC	0xf	800e06b8	204	224ff0e40b684575
DEMO.PAC	0xf	800e0784	52	bbc74970b7c920de
DEMO.PAC	0xf	800e07b8	152	674371e70c694145
DEMO.PAC	0xf	800e0850	460	e51843e668ffbd97
DEMO.PAC	0xf	800e0a1c	300	ab25d3d51bd1231b
DEMO.PAC	0xf	800e0b48	172	c1d4788ef82d3716
DEMO.PAC	0xf	800e0bf4	316	3e7027fc89a47677
DEMO.PAC	0xf	800e0d30	120	767cfa24320b1d0a
DEMO.PAC	0xf	800e0da8	388	9b817da3b626fa05
DEMO.PAC	0xf	800e0f2c	232	1ae142397856c70a
DEMO.PAC	0xf	800e1014	96	78c2a9365398a7fd
DEMO.PAC	0xf	800e1074	116	ba41af5dbb7c790c
DEMO.PAC	0xf	800e10e8	96	9827f7d444cba244
DEMO.PAC	0xf	800e1148	84	84d0d0c2d74bf10e
DEMO.PAC	0xf	800e119c	72	b45234040e449301
DEMO.PAC	0xf	800e11e4	108	6df2def7f7db343d
DEMO.PAC	0xf	800e1250	124	5769829ef21334ec
DEMO.PAC	0xf	800e12cc	124	5769829ef21334ec
DEMO.PAC	0xf	800e1348	148	6c87bfdea352dfc5
DEMO.PAC	0xf	800e13dc	144	4f74dd8af91f1b39
DEMO.PAC	0xf	800e146c	276	4ddbf7c959476ab1
DEMO.PAC	0xf	800e1580	152	7d6f554e2d89ae0f
DEMO.PAC	0xf	800e1618	40	ec3e51392e0bba3b
DEMO.PAC	0xf	800e1640	180	4984ff66c637f9fa
DEMO.PAC	0xf	800e16f4	40	72a872bb0d83d0c3
DEMO.PAC	0xf	800e171c	272	5a4f9087b053c7ab
DEMO.PAC	0xf	800e182c	64	dfb8845b67145079
DEMO.PAC	0xf	800e186c	80	8d9625dc35ad0aa6
DEMO.PAC	0xf	800e18bc	168	8ca6401e1410016b
DEMO.PAC	0xf	800e1964	172	50c6e0232f8df97a
DEMO.PAC	0xf	800e1a10	136	127b1933bf66e91d
DEMO.PAC	0xf	800e1a98	92	5740aa700817abf6
DEMO.PAC	0xf	800e1af4	64	dfb8845b67145079
DEMO.PAC	0xf	800e1b34	80	3c6b956f6746363c
DEMO.PAC	0xf	800e1b84	128	f29517cf2f924626
DEMO.PAC	0xf	800e1c04	64	dfb8845b67145079
DEMO.PAC	0xf	800e1c44	44	31d1dd2f94b9b8ca
DEMO.PAC	0xf	800e1c70	188	13db89e4cb814d2c
DEMO.PAC	0xf	800e1d2c	128	f29517cf2f924626
DEMO.PAC	0xf	800e1dac	76	69cff4379f81ae9a
DEMO.PAC	0xf	800e1df8	8	6e3327599a9794f3
DEMO.PAC	0xf	800e1e00	64	1bde58b75d47bba1
DEMO.PAC	0xf	800e1e40	152	bbd755e232b85e29
DEMO.PAC	0xf	800e1ed8	92	02ecaa4ed5ccb947
DEMO.PAC	0xf	800e1f34	32	20c3a8daad2ca1ef
DEMO.PAC	0xf	800e1f54	32	20c3a8daad2ca1ef
DEMO.PAC	0xf	800e1f74	76	cea7f8f340181cab
DEMO.PAC	0xf	800e1fc0	200	276e75cdb42632e2
DEMO.PAC	0xf	800e2088	92	02ecaa4ed5ccb947
DEMO.PAC	0xf	800e20e4	76	cea7f8f340181cab
DEMO.PAC	0xf	800e2130	200	276e75cdb42632e2
DEMO.PAC	0xf	800e21f8	92	02ecaa4ed5ccb947
DEMO.PAC	0xf	800e2254	76	cea7f8f340181cab
DEMO.PAC	0xf	800e22a0	136	9342abc4be0e6c6e
DEMO.PAC	0xf	800e2328	32	87ecef0132e4e6a5
DEMO.PAC	0xf	800e2348	336	4d5f2cd79e3a0239
DEMO.PAC	0xf	800e2498	184	481d26bfcd650c6c
DEMO.PAC	0xf	800e2550	144	b621dcd122334741
DEMO.PAC	0xf	800e25e0	236	721255a1c284bb1c
DEMO.PAC	0xf	800e26cc	216	141a0db9d5cc8c32
DEMO.PAC	0xf	800e27a4	72	4cffffbd75d39c83
DEMO.PAC	0xf	800e27ec	148	441b25aa97c216a1
DEMO.PAC	0xf	800e2880	228	5a1cfb614b304362
DEMO.PAC	0xf	800e2964	240	a6255458c2940800
DEMO.PAC	0xf	800e2a54	208	c9b25397356b339a
DEMO.PAC	0xf	800e2b24	200	5e8a3f5557624248
DEMO.PAC	0xf	800e2bec	240	7d5c496774328244
DEMO.PAC	0xf	800e2cdc	240	a6255458c2940800
DEMO.PAC	0xf	800e2dcc	120	c4acd8562287762f
DEMO.PAC	0xf	800e2e44	120	c4acd8562287762f
DEMO.PAC	0xf	800e2ebc	120	c4acd8562287762f
DEMO.PAC	0xf	800e2f34	152	c9876f6f420fc4be
DEMO.PAC	0xf	800e2fcc	520	388d17b0205afdc0
DEMO.PAC	0xf	800e31d4	264	bf4d14087afcd63e
DEMO.PAC	0xf	800e32dc	412	deee33d1ba5b6267
DEMO.PAC	0xf	800e3478	796	9c8c55dfa0d808ef
DEMO.PAC	0xf	800e3794	8	6d64edf91449c1b1
DEMO.PAC	0xf	800e379c	8	6d64edf91449c1b1
DEMO.PAC	0xf	800e37a4	132	d03079d21351e2d3
DEMO.PAC	0xf	800e3828	140	c54cce60bf9a477d
DEMO.PAC	0xf	800e38b4	352	8c0a10e0ad6128b3
DEMO.PAC	0xf	800e3a14	260	b0ee060fcf3c0b70
DEMO.PAC	0xf	800e3b18	72	0f30c9bd92c7e15a
DEMO.PAC	0xf	800e3b60	544	5de564fb7e45863f
DEMO.PAC	0xf	800e3d80	32	88ba92d860541a5f
DEMO.PAC	0xf	800e3da0	2656	8b3f3edeea82ca5c
DEMO.PAC	0xf	800e4800	60	82f9532900debc1c
DEMO.PAC	0xf	800e483c	332	8453d6cf638c1d09
DEMO.PAC	0xf	800e4988	296	b56dafc55ee25d56
DEMO.PAC	0xf	800e4ab0	608	5d9f1797c419f2d8
DEMO.PAC	0xf	800e4d10	80	ccaabb39e0d2c5d8
DEMO.PAC	0xf	800e4d60	84	520a96cd56b73458
DEMO.PAC	0xf	800e4db4	380	ed701fd03be963b6
DEMO.PAC	0xf	800e4f30	376	7b915f742a7fd3bf
DEMO.PAC	0xf	800e50a8	288	36fe5f513dc63e0f
DEMO.PAC	0xf	800e51c8	144	ff05173108819c9a
DEMO.PAC	0xf	800e5258	136	5399e5634185c3d3
DEMO.PAC	0xf	800e52e0	132	83c9903283b2e1c0
DEMO.PAC	0xf	800e5364	136	bf9c382458dc2c02
DEMO.PAC	0xf	800e53ec	132	2015903502fb41f3
DEMO.PAC	0xf	800e5470	408	5d664b2f1926cd36
DEMO.PAC	0xf	800e5608	32	8e8e3d85e0fcbf5c
DEMO.PAC	0xf	800e5628	128	20d9ab9da7c7401a
DEMO.PAC	0xf	800e56a8	108	8e6c1a56e7c01b78
DEMO.PAC	0xf	800e5714	160	08d288b29ba6c9de
DEMO.PAC	0xf	800e57b4	68	4ee466c628893dff
DEMO.PAC	0xf	800e57f8	100	de2b0d3287ea8e27
DEMO.PAC	0xf	800e585c	24	1158efb71389a4f3
DEMO.PAC	0xf	800e5874	84	a9da6618b8f51b67
DEMO.PAC	0xf	800e58c8	176	a77422ee6a2a779d
DEMO.PAC	0xf	800e5978	176	7ec6b24503218eff
DEMO.PAC	0xf	800e5a28	116	05c72eab503449ed
DEMO.PAC	0xf	800e5a9c	72	a5f6a9c11ecc163d
DEMO.PAC	0xf	800e5ae4	76	aa2323acfb7665b9
DEMO.PAC	0xf	800e5b30	180	43510b3e91c92dc5
DEMO.PAC	0xf	800e5be4	308	321d0788c3b238f5
DEMO.PAC	0xf	800e5d18	196	8b6179bc8744f15c
DEMO.PAC	0xf	800e5ddc	604	456dba2a13888a0a
DEMO.PAC	0xf	800e6038	64	36d10b5e7bf2e0d2
DEMO.PAC	0xf	800e6078	324	5a5e24b90a350fa5
DEMO.PAC	0xf	800e61bc	8	6d64edf91449c1b1
DEMO.PAC	0xf	800e61c4	124	51d13d72af49e9f6
DEMO.PAC	0xf	800e6240	64	8c33c089170d1f9b
DEMO.PAC	0xf	800e6280	44	1361b10fd0873bf2
DEMO.PAC	0xf	800e62ac	8	6d64edf91449c1b1
DEMO.PAC	0xf	800e62b4	8	6d64edf91449c1b1
DEMO.PAC	0xf	800e62bc	8	6d64edf91449c1b1
DEMO.PAC	0xf	800e62c4	8	6d64edf91449c1b1
DEMO.PAC	0xf	800e62cc	8	6d64edf91449c1b1
DEMO.PAC	0xf	800e62d4	8	6d64edf91449c1b1
DEMO.PAC	0xf	800e62dc	108	02c250e77ea89836
DEMO.PAC	0xf	800e6348	104	d77c63e5441bd3ec
DEMO.PAC	0xf	800e63b0	64	b5a56d1c86e641dc
DEMO.PAC	0xf	800e63f0	32	20c3a8daad2ca1ef
DEMO.PAC	0xf	800e6410	96	f3f6c3d5a894f62c
DEMO.PAC	0xf	800e6470	64	36d10b5e7bf2e0d2
DEMO.PAC	0xf	800e64b0	368	426dc7303e972ad3
DEMO.PAC	0xf	800e6620	204	777c4683c1cffe39
DEMO.PAC	0xf	800e66ec	32	20c3a8daad2ca1ef
DEMO.PAC	0xf	800e670c	80	761a51516b816a02
DEMO.PAC	0xf	800e675c	280	db3700dc35e65cc4
DEMO.PAC	0xf	800e6874	116	704f55893f51b5a4
DEMO.PAC	0xf	800e68e8	352	d5f60f65bc730cda
DEMO.PAC	0xf	800e6a48	100	e8a30d0ab70ad6d5
DEMO.PAC	0xf	800e6aac	224	d306d2eb3b3794c8
DEMO.PAC	0xf	800e6b8c	76	672fc4ab4fb18627
DEMO.PAC	0xf	800e6bd8	64	95a1ab14da4ae4f5
DEMO.PAC	0xf	800e6c18	92	a58940a152aa0296
DEMO.PAC	0xf	800e6c74	112	af8dcdb8a7144d9d
DEMO.PAC	0xf	800e6ce4	96	8ba1743e63338769
DEMO.PAC	0xf	800e6d44	112	d3e17787fcc2de40
DEMO.PAC	0xf	800e6db4	8	6d64edf91449c1b1
DEMO.PAC	0xf	800e6dbc	64	8c33c089170d1f9b
DEMO.PAC	0xf	800e6dfc	272	0aa3d1d367aaa638
DEMO.PAC	0xf	800e6f0c	32	20c3a8daad2ca1ef
DEMO.PAC	0xf	800e6f2c	64	36d10b5e7bf2e0d2
DEMO.PAC	0xf	800e6f6c	116	4ce776ed1bab67b9
DEMO.PAC	0xf	800e6fe0	100	19a1a8a5ce2d5e02
DEMO.PAC	0xf	800e7044	32	20c3a8daad2ca1ef
DEMO.PAC	0xf	800e7064	392	c906e63e00baaf8c
DEMO.PAC	0xf	800e71ec	208	bf14d56c352e2086
DEMO.PAC	0xf	800e72bc	256	19c93951633c1fbf
DEMO.PAC	0xf	800e73bc	128	227d4317413e3a2b
DEMO.PAC	0xf	800e743c	108	87e82caba8cc8841
DEMO.PAC	0xf	800e74a8	32	20c3a8daad2ca1ef
DEMO.PAC	0xf	800e74c8	64	8c33c089170d1f9b
DEMO.PAC	0xf	800e7508	44	a11f8be527b450cd
DEMO.PAC	0xf	800e7534	64	8c33c089170d1f9b
DEMO.PAC	0xf	800e7574	120	80ca8774da539d68
DEMO.PAC	0xf	800e75ec	160	c21973c2de4562ca
DEMO.PAC	0xf	800e768c	124	3d824b132c105ae1
DEMO.PAC	0xf	800e7708	64	8c33c089170d1f9b
DEMO.PAC	0xf	800e7748	364	89e77f3ad4e4cc96
DEMO.PAC	0xf	800e78b4	44	e1547ff693d82b56
DEMO.PAC	0xf	800e78e0	96	8792686c596360a7
DEMO.PAC	0xf	800e7940	96	cfdab6cb75567953
DEMO.PAC	0xf	800e79a0	172	aefb293b352e1513
DEMO.PAC	0xf	800e7a4c	468	f6e81dda0cef25c9
DEMO.PAC	0xf	800e7c20	620	891634a704b771ba
DEMO.PAC	0xf	800e7e8c	260	970bf08a0c857014
DEMO.PAC	0xf	800e7f90	212	d5cb93231a79110d
DEMO.PAC	0xf	800e8064	136	f46a0e83e185c95d
DEMO.PAC	0xf	800e80ec	384	cd5effa8744a2261
DEMO.PAC	0xf	800e826c	168	fc846047fac248b4
DEMO.PAC	0xf	800e8314	148	bbf52b2260c90f5d
END00.PAC	0x28	80013834	32	20c3a8daad2ca1ef
END00.PAC	0x28	80013854	72	6643da15d1586f53
END00.PAC	0x28	8001389c	144	1d308a793e1c085d
END00.PAC	0x28	8001392c	68	af75c1b9e5e09355
END00.PAC	0x28	80013970	8	6d64edf91449c1b1
END00.PAC	0x28	80013978	72	782a5f7592ffb595
END00.PAC	0x28	800139c0	64	157dd7610e807fd8
END00.PAC	0x28	80013a00	32	20c3a8daad2ca1ef
END00.PAC	0x28	80013a20	92	1b699c6f0fda593c
END00.PAC	0x28	80013a7c	92	92f8615e48953130
END00.PAC	0x28	80013ad8	144	ee95805e67b25e7f
END00.PAC	0x28	80013b68	52	39f866ef716e3b06
END00.PAC	0x28	80013b9c	156	9a78583b8eafb80e
END00.PAC	0x28	80013c38	136	bda0ad7595a53686
END00.PAC	0x28	80013cc0	156	b10ea30b4ceb300c
END00.PAC	0x28	80013d5c	48	6035eae7bd7a6cf2
END00.PAC	0x28	80013d8c	56	d30239a7a066cb85
END00.PAC	0x28	80013dc4	148	36dad110e413488a
END00.PAC	0x28	80013e58	72	fac11b02280b40f4
END00.PAC	0x28	80013ea0	664	bd1175400e7573e3
END00.PAC	0x28	80014138	212	f40594bcb700c9f8
END00.PAC	0x28	8001420c	60	b9263568894b7cc0
END00.PAC	0x28	80014248	88	a4256ce4462821c4
END00.PAC	0x28	800142a0	52	95cc54ec8613d25f
END00.PAC	0x28	800142d4	80	b003a3a6b9b7276c
END00.PAC	0x28	80014324	196	d1a064e70e9b2b5e
END00.PAC	0x28	800143e8	100	e0fd2017f992bae8
END00.PAC	0x28	8001444c	200	c1e53ee07b81ae64
END00.PAC	0x28	80014514	144	de365cbe144ce33f
END00.PAC	0x28	800145a4	80	b003a3a6b9b7276c
END00.PAC	0x28	800145f4	132	22155fa11d233421
END00.PAC	0x28	80014678	100	e0fd2017f992bae8
END00.PAC	0x28	800146dc	136	cd80c7b5663a4213
END00.PAC	0x28	80014764	80	88d8b5feb4b2e7bc
END00.PAC	0x28	800147b4	104	ca38f58aae7c86a9
END00.PAC	0x28	8001481c	56	63be90c82594d279
END00.PAC	0x28	80014854	48	a568528da21d0a18
END00.PAC	0x28	80014884	64	36d10b5e7bf2e0d2
END00.PAC	0x28	800148c4	20	469ab567c4e2c3e0
END00.PAC	0x28	800148d8	120	8b04e4e65d21ca4c
END00.PAC	0x28	80014950	8	6d64edf91449c1b1
END00.PAC	0x28	80014958	72	fac11b02280b40f4
END00.PAC	0x28	800149a0	952	cfc2caff7604aee1
END00.PAC	0x28	80014d58	60	b9263568894b7cc0
END00.PAC	0x28	80014d94	88	a4256ce4462821c4
END00.PAC	0x28	80014dec	52	95cc54ec8613d25f
END00.PAC	0x28	80014e20	64	c3a2510e0e4a84ce
END00.PAC	0x28	80014e60	104	6182fc80c95def5e
END00.PAC	0x28	80014ec8	84	7add66ff47a97f3e
END00.PAC	0x28	80014f1c	100	a2e673cd721cd4ab
END00.PAC	0x28	80014f80	88	26630698b5ac33c9
END00.PAC	0x28	80014fd8	80	9f0e447ffae22063
END00.PAC	0x28	80015028	192	22bfbe1ce3595658
END00.PAC	0x28	800150e8	88	dc8edb50630e54fb
END00.PAC	0x28	80015140	112	1d3f1b82347dc5b2
END00.PAC	0x28	800151b0	352	822f27a108760d8a
END00.PAC	0x28	80015310	100	c8a8eee7052da972
END00.PAC	0x28	80015374	716	e2ffc151d4be316a
END00.PAC	0x28	80015640	56	25c7b958a05d5682
END00.PAC	0x28	80015678	56	57e6fe00bae14ff7
END00.PAC	0x28	800156b0	116	ac72de505e8f7066
END00.PAC	0x28	80015724	64	2c5349e4030630fb
END00.PAC	0x28	80015764	104	ca38f58aae7c86a9
END00.PAC	0x28	800157cc	80	1b458701aaf2fe9e
END00.PAC	0x28	8001581c	48	a568528da21d0a18
END00.PAC	0x28	8001584c	144	a4eac5b2e83b2209
END00.PAC	0x28	800158dc	64	36d10b5e7bf2e0d2
END00.PAC	0x28	8001591c	92	dad263f048db3541
END00.PAC	0x28	80015978	64	32a11589aa197860
END00.PAC	0x28	800159b8	92	d8a759c9e242271b
END00.PAC	0x28	80015a14	84	aa8cfde987720627
END00.PAC	0x28	80015a68	8	6d64edf91449c1b1
END00.PAC	0x28	80015a70	84	febaee0386ebdd4e
END00.PAC	0x28	80015ac4	88	cb2ef4a35cca1fce
END00.PAC	0x28	80015b1c	52	3fed3b8ad1f48e30
END00.PAC	0x28	80015b50	204	91a5a0c93aa7f447
END00.PAC	0x28	80015c1c	128	65847d41288adc87
END00.PAC	0x28	80015c9c	92	e7fba66b1d5e11f6
END00.PAC	0x28	80015cf8	60	950f4fe2626c8bf1
END00.PAC	0x28	80015d34	8	6d64edf91449c1b1
END00.PAC	0x28	80015d3c	88	c7cdc0a5f1f329c5
END00.PAC	0x28	80015d94	168	397f6e3a1a750750
END00.PAC	0x28	80015e3c	8	6d64edf91449c1b1
END00.PAC	0x28	80015e44	32	20c3a8daad2ca1ef
END00.PAC	0x28	80015e64	64	36d10b5e7bf2e0d2
END00.PAC	0x28	80015ea4	56	1eb885c073ec041d
END00.PAC	0x28	80015edc	84	8ecaf776292006a7
END00.PAC	0x28	80015f30	32	20c3a8daad2ca1ef
END00.PAC	0x28	80015f50	124	4ea28d8ecd7d29de
END00.PAC	0x28	80015fcc	48	6035eae7bd7a6cf2
END00.PAC	0x28	80015ffc	32	1bc885dab680cca5
END00.PAC	0x28	8001601c	216	d0af02c1d9852e64
END00.PAC	0x28	800160f4	72	fac11b02280b40f4
END00.PAC	0x28	8001613c	1028	5f2c0fed80736c46
END00.PAC	0x28	80016540	60	b9263568894b7cc0
END00.PAC	0x28	8001657c	88	a4256ce4462821c4
END00.PAC	0x28	800165d4	52	95cc54ec8613d25f
END00.PAC	0x28	80016608	80	b003a3a6b9b7276c
END00.PAC	0x28	80016658	384	da61966f888d9ae3
END00.PAC	0x28	800167d8	80	b003a3a6b9b7276c
END00.PAC	0x28	80016828	128	373b2651b94d115f
END00.PAC	0x28	800168a8	80	b003a3a6b9b7276c
END00.PAC	0x28	800168f8	372	1d8f7518ca960639
END00.PAC	0x28	80016a6c	80	b003a3a6b9b7276c
END00.PAC	0x28	80016abc	516	d78c49052f974d2d
END00.PAC	0x28	80016cc0	212	99ef2829fc6279a1
END00.PAC	0x28	80016d94	92	d6abb4f7fe82ce3f
END00.PAC	0x28	80016df0	56	63be90c82594d279
END00.PAC	0x28	80016e28	48	a568528da21d0a18
END00.PAC	0x28	80016e58	36	2c0801ee55a5317f
END00.PAC	0x28	80016e7c	108	dc47746ddc858365
END00.PAC	0x28	80016ee8	144	a4eac5b2e83b2209
END00.PAC	0x28	80016f78	64	36d10b5e7bf2e0d2
END00.PAC	0x28	80016fb8	32	4fcebca4f895f4dc
END00.PAC	0x28	80016fd8	64	32a11589aa197860
END00.PAC	0x28	80017018	120	7041624f68609331
END00.PAC	0x28	80017090	48	bc468ffca51c6693
END00.PAC	0x28	800170c0	92	7a630f8f99b2dc2b
END00.PAC	0x28	8001711c	40	6d832d27db340678
END00.PAC	0x28	80017144	8	6d64edf91449c1b1
END00.PAC	0x28	8001714c	92	2eea65fd187242f0
END00.PAC	0x28	800171a8	40	6d832d27db340678
END00.PAC	0x28	800171d0	8	6d64edf91449c1b1
END00.PAC	0x28	800171d8	8	6d64edf91449c1b1
END00.PAC	0x28	800171e0	32	20c3a8daad2ca1ef
END00.PAC	0x28	80017200	72	fac11b02280b40f4
END00.PAC	0x28	80017248	584	84894b43b0c45efd
END00.PAC	0x28	80017490	108	3ee0218b3ef9c5e9
END00.PAC	0x28	800174fc	52	95cc54ec8613d25f
END00.PAC	0x28	80017530	80	b003a3a6b9b7276c
END00.PAC	0x28	80017580	308	be98dbcd4ef92196
END00.PAC	0x28	800176b4	80	b003a3a6b9b7276c
END00.PAC	0x28	80017704	328	7bf0779a88d839f2
END00.PAC	0x28	8001784c	64	2c5349e4030630fb
END00.PAC	0x28	8001788c	124	a907d0a217e2188c
END00.PAC	0x28	80017908	60	9776e4c875bae993
END00.PAC	0x28	80017944	48	a568528da21d0a18
END00.PAC	0x28	80017974	60	b9263568894b7cc0
END00.PAC	0x28	800179b0	36	2c0801ee55a5317f
END00.PAC	0x28	800179d4	108	dc47746ddc858365
END00.PAC	0x28	80017a40	212	f40594bcb700c9f8
END00.PAC	0x28	80017b14	64	36d10b5e7bf2e0d2
END00.PAC	0x28	80017b54	88	125fdaad9de52ef6
END00.PAC	0x28	80017bac	80	9ee2bcddb25765bc
END00.PAC	0x28	80017bfc	84	e49adc2af852804b
END00.PAC	0x28	80017c50	640	5cb5ac0337a32c80
END00.PAC	0x28	80017ed0	92	897aec8969efca11
END00.PAC	0x28	80017f2c	8	6d64edf91449c1b1
END00.PAC	0x28	80017f34	64	8c33c089170d1f9b
END00.PAC	0x28	80017f74	96	06a57e0fa77fd6ad
END00.PAC	0x28	80017fd4	12	3c00dd7d984071c6
END00.PAC	0x28	80017fe0	8	6d64edf91449c1b1
END00.PAC	0x28	80017fe8	32	20c3a8daad2ca1ef
END00.PAC	0x28	80018008	72	fac11b02280b40f4
END00.PAC	0x28	80018050	828	99d3577afe1aa02c
END00.PAC	0x28	8001838c	88	a4256ce4462821c4
END00.PAC	0x28	800183e4	52	95cc54ec8613d25f
END00.PAC	0x28	80018418	64	7023e4f3de266605
END00.PAC	0x28	80018458	376	f3ea205bf19c35aa
END00.PAC	0x28	800185d0	396	36b3f43c38899b78
END00.PAC	0x28	8001875c	552	3af8b7655e93a212
END00.PAC	0x28	80018984	80	b003a3a6b9b7276c
END00.PAC	0x28	800189d4	668	a421084eb0d5c0f4
END00.PAC	0x28	80018c70	124	7c37eaa60afb6450
END00.PAC	0x28	80018cec	124	25b9de96e0473138
END00.PAC	0x28	80018d68	132	c7deece58b8f2268
END00.PAC	0x28	80018dec	100	931202357a92997b
END00.PAC	0x28	80018e50	352	d36c412e4dad0674
END00.PAC	0x28	80018fb0	64	2c5349e4030630fb
END00.PAC	0x28	80018ff0	104	ca38f58aae7c86a9
END00.PAC	0x28	80019058	56	63be90c82594d279
END00.PAC	0x28	80019090	112	85413a9e9a957633
END00.PAC	0x28	80019100	48	a568528da21d0a18
END00.PAC	0x28	80019130	60	b9263568894b7cc0
END00.PAC	0x28	8001916c	36	2c0801ee55a5317f
END00.PAC	0x28	80019190	108	dc47746ddc858365
END00.PAC	0x28	800191fc	212	f40594bcb700c9f8
END00.PAC	0x28	800192d0	64	36d10b5e7bf2e0d2
END00.PAC	0x28	80019310	100	5a4ebf3b09053f8a
END00.PAC	0x28	80019374	84	cad577944bd191f6
END00.PAC	0x28	800193c8	64	8c33c089170d1f9b
END00.PAC	0x28	80019408	60	831a268d43850035
END00.PAC	0x28	80019444	8	6d64edf91449c1b1
END00.PAC	0x28	8001944c	64	8c33c089170d1f9b
END00.PAC	0x28	8001948c	60	c34fe09b40c2294b
END00.PAC	0x28	800194c8	8	6d64edf91449c1b1
END00.PAC	0x28	800194d0	64	8c33c089170d1f9b
END00.PAC	0x28	80019510	68	e7bf071d1a409152
END00.PAC	0x28	80019554	60	14e49db4844da1dc
END00.PAC	0x28	80019590	52	f3e244d89e3c5328
END00.PAC	0x28	800195c4	52	4e41830ec8bed425
END00.PAC	0x28	800195f8	8	6d64edf91449c1b1
END00.PAC	0x28	80019600	64	8c33c089170d1f9b
END00.PAC	0x28	80019640	68	b07b3b5536d3c941
END00.PAC	0x28	80019684	60	c645002dd6b0ae30
END00.PAC	0x28	800196c0	52	19181868350ca02a
END00.PAC	0x28	800196f4	8	6d64edf91449c1b1
END00.PAC	0x28	800196fc	80	8771801cc0eb504c
END00.PAC	0x28	8001974c	40	6d832d27db340678
END00.PAC	0x28	80019774	20	d70062cf4ac2d126
END00.PAC	0x28	80019788	80	8771801cc0eb504c
END00.PAC	0x28	800197d8	40	f779a93e372e55bb
END00.PAC	0x28	80019800	60	f5452247d349dce1
END00.PAC	0x28	8001983c	64	7101e28b0295147f
END00.PAC	0x28	8001987c	76	12a1cf34f806dc44
END00.PAC	0x28	800198c8	8	6d64edf91449c1b1
END00.PAC	0x28	800198d0	40	95b2cd8138dd24de
END00.PAC	0x28	800198f8	40	95b2cd8138dd24de
END00.PAC	0x28	80019920	64	8c33c089170d1f9b
END00.PAC	0x28	80019960	68	5dbb6546eaf86d91
END00.PAC	0x28	800199a4	8	6d64edf91449c1b1
END00.PAC	0x28	800199ac	8	6d64edf91449c1b1
END00.PAC	0x28	800199b4	8	6d64edf91449c1b1
END00.PAC	0x28	800199bc	32	20c3a8daad2ca1ef
END00.PAC	0x28	800199dc	152	30d9883911172263
END00.PAC	0x28	80019a74	44	97e6d202162c9493
END00.PAC	0x28	80019aa0	72	fac11b02280b40f4
END00.PAC	0x28	80019ae8	832	25bbceab3475b184
END00.PAC	0x28	80019e28	88	a4256ce4462821c4
END00.PAC	0x28	80019e80	52	95cc54ec8613d25f
END00.PAC	0x28	80019eb4	260	8520fa1d9777bd1c
END00.PAC	0x28	80019fb8	220	456992afab665505
END00.PAC	0x28	8001a094	80	b003a3a6b9b7276c
END00.PAC	0x28	8001a0e4	1020	d4b9a94d8f5338e3
END00.PAC	0x28	8001a4e0	80	a5027d71d06ec7ae
END00.PAC	0x28	8001a530	276	1329d90aa5471c8d
END00.PAC	0x28	8001a644	88	d246a8bebd0ea571
END00.PAC	0x28	8001a69c	476	88c49fc8270c7830
END00.PAC	0x28	8001a878	64	2c5349e4030630fb
END00.PAC	0x28	8001a8b8	104	ca38f58aae7c86a9
END00.PAC	0x28	8001a920	56	63be90c82594d279
END00.PAC	0x28	8001a958	48	a568528da21d0a18
END00.PAC	0x28	8001a988	60	b9263568894b7cc0
END00.PAC	0x28	8001a9c4	36	2c0801ee55a5317f
END00.PAC	0x28	8001a9e8	108	dc47746ddc858365
END00.PAC	0x28	8001aa54	212	f40594bcb700c9f8
END00.PAC	0x28	8001ab28	64	36d10b5e7bf2e0d2
END00.PAC	0x28	8001ab68	84	ab4fafe10f0a3344
END00.PAC	0x28	8001abbc	64	32a11589aa197860
END00.PAC	0x28	8001abfc	84	e49adc2af852804b
END00.PAC	0x28	8001ac50	64	37e4fd4886b93fc9
END00.PAC	0x28	8001ac90	68	05c068dcec99d5a0
END00.PAC	0x28	8001acd4	52	695748d65b242895
END00.PAC	0x28	8001ad08	84	e49adc2af852804b
END00.PAC	0x28	8001ad5c	84	b271193f930c350d
END00.PAC	0x28	8001adb0	32	20c3a8daad2ca1ef
END00.PAC	0x28	8001add0	152	8e45e7bf5079fba6
END00.PAC	0x28	8001ae68	64	8c33c089170d1f9b
END00.PAC	0x28	8001aea8	56	d26ccbc730de755e
END00.PAC	0x28	8001aee0	12	3c00dd7d984071c6
END00.PAC	0x28	8001aeec	84	e49adc2af852804b
END00.PAC	0x28	8001af40	92	3c5a6dcccc8af4e5
END00.PAC	0x28	8001af9c	140	e600ab4ba74a9080
END00.PAC	0x28	8001b028	120	815aa629638c2e13
END00.PAC	0x28	8001b0a0	80	ad922fba31031053
END00.PAC	0x28	8001b0f0	8	6d64edf91449c1b1
END00.PAC	0x28	8001b0f8	56	d26ccbc730de755e
END00.PAC	0x28	8001b130	84	e49adc2af852804b
END00.PAC	0x28	8001b184	32	6475cbca0a9e1ed1
END00.PAC	0x28	8001b1a4	32	20c3a8daad2ca1ef
END00.PAC	0x28	8001b1c4	100	f4a3c80245330ce5
END00.PAC	0x28	8001b228	32	20c3a8daad2ca1ef
END00.PAC	0x28	8001b248	32	20c3a8daad2ca1ef
END00.PAC	0x28	8001b268	72	fac11b02280b40f4
END00.PAC	0x28	8001b2b0	804	8970a0477f565277
END00.PAC	0x28	8001b5d4	88	a4256ce4462821c4
END00.PAC	0x28	8001b62c	52	95cc54ec8613d25f
END00.PAC	0x28	8001b660	112	987f806fccdedb50
END00.PAC	0x28	8001b6d0	768	c00d986718ac2780
END00.PAC	0x28	8001b9d0	72	553082ae3f7dc442
END00.PAC	0x28	8001ba18	200	6f5d26b5b32ac903
END00.PAC	0x28	8001bae0	80	b003a3a6b9b7276c
END00.PAC	0x28	8001bb30	456	a200241077f1c4cd
END00.PAC	0x28	8001bcf8	80	b003a3a6b9b7276c
END00.PAC	0x28	8001bd48	908	6e14689e982e784f
END00.PAC	0x28	8001c0d4	104	8e62245b76051089
END00.PAC	0x28	8001c13c	152	b61a8e706f2da2eb
END00.PAC	0x28	8001c1d4	64	2c5349e4030630fb
END00.PAC	0x28	8001c214	104	ca38f58aae7c86a9
END00.PAC	0x28	8001c27c	56	63be90c82594d279
END00.PAC	0x28	8001c2b4	248	81ed747776e37924
END00.PAC	0x28	8001c3ac	132	62d7184d9053a73a
END00.PAC	0x28	8001c430	48	a568528da21d0a18
END00.PAC	0x28	8001c460	60	b9263568894b7cc0
END00.PAC	0x28	8001c49c	36	2c0801ee55a5317f
END00.PAC	0x28	8001c4c0	108	dc47746ddc858365
END00.PAC	0x28	8001c52c	212	f40594bcb700c9f8
END00.PAC	0x28	8001c600	64	36d10b5e7bf2e0d2
END00.PAC	0x28	8001c640	76	19e48051ba7a5ea6
END00.PAC	0x28	8001c68c	64	32a11589aa197860
END00.PAC	0x28	8001c6cc	84	e49adc2af852804b
END00.PAC	0x28	8001c720	64	2b2e227039e32392
END00.PAC	0x28	8001c760	124	f3b42b0b02062804
END00.PAC	0x28	8001c7dc	64	6483b1fee8d75035
END00.PAC	0x28	8001c81c	8	6d64edf91449c1b1
END00.PAC	0x28	8001c824	64	8c33c089170d1f9b
END00.PAC	0x28	8001c864	60	152357d26ff60698
END00.PAC	0x28	8001c8a0	64	0ecfda2033903176
END00.PAC	0x28	8001c8e0	68	ccd74e6d215e66b8
END00.PAC	0x28	8001c924	64	8c33c089170d1f9b
END00.PAC	0x28	8001c964	52	19181868350ca02a
END00.PAC	0x28	8001c998	112	9dd17408c27f5204
END00.PAC	0x28	8001ca08	64	8c33c089170d1f9b
END00.PAC	0x28	8001ca48	52	19181868350ca02a
END00.PAC	0x28	8001ca7c	120	d80e7132cbd7fd6e
END00.PAC	0x28	8001caf4	32	20c3a8daad2ca1ef
END00.PAC	0x28	8001cb14	32	20c3a8daad2ca1ef
END00.PAC	0x28	8001cb34	72	fac11b02280b40f4
END00.PAC	0x28	8001cb7c	392	4bcabdb651e14b09
END00.PAC	0x28	8001cd04	88	a4256ce4462821c4
END00.PAC	0x28	8001cd5c	52	95cc54ec8613d25f
END00.PAC	0x28	8001cd90	80	b003a3a6b9b7276c
END00.PAC	0x28	8001cde0	272	af2e8caa3f617312
END00.PAC	0x28	8001cef0	80	b003a3a6b9b7276c
END00.PAC	0x28	8001cf40	112	6b6ecc591b5a6245
END00.PAC	0x28	8001cfb0	80	b003a3a6b9b7276c
END00.PAC	0x28	8001d000	308	5c521c38a5aa91e9
END00.PAC	0x28	8001d134	80	b003a3a6b9b7276c
END00.PAC	0x28	8001d184	740	7ca3eb5c16ad3a97
END00.PAC	0x28	8001d468	64	2c5349e4030630fb
END00.PAC	0x28	8001d4a8	104	ca38f58aae7c86a9
END00.PAC	0x28	8001d510	56	63be90c82594d279
END00.PAC	0x28	8001d548	48	a568528da21d0a18
END00.PAC	0x28	8001d578	60	b9263568894b7cc0
END00.PAC	0x28	8001d5b4	36	2c0801ee55a5317f
END00.PAC	0x28	8001d5d8	108	dc47746ddc858365
END00.PAC	0x28	8001d644	212	f40594bcb700c9f8
END00.PAC	0x28	8001d718	64	36d10b5e7bf2e0d2
END00.PAC	0x28	8001d758	128	4675843f21ab883d
END00.PAC	0x28	8001d7d8	84	cad577944bd191f6
END00.PAC	0x28	8001d82c	64	8c33c089170d1f9b
END00.PAC	0x28	8001d86c	208	8c45fd88c9d1c372
END00.PAC	0x28	8001d93c	8	6d64edf91449c1b1
END00.PAC	0x28	8001d944	64	8c33c089170d1f9b
END00.PAC	0x28	8001d984	60	6a44e739ac8450e9
END00.PAC	0x28	8001d9c0	8	6d64edf91449c1b1
END00.PAC	0x28	8001d9c8	64	2ad851fdc68730c6
END00.PAC	0x28	8001da08	72	c5416fbbcb6acc64
END00.PAC	0x28	8001da50	144	0a17c3486778588d
END00.PAC	0x28	8001dae0	32	20c3a8daad2ca1ef
END00.PAC	0x28	8001db00	32	20c3a8daad2ca1ef
END00.PAC	0x28	8001db20	72	fac11b02280b40f4
END00.PAC	0x28	8001db68	880	b80baabf15f89b67
END00.PAC	0x28	8001ded8	88	a4256ce4462821c4
END00.PAC	0x28	8001df30	84	e343115328369dc8
END00.PAC	0x28	8001df84	80	b003a3a6b9b7276c
END00.PAC	0x28	8001dfd4	116	4aa712e04a6cd02e
END00.PAC	0x28	8001e048	80	b003a3a6b9b7276c
END00.PAC	0x28	8001e098	296	4669f3d98464eb96
END00.PAC	0x28	8001e1c0	64	2c5349e4030630fb
END00.PAC	0x28	8001e200	104	ca38f58aae7c86a9
END00.PAC	0x28	8001e268	56	63be90c82594d279
END00.PAC	0x28	8001e2a0	76	d5a1be6ad269db28
END00.PAC	0x28	8001e2ec	48	a568528da21d0a18
END00.PAC	0x28	8001e31c	60	b9263568894b7cc0
END00.PAC	0x28	8001e358	36	2c0801ee55a5317f
END00.PAC	0x28	8001e37c	108	dc47746ddc858365
END00.PAC	0x28	8001e3e8	144	a4eac5b2e83b2209
END00.PAC	0x28	8001e478	72	fac11b02280b40f4
END00.PAC	0x28	8001e4c0	784	6d375cd88092d101
END00.PAC	0x28	8001e7d0	88	a4256ce4462821c4
END00.PAC	0x28	8001e828	52	95cc54ec8613d25f
END00.PAC	0x28	8001e85c	96	6af3995b6a47bc30
END00.PAC	0x28	8001e8bc	80	a5027d71d06ec7ae
END00.PAC	0x28	8001e90c	128	f40632452ab27451
END00.PAC	0x28	8001e98c	88	80d2ddcd52c8527e
END00.PAC	0x28	8001e9e4	88	09b95a402dfd49cd
END00.PAC	0x28	8001ea3c	300	5891e9499e4c2d6a
END00.PAC	0x28	8001eb68	80	b003a3a6b9b7276c
END00.PAC	0x28	8001ebb8	396	fe65a68d9f0839d3
END00.PAC	0x28	8001ed44	80	a549d9d41ad0b80f
END00.PAC	0x28	8001ed94	64	2c5349e4030630fb
END00.PAC	0x28	8001edd4	104	ca38f58aae7c86a9
END00.PAC	0x28	8001ee3c	56	63be90c82594d279
END00.PAC	0x28	8001ee74	48	a568528da21d0a18
END00.PAC	0x28	8001eea4	60	b9263568894b7cc0
END00.PAC	0x28	8001eee0	36	2c0801ee55a5317f
END00.PAC	0x28	8001ef04	108	dc47746ddc858365
END00.PAC	0x28	8001ef70	144	a4eac5b2e83b2209
END00.PAC	0x28	8001f000	64	36d10b5e7bf2e0d2
END00.PAC	0x28	8001f040	84	ab4fafe10f0a3344
END00.PAC	0x28	8001f094	64	32a11589aa197860
END00.PAC	0x28	8001f0d4	84	e49adc2af852804b
END00.PAC	0x28	8001f128	60	bdf5bf3faab966e1
END00.PAC	0x28	8001f164	8	6d64edf91449c1b1
END00.PAC	0x28	8001f16c	84	e49adc2af852804b
END00.PAC	0x28	8001f1c0	60	726d065403f40a3e
END00.PAC	0x28	8001f1fc	8	6d64edf91449c1b1
END00.PAC	0x28	8001f204	84	e49adc2af852804b
END00.PAC	0x28	8001f258	84	3d75773ae0a8a2ae
END00.PAC	0x28	8001f2ac	60	1cf1532717dfc15b
END00.PAC	0x28	8001f2e8	8	6d64edf91449c1b1
END00.PAC	0x28	8001f2f0	32	20c3a8daad2ca1ef
END00.PAC	0x28	8001f310	32	20c3a8daad2ca1ef
END00.PAC	0x28	8001f330	72	fac11b02280b40f4
END00.PAC	0x28	8001f378	580	11ea5f1d54678256
END00.PAC	0x28	8001f5bc	88	a4256ce4462821c4
END00.PAC	0x28	8001f614	52	95cc54ec8613d25f
END00.PAC	0x28	8001f648	80	b003a3a6b9b7276c
END00.PAC	0x28	8001f698	344	e9ab155ed5313ee5
END00.PAC	0x28	8001f7f0	80	32273b790a152d65
END00.PAC	0x28	8001f840	972	cbafda1e3851b983
END00.PAC	0x28	8001fc0c	92	83df9e7c3dc73eba
END00.PAC	0x28	8001fc68	88	4f8cd1fb41485493
END00.PAC	0x28	8001fcc0	440	b859da6f48a0a379
END00.PAC	0x28	8001fe78	80	b003a3a6b9b7276c
END00.PAC	0x28	8001fec8	180	f27bfee65da155db
END00.PAC	0x28	8001ff7c	64	2c5349e4030630fb
END00.PAC	0x28	8001ffbc	104	ca38f58aae7c86a9
END00.PAC	0x28	80020024	56	63be90c82594d279
END00.PAC	0x28	8002005c	48	a568528da21d0a18
END00.PAC	0x28	8002008c	60	b9263568894b7cc0
END00.PAC	0x28	800200c8	36	2c0801ee55a5317f
END00.PAC	0x28	800200ec	108	dc47746ddc858365
END00.PAC	0x28	80020158	212	f40594bcb700c9f8
END00.PAC	0x28	8002022c	64	36d10b5e7bf2e0d2
END00.PAC	0x28	8002026c	256	9defb98f2f73f12c
END00.PAC	0x28	8002036c	64	32a11589aa197860
END00.PAC	0x28	800203ac	92	7a630f8f99b2dc2b
END00.PAC	0x28	80020408	84	86a6c393b7ec7674
END00.PAC	0x28	8002045c	120	19422f2747a4eb05
END00.PAC	0x28	800204d4	96	0a717c311b406230
END00.PAC	0x28	80020534	84	e49adc2af852804b
END00.PAC	0x28	80020588	44	a11f8be527b450cd
END00.PAC	0x28	800205b4	84	f336b727159c653d
END00.PAC	0x28	80020608	68	20f65dd8f07c2c8a
END00.PAC	0x28	8002064c	32	20c3a8daad2ca1ef
END00.PAC	0x28	8002066c	32	20c3a8daad2ca1ef
END00.PAC	0x28	8002068c	72	fac11b02280b40f4
END00.PAC	0x28	800206d4	616	8e32800ffb811938
END00.PAC	0x28	8002093c	88	a4256ce4462821c4
END00.PAC	0x28	80020994	52	95cc54ec8613d25f
END00.PAC	0x28	800209c8	208	ae0688cde3eff3d3
END00.PAC	0x28	80020a98	100	79fc5957d3bba383
END00.PAC	0x28	80020afc	80	80776e1c8fd845e0
END00.PAC	0x28	80020b4c	156	62df1756a6c3afd5
END00.PAC	0x28	80020be8	80	b003a3a6b9b7276c
END00.PAC	0x28	80020c38	308	5ee31e69fefa6e7f
END00.PAC	0x28	80020d6c	96	90106cedd7061e84
END00.PAC	0x28	80020dcc	80	a5027d71d06ec7ae
END00.PAC	0x28	80020e1c	168	f6d102a1831be90b
END00.PAC	0x28	80020ec4	64	2c5349e4030630fb
END00.PAC	0x28	80020f04	104	ca38f58aae7c86a9
END00.PAC	0x28	80020f6c	56	63be90c82594d279
END00.PAC	0x28	80020fa4	188	114c25bbb0899a0c
END00.PAC	0x28	80021060	48	a568528da21d0a18
END00.PAC	0x28	80021090	60	b9263568894b7cc0
END00.PAC	0x28	800210cc	36	2c0801ee55a5317f
END00.PAC	0x28	800210f0	108	dc47746ddc858365
END00.PAC	0x28	8002115c	212	f40594bcb700c9f8
END00.PAC	0x28	80021230	64	36d10b5e7bf2e0d2
END00.PAC	0x28	80021270	64	85c1d1b0662d7f5b
END00.PAC	0x28	800212b0	84	cad577944bd191f6
END00.PAC	0x28	80021304	84	febaee0386ebdd4e
END00.PAC	0x28	80021358	60	00718edf2ce383d0
END00.PAC	0x28	80021394	8	6d64edf91449c1b1
END00.PAC	0x28	8002139c	84	febaee0386ebdd4e
END00.PAC	0x28	800213f0	60	4bca05b398824ef6
END00.PAC	0x28	8002142c	32	20c3a8daad2ca1ef
END00.PAC	0x28	8002144c	32	20c3a8daad2ca1ef
END00.PAC	0x28	8002146c	8	6d64edf91449c1b1
END00.PAC	0x28	80021474	72	fac11b02280b40f4
END00.PAC	0x28	800214bc	696	ecdd65a9cca0067b
END00.PAC	0x28	80021774	88	a4256ce4462821c4
END00.PAC	0x28	800217cc	52	95cc54ec8613d25f
END00.PAC	0x28	80021800	80	b003a3a6b9b7276c
END00.PAC	0x28	80021850	264	363d0df48d0220ec
END00.PAC	0x28	80021958	80	b003a3a6b9b7276c
END00.PAC	0x28	800219a8	260	443b0f5211af0386
END00.PAC	0x28	80021aac	80	b003a3a6b9b7276c
END00.PAC	0x28	80021afc	296	8cc841fd6c109238
END00.PAC	0x28	80021c24	96	48871c5a4ef15279
END00.PAC	0x28	80021c84	64	2c5349e4030630fb
END00.PAC	0x28	80021cc4	104	ca38f58aae7c86a9
END00.PAC	0x28	80021d2c	56	63be90c82594d279
END00.PAC	0x28	80021d64	48	a568528da21d0a18
END00.PAC	0x28	80021d94	60	b9263568894b7cc0
END00.PAC	0x28	80021dd0	36	2c0801ee55a5317f
END00.PAC	0x28	80021df4	108	dc47746ddc858365
END00.PAC	0x28	80021e60	212	f40594bcb700c9f8
END00.PAC	0x28	80021f34	64	36d10b5e7bf2e0d2
END00.PAC	0x28	80021f74	84	ab4fafe10f0a3344
END00.PAC	0x28	80021fc8	84	cad577944bd191f6
END00.PAC	0x28	8002201c	84	febaee0386ebdd4e
END00.PAC	0x28	80022070	40	6d832d27db340678
END00.PAC	0x28	80022098	60	cf5c83395bd58aa8
END00.PAC	0x28	800220d4	8	6d64edf91449c1b1
END00.PAC	0x28	800220dc	92	7a630f8f99b2dc2b
END00.PAC	0x28	80022138	80	aeab0c86c564bf0a
END00.PAC	0x28	80022188	8	6d64edf91449c1b1
END00.PAC	0x28	80022190	32	20c3a8daad2ca1ef
END00.PAC	0x28	800221b0	32	20c3a8daad2ca1ef
END00.PAC	0x28	800221d0	72	fac11b02280b40f4
END00.PAC	0x28	80022218	752	2180073c8cd48ce1
END00.PAC	0x28	80022508	88	a4256ce4462821c4
END00.PAC	0x28	80022560	52	95cc54ec8613d25f
END00.PAC	0x28	80022594	132	e9c4a1980d4a18a8
END00.PAC	0x28	80022618	84	eb4607c41305d56a
END00.PAC	0x28	8002266c	88	456e9d0c7bc2fe3b
END00.PAC	0x28	800226c4	268	b4d7586cf0da2cd8
END00.PAC	0x28	800227d0	64	8ae267099bfa018e
END00.PAC	0x28	80022810	100	f8cd272db1dd7b2d
END00.PAC	0x28	80022874	128	4dde46812648d2df
END00.PAC	0x28	800228f4	80	b003a3a6b9b7276c
END00.PAC	0x28	80022944	440	e486b0be82638c0b
END00.PAC	0x28	80022afc	84	3c00b0f73efb1f1c
END00.PAC	0x28	80022b50	104	ca38f58aae7c86a9
END00.PAC	0x28	80022bb8	56	63be90c82594d279
END00.PAC	0x28	80022bf0	76	351d1d7c296c50d6
END00.PAC	0x28	80022c3c	48	a568528da21d0a18
END00.PAC	0x28	80022c6c	60	b9263568894b7cc0
END00.PAC	0x28	80022ca8	36	2c0801ee55a5317f
END00.PAC	0x28	80022ccc	108	dc47746ddc858365
END00.PAC	0x28	80022d38	212	f40594bcb700c9f8
END00.PAC	0x28	80022e0c	64	36d10b5e7bf2e0d2
END00.PAC	0x28	80022e4c	184	390c3a345841d6b8
END00.PAC	0x28	80022f04	36	c8013aac47047502
END00.PAC	0x28	80022f28	92	e7fba66b1d5e11f6
END00.PAC	0x28	80022f84	192	487728568016ca6f
END00.PAC	0x28	80023044	60	9d9f9a7831be8684
END00.PAC	0x28	80023080	8	6d64edf91449c1b1
END00.PAC	0x28	80023088	32	20c3a8daad2ca1ef
END00.PAC	0x28	800230a8	32	20c3a8daad2ca1ef
END00.PAC	0x28	800230c8	72	fac11b02280b40f4
END00.PAC	0x28	80023110	1036	fbc6c9c526f4c0e9
END00.PAC	0x28	8002351c	88	a4256ce4462821c4
END00.PAC	0x28	80023574	52	95cc54ec8613d25f
END00.PAC	0x28	800235a8	108	7ba7e4779b19a04b
END00.PAC	0x28	80023614	80	b003a3a6b9b7276c
END00.PAC	0x28	80023664	508	c3acae83a5ff4b71
END00.PAC	0x28	80023860	80	b003a3a6b9b7276c
END00.PAC	0x28	800238b0	464	e28e5d498de00ea6
END00.PAC	0x28	80023a80	84	b23ccbd8f99d0313
END00.PAC	0x28	80023ad4	56	63be90c82594d279
END00.PAC	0x28	80023b0c	212	d69df75380f6ef0e
END00.PAC	0x28	80023be0	48	a568528da21d0a18
END00.PAC	0x28	80023c10	60	b9263568894b7cc0
END00.PAC	0x28	80023c4c	36	2c0801ee55a5317f
END00.PAC	0x28	80023c70	108	dc47746ddc858365
END00.PAC	0x28	80023cdc	144	a4eac5b2e83b2209
END00.PAC	0x28	80023d6c	64	36d10b5e7bf2e0d2
END00.PAC	0x28	80023dac	240	e3d9f44ccce68ac6
END00.PAC	0x28	80023e9c	84	cad577944bd191f6
END00.PAC	0x28	80023ef0	64	8c33c089170d1f9b
END00.PAC	0x28	80023f30	112	a4db97741833fd27
END00.PAC	0x28	80023fa0	8	6d64edf91449c1b1
END00.PAC	0x28	80023fa8	64	8c33c089170d1f9b
END00.PAC	0x28	80023fe8	72	79eec850440ee466
END00.PAC	0x28	80024030	88	0b08e7efb6c559fe
END00.PAC	0x28	80024088	8	6d64edf91449c1b1
END00.PAC	0x28	80024090	64	8c33c089170d1f9b
END00.PAC	0x28	800240d0	852	54fd535ce3557f16
END00.PAC	0x28	80024424	56	d26ccbc730de755e
END00.PAC	0x28	8002445c	56	52d7c6062b75efbe
END00.PAC	0x28	80024494	8	6d64edf91449c1b1
END00.PAC	0x28	8002449c	64	8c33c089170d1f9b
END00.PAC	0x28	800244dc	120	39e84d6c17b0e880
END00.PAC	0x28	80024554	8	6d64edf91449c1b1
END00.PAC	0x28	8002455c	32	20c3a8daad2ca1ef
END00.PAC	0x28	8002457c	32	20c3a8daad2ca1ef
END00.PAC	0x28	8002459c	64	36d10b5e7bf2e0d2
END00.PAC	0x28	800245dc	176	4324938e65fd4045
END00.PAC	0x28	8002468c	92	7a630f8f99b2dc2b
END00.PAC	0x28	800246e8	84	56bc68ea9633fbc7
END00.PAC	0x28	8002473c	8	6d64edf91449c1b1
END00.PAC	0x28	80024744	32	20c3a8daad2ca1ef
END00.PAC	0x28	80024764	32	20c3a8daad2ca1ef
END00.PAC	0x28	80024784	72	fac11b02280b40f4
END00.PAC	0x28	800247cc	484	8341301bf5736042
END00.PAC	0x28	800249b0	88	a4256ce4462821c4
END00.PAC	0x28	80024a08	52	95cc54ec8613d25f
END00.PAC	0x28	80024a3c	80	b003a3a6b9b7276c
END00.PAC	0x28	80024a8c	292	0614c1b6df1a38a4
END00.PAC	0x28	80024bb0	80	b003a3a6b9b7276c
END00.PAC	0x28	80024c00	128	373b2651b94d115f
END00.PAC	0x28	80024c80	80	b003a3a6b9b7276c
END00.PAC	0x28	80024cd0	904	c1c55eaea19555ef
END00.PAC	0x28	80025058	84	b23ccbd8f99d0313
END00.PAC	0x28	800250ac	56	63be90c82594d279
END00.PAC	0x28	800250e4	48	a568528da21d0a18
END00.PAC	0x28	80025114	60	b9263568894b7cc0
END00.PAC	0x28	80025150	36	2c0801ee55a5317f
END00.PAC	0x28	80025174	108	dc47746ddc858365
END00.PAC	0x28	800251e0	144	a4eac5b2e83b2209
END00.PAC	0x28	80025270	64	36d10b5e7bf2e0d2
END00.PAC	0x28	800252b0	76	8e100062c1c2a3f2
END00.PAC	0x28	800252fc	64	8c33c089170d1f9b
END00.PAC	0x28	8002533c	64	64f4763b180e3e83
END00.PAC	0x28	8002537c	12	3c00dd7d984071c6
END00.PAC	0x28	80025388	32	20c3a8daad2ca1ef
END00.PAC	0x28	800253a8	32	20c3a8daad2ca1ef
END00.PAC	0x28	800253c8	72	fac11b02280b40f4
END00.PAC	0x28	80025410	916	89351bf015ff4693
END00.PAC	0x28	800257a4	88	a4256ce4462821c4
END00.PAC	0x28	800257fc	52	95cc54ec8613d25f
END00.PAC	0x28	80025830	80	b003a3a6b9b7276c
END00.PAC	0x28	80025880	128	f40632452ab27451
END00.PAC	0x28	80025900	80	b003a3a6b9b7276c
END00.PAC	0x28	80025950	664	a45f072f89300799
END00.PAC	0x28	80025be8	80	b003a3a6b9b7276c
END00.PAC	0x28	80025c38	276	ea775b5ec1e1c7c3
END00.PAC	0x28	80025d4c	64	2c5349e4030630fb
END00.PAC	0x28	80025d8c	104	ca38f58aae7c86a9
END00.PAC	0x28	80025df4	56	63be90c82594d279
END00.PAC	0x28	80025e2c	48	a568528da21d0a18
END00.PAC	0x28	80025e5c	60	b9263568894b7cc0
END00.PAC	0x28	80025e98	36	2c0801ee55a5317f
END00.PAC	0x28	80025ebc	108	dc47746ddc858365
END00.PAC	0x28	80025f28	212	f40594bcb700c9f8
END00.PAC	0x28	80025ffc	64	36d10b5e7bf2e0d2
END00.PAC	0x28	8002603c	136	a5107e3ef97d5d2c
END00.PAC	0x28	800260c4	84	cad577944bd191f6
END00.PAC	0x28	80026118	84	febaee0386ebdd4e
END00.PAC	0x28	8002616c	232	3b623565a93345b5
END00.PAC	0x28	80026254	8	6d64edf91449c1b1
END00.PAC	0x28	8002625c	64	8c33c089170d1f9b
END00.PAC	0x28	8002629c	60	e8aca5836fc50305
END00.PAC	0x28	800262d8	8	6d64edf91449c1b1
END00.PAC	0x28	800262e0	64	2ad851fdc68730c6
END00.PAC	0x28	80026320	72	d25967960dcaa0fc
END00.PAC	0x28	80026368	144	677b83627761040a
END00.PAC	0x28	800263f8	32	20c3a8daad2ca1ef
END00.PAC	0x28	80026418	32	20c3a8daad2ca1ef
END00.PAC	0x28	80026438	72	fac11b02280b40f4
END00.PAC	0x28	80026480	820	54390bdf6df20eb7
END00.PAC	0x28	800267b4	88	a4256ce4462821c4
END00.PAC	0x28	8002680c	52	95cc54ec8613d25f
END00.PAC	0x28	80026840	80	b003a3a6b9b7276c
END00.PAC	0x28	80026890	420	f4e8b03a218a8399
END00.PAC	0x28	80026a34	152	3d2808150eb8db1a
END00.PAC	0x28	80026acc	648	9930a95fcceca351
END00.PAC	0x28	80026d54	188	751779fa4833c0ab
END00.PAC	0x28	80026e10	264	6f2283d95c11fdc0
END00.PAC	0x28	80026f18	88	dd0105c2638b3e24
END00.PAC	0x28	80026f70	452	1959822b00eeebba
END00.PAC	0x28	80027134	136	a1bb1d8219dd9fe9
END00.PAC	0x28	800271bc	104	ca38f58aae7c86a9
END00.PAC	0x28	80027224	56	63be90c82594d279
END00.PAC	0x28	8002725c	48	a568528da21d0a18
END00.PAC	0x28	8002728c	60	b9263568894b7cc0
END00.PAC	0x28	800272c8	36	2c0801ee55a5317f
END00.PAC	0x28	800272ec	108	dc47746ddc858365
END00.PAC	0x28	80027358	212	f40594bcb700c9f8
END00.PAC	0x28	8002742c	64	36d10b5e7bf2e0d2
END00.PAC	0x28	8002746c	76	6720b8fc433b3892
END00.PAC	0x28	800274b8	72	2c776befde857870
END00.PAC	0x28	80027500	132	128669674166e068
END00.PAC	0x28	80027584	32	20c3a8daad2ca1ef
END00.PAC	0x28	800275a4	32	20c3a8daad2ca1ef
END00.PAC	0x28	800275c4	60	4d329bf7403f435e
END00.PAC	0x28	80027600	108	c547969731d0693b
END00.PAC	0x28	8002766c	76	db3573adcc6fbefd
END00.PAC	0x28	800276b8	144	470d647fd1a07df7
END00.PAC	0x28	80027748	364	19d3dc24fc249baf
END00.PAC	0x28	800278b4	124	5d4b092d42baede3
END00.PAC	0x28	80027930	108	6a73ae0448ff7954
END00.PAC	0x28	8002799c	56	7e86c2a20f54ce78
END00.PAC	0x28	800279d4	264	13320be2e41b6d45
END00.PAC	0x28	80027adc	60	ec2f7c2fd15d7976
END00.PAC	0x28	80027b18	496	61f4845b13d70cce
END00.PAC	0x28	80027d08	76	90961ded634f5cdb
END00.PAC	0x28	80027d54	72	fac11b02280b40f4
END00.PAC	0x28	80027d9c	88	628207c3a773119c
END00.PAC	0x28	80027df4	92	e97ea96b2ebc11b3
END00.PAC	0x28	80027e50	72	fac11b02280b40f4
END00.PAC	0x28	80027e98	116	63fb99eda6108646
END00.PAC	0x28	80027f0c	108	1d1adab4e6337609
END00.PAC	0x28	80027f78	184	51f521b6c42727f4
END00.PAC	0x28	80028030	8	6d64edf91449c1b1
END00.PAC	0x28	80028038	436	cdc7a04938e47d12
END00.PAC	0x28	800281ec	148	b7640fa55e9a9460
END00.PAC	0x28	80028280	64	36d10b5e7bf2e0d2
END00.PAC	0x28	800282c0	136	32b875e20da5bf76
END00.PAC	0x28	80028348	76	7df0906fc6f8f7b7
END00.PAC	0x28	80028394	32	20c3a8daad2ca1ef
END00.PAC	0x28	800283b4	64	36d10b5e7bf2e0d2
END00.PAC	0x28	800283f4	156	0459758e9f74e9e9
END00.PAC	0x28	80028490	36	3b70a00ed6cb4862
END00.PAC	0x28	800284b4	32	20c3a8daad2ca1ef
END00.PAC	0x28	800284d4	64	36d10b5e7bf2e0d2
END00.PAC	0x28	80028514	72	f3e658495707aac9
END00.PAC	0x28	8002855c	88	d6cf2bac7f0013e7
END00.PAC	0x28	800285b4	32	20c3a8daad2ca1ef
PL00.PAC	0x4	801b0008	288	4ffa4ed93c22ee88
PL00.PAC	0x4	801b0128	84	cedc6765857e02ca
PL00.PAC	0x4	801b017c	64	ed0908076f86c2dd
PL00.PAC	0x4	801b01bc	52	98c4e69364aef7ab
PL00.PAC	0x4	801b01f0	80	b7aa45574ae4dd80
PL00.PAC	0x4	801b0240	152	536a7906f785ecb0
PL00.PAC	0x4	801b02d8	100	e5eeed45e67b2577
PL00.PAC	0x4	801b033c	64	32d8675844ff1048
PL00.PAC	0x4	801b037c	64	2299f4a0a44e4410
PL00.PAC	0x4	801b03bc	84	ed7b8d3486506dee
PL00.PAC	0x4	801b0410	276	7a36583620285e73
PL00.PAC	0x4	801b0524	32	20c3a8daad2ca1ef
PL00.PAC	0x4	801b0544	124	4d191c86e38ea028
PL00.PAC	0x4	801b05c0	84	ed7b8d3486506dee
PL00.PAC	0x4	801b0614	304	a5a95ebc21ab6f04
PL00.PAC	0x4	801b0744	32	20c3a8daad2ca1ef
PL00.PAC	0x4	801b0764	184	8913cbfd957868ec
PL00.PAC	0x4	801b081c	72	ec2c9761c7a65cc3
PL00.PAC	0x4	801b0864	68	bc0afff0e487516f
PL00.PAC	0x4	801b08a8	48	5a5ddea2cfd5c3b7
PL00.PAC	0x4	801b08d8	32	20c3a8daad2ca1ef
PL00.PAC	0x4	801b08f8	148	e7a5ecd0c05f7001
PL00.PAC	0x4	801b098c	516	4dc91e7e3a3f8f07
PL00.PAC	0x4	801b0b90	244	0e9e39276630b56d
PL00.PAC	0x4	801b0c84	140	7494ce403396130e
PL00.PAC	0x4	801b0d10	80	27e96ba5d786abd7
PL00.PAC	0x4	801b0d60	112	3e639d23b5fee348
PL00.PAC	0x4	801b0dd0	80	27e96ba5d786abd7
PL00.PAC	0x4	801b0e20	100	eaefe337418279e9
PL00.PAC	0x4	801b0e84	116	579f8b7e8499b0c1
PL00.PAC	0x4	801b0ef8	148	c907875a0659ed9b
PL00.PAC	0x4	801b0f8c	108	606ebcce110ed4c7
PL00.PAC	0x4	801b0ff8	140	6ffa0bf3d7bef9db
PL00.PAC	0x4	801b1084	140	32ebbc7bf5add6a4
PL00.PAC	0x4	801b1110	176	b6ae66400c64b422
PL00.PAC	0x4	801b11c0	72	1843007a0cd541f3
PL00.PAC	0x4	801b1208	8	c0b0db0a4fdd6d58
PL00.PAC	0x4	801b1210	12	623bc7ad00743c72
PL00.PAC	0x4	801b121c	12	e388712607e84daf
PL00.PAC	0x4	801b1228	40	6019b953ae9ee996
PL00.PAC	0x4	801b1250	20	719d31a9c40f47bc
PL00.PAC	0x4	801b1264	12	267f6a23f7aec3f5
PL00.PAC	0x4	801b1270	64	946de9087c599ba6
PL00.PAC	0x4	801b12b0	64	946de9087c599ba6
PL00.PAC	0x4	801b12f0	64	f80a131af04e26d5
PL00.PAC	0x4	801b1330	200	f4aa8b1c1ae59dce
PL00.PAC	0x4	801b13f8	64	87fc1018ee463769
PL00.PAC	0x4	801b1438	180	79d41e5c4c0a744a
PL00.PAC	0x4	801b14ec	104	2e4ae6142b756ceb
PL00.PAC	0x4	801b1554	80	9cf6bd138b429e50
PL00.PAC	0x4	801b15a4	92	b5a46cbfe7b33fba
PL00.PAC	0x4	801b1600	160	c5dd631a6e209c95
PL00.PAC	0x4	801b16a0	76	3afd18c278beffdf
PL00.PAC	0x4	801b16ec	64	f80a131af04e26d5
PL00.PAC	0x4	801b172c	128	45f60160de2ba76f
PL00.PAC	0x4	801b17ac	300	6386be13c833085e
PL00.PAC	0x4	801b18d8	128	339b95ff6839ae1a
PL00.PAC	0x4	801b1958	64	f80a131af04e26d5
PL00.PAC	0x4	801b1998	188	c507cef55ed208af
PL00.PAC	0x4	801b1a54	188	3e3d2d47e7d18f3a
PL00.PAC	0x4	801b1b10	148	eeb9760dc9c8f303
PL00.PAC	0x4	801b1ba4	112	f2916fa21b6a1f21
PL00.PAC	0x4	801b1c14	72	6d82b0e5b9c9d586
PL00.PAC	0x4	801b1c5c	68	f2d67ee8fbdfc916
PL00.PAC	0x4	801b1ca0	140	1769659d3083739a
PL00.PAC	0x4	801b1d2c	300	a0b602191f6ff959
PL00.PAC	0x4	801b1e58	160	dfc19f1f3be0337b
PL00.PAC	0x4	801b1ef8	120	41a2a89cd25b2c73
PL00.PAC	0x4	801b1f70	72	dc75d72ca66d2ceb
PL00.PAC	0x4	801b1fb8	104	14c33501f1299295
PL00.PAC	0x4	801b2020	72	6d82b0e5b9c9d586
PL00.PAC	0x4	801b2068	64	f80a131af04e26d5
PL00.PAC	0x4	801b20a8	92	daa1c2adc6db92d9
PL00.PAC	0x4	801b2104	132	9ae59e1b30d64c99
PL00.PAC	0x4	801b2188	144	473ecfe9e862c165
PL00.PAC	0x4	801b2218	372	4d76dd4e5d545960
PL00.PAC	0x4	801b238c	64	f80a131af04e26d5
PL00.PAC	0x4	801b23cc	108	cf6e1e4178193bc7
PL00.PAC	0x4	801b2438	136	d86709833fe4755f
PL00.PAC	0x4	801b24c0	160	79232ef8fce90967
PL00.PAC	0x4	801b2560	144	01776e4470ed59dd
PL00.PAC	0x4	801b25f0	128	ac106fc1f466ca71
PL00.PAC	0x4	801b2670	96	81cf27a6c9370d6c
PL00.PAC	0x4	801b26d0	68	74f0d43faa7db730
PL00.PAC	0x4	801b2714	64	f80a131af04e26d5
PL00.PAC	0x4	801b2754	104	a73e99713b9e1202
PL00.PAC	0x4	801b27bc	68	a9a4d8411413a3df
PL00.PAC	0x4	801b2800	64	f80a131af04e26d5
PL00.PAC	0x4	801b2840	88	bb59180b9bf036a1
PL00.PAC	0x4	801b2898	68	a9a4d8411413a3df
PL00.PAC	0x4	801b28dc	64	f80a131af04e26d5
PL00.PAC	0x4	801b291c	120	e4a530a7a45f8906
PL00.PAC	0x4	801b2994	68	a9a4d8411413a3df
PL00.PAC	0x4	801b29d8	64	f80a131af04e26d5
PL00.PAC	0x4	801b2a18	120	118f6072a23dfe96
PL00.PAC	0x4	801b2a90	152	cfc14c6d94e540b7
PL00.PAC	0x4	801b2b28	140	6fbb69e265e6e2e2
PL00.PAC	0x4	801b2bb4	208	30a275a61b211188
PL00.PAC	0x4	801b2c84	64	f80a131af04e26d5
PL00.PAC	0x4	801b2cc4	60	8dbce732fd9f1462
PL00.PAC	0x4	801b2d00	68	a9a4d8411413a3df
PL00.PAC	0x4	801b2d44	84	ed7b8d3486506dee
PL00.PAC	0x4	801b2d98	136	26cf72f75bd5b7de
PL00.PAC	0x4	801b2e20	100	554e65d8ab68843d
PL00.PAC	0x4	801b2e84	80	22579d7343306d5f
PL00.PAC	0x4	801b2ed4	36	c54f04c517aa0972
PL00.PAC	0x4	801b2ef8	84	6e8f7800b7f951e5
PL00.PAC	0x4	801b2f4c	64	36d10b5e7bf2e0d2
PL00.PAC	0x4	801b2f8c	472	491deec1eddd6323
PL00.PAC	0x4	801b3164	64	8c33c089170d1f9b
PL00.PAC	0x4	801b31a4	124	a629db5df2898393
PL00.PAC	0x4	801b3220	116	68f879b8f3f2d20b
PL00.PAC	0x4	801b3294	72	b47cf830f0383c8e
PL00.PAC	0x4	801b32dc	56	b1f7f0a880d399fa
PL00.PAC	0x4	801b3314	32	20c3a8daad2ca1ef
PL00.PAC	0x4	801b3334	32	20c3a8daad2ca1ef
PL00.PAC	0x4	801b3354	32	20c3a8daad2ca1ef
PL00.PAC	0x4	801b3374	84	febaee0386ebdd4e
PL00.PAC	0x4	801b33c8	68	ecab8bdf9cd85cb0
PL00.PAC	0x4	801b340c	72	e98ca060bb0b3f02
PL00.PAC	0x4	801b3454	112	6f707a85330fafec
PL00.PAC	0x4	801b34c4	116	7198d52d368f2aa0
PL00.PAC	0x4	801b3538	64	ca9c4c0a9eec24c8
PL00.PAC	0x4	801b3578	92	fda822539f28d621
PL00.PAC	0x4	801b35d4	216	882ac74703c8f16d
PL00.PAC	0x4	801b36ac	20	469ab567c4e2c3e0
PL00.PAC	0x4	801b36c0	52	ff4a86c1d74e147f
PL00.PAC	0x4	801b36f4	64	32d8675844ff1048
PL00.PAC	0x4	801b3734	64	2299f4a0a44e4410
PL00.PAC	0x4	801b3774	84	ed7b8d3486506dee
PL00.PAC	0x4	801b37c8	220	3fd5ab1fa3930a90
PL00.PAC	0x4	801b38a4	104	40b6f04ee86a9f17
PL00.PAC	0x4	801b390c	124	753f4af47e3f406d
PL00.PAC	0x4	801b3988	84	ed7b8d3486506dee
PL00.PAC	0x4	801b39dc	264	1edef57489de2238
PL00.PAC	0x4	801b3ae4	104	40b6f04ee86a9f17
PL00.PAC	0x4	801b3b4c	168	757039a26858a7b9
PL00.PAC	0x4	801b3bf4	68	a9a4d8411413a3df
PL00.PAC	0x4	801b3c38	68	bc0afff0e487516f
PL00.PAC	0x4	801b3c7c	56	095aba7859e6c12d
PL00.PAC	0x4	801b3cb4	104	40b6f04ee86a9f17
PL00.PAC	0x4	801b3d1c	212	dc5054c5cc5e53a0
PL00X.PAC	0x5	801c8008	288	4ffa4ed93c22ee88
PL00X.PAC	0x5	801c8128	84	cedc6765857e02ca
PL00X.PAC	0x5	801c817c	64	ed0908076f86c2dd
PL00X.PAC	0x5	801c81bc	52	98c4e69364aef7ab
PL00X.PAC	0x5	801c81f0	80	b7aa45574ae4dd80
PL00X.PAC	0x5	801c8240	152	536a7906f785ecb0
PL00X.PAC	0x5	801c82d8	100	e5eeed45e67b2577
PL00X.PAC	0x5	801c833c	64	32d8675844ff1048
PL00X.PAC	0x5	801c837c	64	2299f4a0a44e4410
PL00X.PAC	0x5	801c83bc	84	ed7b8d3486506dee
PL00X.PAC	0x5	801c8410	276	7a36583620285e73
PL00X.PAC	0x5	801c8524	32	20c3a8daad2ca1ef
PL00X.PAC	0x5	801c8544	124	4d191c86e38ea028
PL00X.PAC	0x5	801c85c0	84	ed7b8d3486506dee
PL00X.PAC	0x5	801c8614	304	a5a95ebc21ab6f04
PL00X.PAC	0x5	801c8744	32	20c3a8daad2ca1ef
PL00X.PAC	0x5	801c8764	184	8913cbfd957868ec
PL00X.PAC	0x5	801c881c	72	ec2c9761c7a65cc3
PL00X.PAC	0x5	801c8864	68	bc0afff0e487516f
PL00X.PAC	0x5	801c88a8	48	5a5ddea2cfd5c3b7
PL00X.PAC	0x5	801c88d8	32	20c3a8daad2ca1ef
PL00X.PAC	0x5	801c88f8	148	e7a5ecd0c05f7001
PL00X.PAC	0x5	801c898c	516	4dc91e7e3a3f8f07
PL00X.PAC	0x5	801c8b90	244	0e9e39276630b56d
PL00X.PAC	0x5	801c8c84	140	7494ce403396130e
PL00X.PAC	0x5	801c8d10	80	27e96ba5d786abd7
PL00X.PAC	0x5	801c8d60	112	3e639d23b5fee348
PL00X.PAC	0x5	801c8dd0	80	27e96ba5d786abd7
PL00X.PAC	0x5	801c8e20	100	eaefe337418279e9
PL00X.PAC	0x5	801c8e84	116	579f8b7e8499b0c1
PL00X.PAC	0x5	801c8ef8	148	c907875a0659ed9b
PL00X.PAC	0x5	801c8f8c	108	606ebcce110ed4c7
PL00X.PAC	0x5	801c8ff8	140	6ffa0bf3d7bef9db
PL00X.PAC	0x5	801c9084	140	32ebbc7bf5add6a4
PL00X.PAC	0x5	801c9110	176	b6ae66400c64b422
PL00X.PAC	0x5	801c91c0	72	1843007a0cd541f3
PL00X.PAC	0x5	801c9208	8	c0b0db0a4fdd6d58
PL00X.PAC	0x5	801c9210	12	623bc7ad00743c72
PL00X.PAC	0x5	801c921c	12	e388712607e84daf
PL00X.PAC	0x5	801c9228	40	6019b953ae9ee996
PL00X.PAC	0x5	801c9250	20	719d31a9c40f47bc
PL00X.PAC	0x5	801c9264	12	267f6a23f7aec3f5
PL00X.PAC	0x5	801c9270	64	946de9087c599ba6
PL00X.PAC	0x5	801c92b0	64	946de9087c599ba6
PL00X.PAC	0x5	801c92f0	64	f80a131af04e26d5
PL00X.PAC	0x5	801c9330	200	f4aa8b1c1ae59dce
PL00X.PAC	0x5	801c93f8	64	87fc1018ee463769
PL00X.PAC	0x5	801c9438	180	79d41e5c4c0a744a
PL00X.PAC	0x5	801c94ec	104	2e4ae6142b756ceb
PL00X.PAC	0x5	801c9554	80	9cf6bd138b429e50
PL00X.PAC	0x5	801c95a4	92	b5a46cbfe7b33fba
PL00X.PAC	0x5	801c9600	160	c5dd631a6e209c95
PL00X.PAC	0x5	801c96a0	76	3afd18c278beffdf
PL00X.PAC	0x5	801c96ec	64	f80a131af04e26d5
PL00X.PAC	0x5	801c972c	128	45f60160de2ba76f
PL00X.PAC	0x5	801c97ac	300	6386be13c833085e
PL00X.PAC	0x5	801c98d8	128	339b95ff6839ae1a
PL00X.PAC	0x5	801c9958	64	f80a131af04e26d5
PL00X.PAC	0x5	801c9998	188	c507cef55ed208af
PL00X.PAC	0x5	801c9a54	188	3e3d2d47e7d18f3a
PL00X.PAC	0x5	801c9b10	148	eeb9760dc9c8f303
PL00X.PAC	0x5	801c9ba4	112	f2916fa21b6a1f21
PL00X.PAC	0x5	801c9c14	72	6d82b0e5b9c9d586
PL00X.PAC	0x5	801c9c5c	68	f2d67ee8fbdfc916
PL00X.PAC	0x5	801c9ca0	140	1769659d3083739a
PL00X.PAC	0x5	801c9d2c	300	a0b602191f6ff959
PL00X.PAC	0x5	801c9e58	160	dfc19f1f3be0337b
PL00X.PAC	0x5	801c9ef8	120	41a2a89cd25b2c73
PL00X.PAC	0x5	801c9f70	72	dc75d72ca66d2ceb
PL00X.PAC	0x5	801c9fb8	104	14c33501f1299295
PL00X.PAC	0x5	801ca020	72	6d82b0e5b9c9d586
PL00X.PAC	0x5	801ca068	64	f80a131af04e26d5
PL00X.PAC	0x5	801ca0a8	92	daa1c2adc6db92d9
PL00X.PAC	0x5	801ca104	132	9ae59e1b30d64c99
PL00X.PAC	0x5	801ca188	144	473ecfe9e862c165
PL00X.PAC	0x5	801ca218	372	4d76dd4e5d545960
PL00X.PAC	0x5	801ca38c	64	f80a131af04e26d5
PL00X.PAC	0x5	801ca3cc	108	cf6e1e4178193bc7
PL00X.PAC	0x5	801ca438	136	d86709833fe4755f
PL00X.PAC	0x5	801ca4c0	160	79232ef8fce90967
PL00X.PAC	0x5	801ca560	144	01776e4470ed59dd
PL00X.PAC	0x5	801ca5f0	128	ac106fc1f466ca71
PL00X.PAC	0x5	801ca670	96	81cf27a6c9370d6c
PL00X.PAC	0x5	801ca6d0	68	74f0d43faa7db730
PL00X.PAC	0x5	801ca714	64	f80a131af04e26d5
PL00X.PAC	0x5	801ca754	104	a73e99713b9e1202
PL00X.PAC	0x5	801ca7bc	68	a9a4d8411413a3df
PL00X.PAC	0x5	801ca800	64	f80a131af04e26d5
PL00X.PAC	0x5	801ca840	88	bb59180b9bf036a1
PL00X.PAC	0x5	801ca898	68	a9a4d8411413a3df
PL00X.PAC	0x5	801ca8dc	64	f80a131af04e26d5
PL00X.PAC	0x5	801ca91c	120	e4a530a7a45f8906
PL00X.PAC	0x5	801ca994	68	a9a4d8411413a3df
PL00X.PAC	0x5	801ca9d8	64	f80a131af04e26d5
PL00X.PAC	0x5	801caa18	120	118f6072a23dfe96
PL00X.PAC	0x5	801caa90	152	cfc14c6d94e540b7
PL00X.PAC	0x5	801cab28	140	6fbb69e265e6e2e2
PL00X.PAC	0x5	801cabb4	208	30a275a61b211188
PL00X.PAC	0x5	801cac84	64	f80a131af04e26d5
PL00X.PAC	0x5	801cacc4	60	8dbce732fd9f1462
PL00X.PAC	0x5	801cad00	68	a9a4d8411413a3df
PL00X.PAC	0x5	801cad44	84	ed7b8d3486506dee
PL00X.PAC	0x5	801cad98	136	26cf72f75bd5b7de
PL00X.PAC	0x5	801cae20	100	554e65d8ab68843d
PL00X.PAC	0x5	801cae84	80	22579d7343306d5f
PL00X.PAC	0x5	801caed4	36	c54f04c517aa0972
PL00X.PAC	0x5	801caef8	84	6e8f7800b7f951e5
PL00X.PAC	0x5	801caf4c	64	36d10b5e7bf2e0d2
PL00X.PAC	0x5	801caf8c	472	491deec1eddd6323
PL00X.PAC	0x5	801cb164	64	8c33c089170d1f9b
PL00X.PAC	0x5	801cb1a4	124	a629db5df2898393
PL00X.PAC	0x5	801cb220	116	68f879b8f3f2d20b
PL00X.PAC	0x5	801cb294	72	b47cf830f0383c8e
PL00X.PAC	0x5	801cb2dc	56	b1f7f0a880d399fa
PL00X.PAC	0x5	801cb314	32	20c3a8daad2ca1ef
PL00X.PAC	0x5	801cb334	32	20c3a8daad2ca1ef
PL00X.PAC	0x5	801cb354	32	20c3a8daad2ca1ef
PL00X.PAC	0x5	801cb374	84	febaee0386ebdd4e
PL00X.PAC	0x5	801cb3c8	68	ecab8bdf9cd85cb0
PL00X.PAC	0x5	801cb40c	72	e98ca060bb0b3f02
PL00X.PAC	0x5	801cb454	112	6f707a85330fafec
PL00X.PAC	0x5	801cb4c4	116	7198d52d368f2aa0
PL00X.PAC	0x5	801cb538	64	ca9c4c0a9eec24c8
PL00X.PAC	0x5	801cb578	92	fda822539f28d621
PL00X.PAC	0x5	801cb5d4	216	882ac74703c8f16d
PL00X.PAC	0x5	801cb6ac	20	469ab567c4e2c3e0
PL00X.PAC	0x5	801cb6c0	52	ff4a86c1d74e147f
PL00X.PAC	0x5	801cb6f4	64	32d8675844ff1048
PL00X.PAC	0x5	801cb734	64	2299f4a0a44e4410
PL00X.PAC	0x5	801cb774	84	ed7b8d3486506dee
PL00X.PAC	0x5	801cb7c8	220	3fd5ab1fa3930a90
PL00X.PAC	0x5	801cb8a4	104	40b6f04ee86a9f17
PL00X.PAC	0x5	801cb90c	124	753f4af47e3f406d
PL00X.PAC	0x5	801cb988	84	ed7b8d3486506dee
PL00X.PAC	0x5	801cb9dc	264	1edef57489de2238
PL00X.PAC	0x5	801cbae4	104	40b6f04ee86a9f17
PL00X.PAC	0x5	801cbb4c	168	757039a26858a7b9
PL00X.PAC	0x5	801cbbf4	68	a9a4d8411413a3df
PL00X.PAC	0x5	801cbc38	68	bc0afff0e487516f
PL00X.PAC	0x5	801cbc7c	56	095aba7859e6c12d
PL00X.PAC	0x5	801cbcb4	104	40b6f04ee86a9f17
PL00X.PAC	0x5	801cbd1c	212	dc5054c5cc5e53a0
PL00X.PAC	0xb	801e00c4	80	01b38db6e51a6e2c
PL00X.PAC	0xb	801e0114	200	9925f6a0462e7018
PL00X.PAC	0xb	801e01dc	168	f94dff2e6a70e0b4
PL00X.PAC	0xb	801e0284	80	e7cc7c2063606811
PL00X.PAC	0xb	801e02d4	32	20c3a8daad2ca1ef
PL00X.PAC	0xb	801e02f4	80	761a51516b816a02
PL00X.PAC	0xb	801e0344	308	f4c36be24325287e
PL00X.PAC	0xb	801e0478	8	6d64edf91449c1b1
PL00X.PAC	0xb	801e0480	240	95153558e4591053
PL00X.PAC	0xb	801e0570	8	6d64edf91449c1b1
PL00X.PAC	0xb	801e0578	40	5df525f2546652c3
PL00X.PAC	0xb	801e05a0	64	32a11589aa197860
PL00X.PAC	0xb	801e05e0	8	6d64edf91449c1b1
PL00X.PAC	0xb	801e05e8	200	3e4c41aaa9754fea
PL00X.PAC	0xb	801e06b0	32	51e4c421b4a6cfd1
PL00X.PAC	0xb	801e06d0	144	aab1c29e5af0db47
PL00X.PAC	0xb	801e0760	144	e2603eaab6bc8e63
PL00X.PAC	0xb	801e07f0	80	e67efed86fc85646
PL00X.PAC	0xb	801e0840	8	6d64edf91449c1b1
PL00X.PAC	0xb	801e0848	112	9505cb5082a9d7de
PL00X.PAC	0xb	801e08b8	32	20c3a8daad2ca1ef
PL00X.PAC	0xb	801e08d8	152	fab11aeee3154369
PL00X.PAC	0xb	801e0970	132	25b1f29bc8767fdf
PL00X.PAC	0xb	801e09f4	132	f8274b84e6fc5841
PL00X.PAC	0xb	801e0a78	624	7bd63906fc4f5a74
PL00X.PAC	0xb	801e0ce8	448	5097122ca8a382f8
PL00X.PAC	0xb	801e0ea8	372	9dca740de1eca033
PL00X.PAC	0xb	801e101c	216	8ae4ae0d0eb6576a
PL00X.PAC	0xb	801e10f4	80	761a51516b816a02
PL00X.PAC	0xb	801e1144	280	492cda1ad35a4af0
PL00X.PAC	0xb	801e125c	192	61e54bc487ce2aa2
PL00X.PAC	0xb	801e131c	160	1b9177c498e3aa2f
PL00X.PAC	0xb	801e13bc	244	ed7668ded7724b01
PL00X.PAC	0xb	801e14b0	100	6f930e9e6695455d
PL00X.PAC	0xb	801e1514	32	20c3a8daad2ca1ef
PL00X.PAC	0xb	801e1534	32	20c3a8daad2ca1ef
PL00X.PAC	0xb	801e1554	68	8274e771c8fc13d3
PL00X.PAC	0xb	801e1598	140	e72ded5a0546b193
PL00X.PAC	0xb	801e1624	32	4601b495e31df87c
PL00X.PAC	0xb	801e1644	88	d37b3bf8498db993
PL00X.PAC	0xb	801e169c	52	b0671003dc567c3c
PL00X.PAC	0xb	801e16d0	148	7c5b08c7a292dc2b
PL00X.PAC	0xb	801e1764	64	36d10b5e7bf2e0d2
PL00X.PAC	0xb	801e17a4	188	0b7fd91fc546ecd7
PL00X.PAC	0xb	801e1860	112	449447b551775bb4
PL00X.PAC	0xb	801e18d0	56	e2453e6d9c38eafb
PL00X.PAC	0xb	801e1908	52	df164bcbeef8d51f
PL00X.PAC	0xb	801e193c	176	c0a8c34c3fe23343
PL00X.PAC	0xb	801e19ec	104	b30efd52117cc737
PL00X.PAC	0xb	801e1a54	96	599117a2d77014aa
PL00X.PAC	0xb	801e1ab4	76	5123b1d6afe22d41
PL00X.PAC	0xb	801e1b00	32	20c3a8daad2ca1ef
PL00X.PAC	0xb	801e1b20	32	20c3a8daad2ca1ef
PL00X.PAC	0xb	801e1b40	36	41e1f7b3d4ffc427
PL00X.PAC	0xb	801e1b64	92	cccddef3b5e32238
PL00X.PAC	0xb	801e1bc0	64	36d10b5e7bf2e0d2
PL00X.PAC	0xb	801e1c00	108	70a578e0570bcc2d
PL00X.PAC	0xb	801e1c6c	112	d6acc8027dec520b
PL00X.PAC	0xb	801e1cdc	48	da00d64ef429d6d4
PL00X.PAC	0xb	801e1d0c	96	282bb9d8cd479932
PL00X.PAC	0xb	801e1d6c	624	623babba580e3b59
PL01.PAC	0x4	801b0000	264	827f6fdb56fa4fa6
PL01.PAC	0x4	801b0108	84	cedc6765857e02ca
PL01.PAC	0x4	801b015c	64	ed0908076f86c2dd
PL01.PAC	0x4	801b019c	52	98c4e69364aef7ab
PL01.PAC	0x4	801b01d0	80	b7aa45574ae4dd80
PL01.PAC	0x4	801b0220	156	1a0c446ea66ec566
PL01.PAC	0x4	801b02bc	100	eeafc980fb739e5c
PL01.PAC	0x4	801b0320	64	32d8675844ff1048
PL01.PAC	0x4	801b0360	64	2299f4a0a44e4410
PL01.PAC	0x4	801b03a0	184	687c658fac6dbc53
PL01.PAC	0x4	801b0458	84	ed7b8d3486506dee
PL01.PAC	0x4	801b04ac	328	f686523cead47abc
PL01.PAC	0x4	801b05f4	32	20c3a8daad2ca1ef
PL01.PAC	0x4	801b0614	124	4d191c86e38ea028
PL01.PAC	0x4	801b0690	76	8402675c67fa79f1
PL01.PAC	0x4	801b06dc	288	18fa58edef054d57
PL01.PAC	0x4	801b07fc	456	19f5289dfca0db5a
PL01.PAC	0x4	801b09c4	252	313ad9dc0ee7016d
PL01.PAC	0x4	801b0ac0	140	32ebbc7bf5add6a4
PL01.PAC	0x4	801b0b4c	140	6162f1f37d265452
PL01.PAC	0x4	801b0bd8	116	579f8b7e8499b0c1
PL01.PAC	0x4	801b0c4c	148	c907875a0659ed9b
PL01.PAC	0x4	801b0ce0	116	f58f9d77819e51e5
PL01.PAC	0x4	801b0d54	176	b6ae66400c64b422
PL01.PAC	0x4	801b0e04	108	55a69b9837ca6ca8
PL01.PAC	0x4	801b0e70	136	91e7548e77332204
PL01.PAC	0x4	801b0ef8	80	27e96ba5d786abd7
PL01.PAC	0x4	801b0f48	112	b7bdf89233d23b9d
PL01.PAC	0x4	801b0fb8	80	27e96ba5d786abd7
PL01.PAC	0x4	801b1008	104	a824c428850ffcb8
PL01.PAC	0x4	801b1070	72	1843007a0cd541f3
PL01.PAC	0x4	801b10b8	8	c0b0db0a4fdd6d58
PL01.PAC	0x4	801b10c0	12	7af2433601e2eac3
PL01.PAC	0x4	801b10cc	12	e388712607e84daf
PL01.PAC	0x4	801b10d8	20	719d31a9c40f47bc
PL01.PAC	0x4	801b10ec	12	267f6a23f7aec3f5
PL01.PAC	0x4	801b10f8	64	946de9087c599ba6
PL01.PAC	0x4	801b1138	64	946de9087c599ba6
PL01.PAC	0x4	801b1178	84	ed7b8d3486506dee
PL01.PAC	0x4	801b11cc	204	d6b0f754b5981030
PL01.PAC	0x4	801b1298	72	e049bbae2cef4ca1
PL01.PAC	0x4	801b12e0	164	096a178e0509e024
PL01.PAC	0x4	801b1384	192	c9a166adc115dd7f
PL01.PAC	0x4	801b1444	92	b5a46cbfe7b33fba
PL01.PAC	0x4	801b14a0	160	4d64c61e9dd70742
PL01.PAC	0x4	801b1540	76	3afd18c278beffdf
PL01.PAC	0x4	801b158c	84	ed7b8d3486506dee
PL01.PAC	0x4	801b15e0	128	364fb9ba248e7ef8
PL01.PAC	0x4	801b1660	336	4b30c26462a7b223
PL01.PAC	0x4	801b17b0	128	339b95ff6839ae1a
PL01.PAC	0x4	801b1830	64	f80a131af04e26d5
PL01.PAC	0x4	801b1870	228	77ee5e96478bcb8b
PL01.PAC	0x4	801b1954	192	4af7994a94da900f
PL01.PAC	0x4	801b1a14	148	d4b043b3c2dcd598
PL01.PAC	0x4	801b1aa8	104	acee39c97f5d19b4
PL01.PAC	0x4	801b1b10	72	6d82b0e5b9c9d586
PL01.PAC	0x4	801b1b58	68	f2d67ee8fbdfc916
PL01.PAC	0x4	801b1b9c	140	92a8801e7c4ccd4d
PL01.PAC	0x4	801b1c28	304	4c431335d76e1fec
PL01.PAC	0x4	801b1d58	160	8cedf2ff4e48747e
PL01.PAC	0x4	801b1df8	120	41a2a89cd25b2c73
PL01.PAC	0x4	801b1e70	72	dc75d72ca66d2ceb
PL01.PAC	0x4	801b1eb8	104	14c33501f1299295
PL01.PAC	0x4	801b1f20	72	6d82b0e5b9c9d586
PL01.PAC	0x4	801b1f68	64	f80a131af04e26d5
PL01.PAC	0x4	801b1fa8	140	27e38bb33985138a
PL01.PAC	0x4	801b2034	100	957dfee5121a305e
PL01.PAC	0x4	801b2098	112	0ee9783531db6d2a
PL01.PAC	0x4	801b2108	244	2e761f9412d792d0
PL01.PAC	0x4	801b21fc	172	75b78d096685913f
PL01.PAC	0x4	801b22a8	152	1da6e261d1201202
PL01.PAC	0x4	801b2340	72	6d82b0e5b9c9d586
PL01.PAC	0x4	801b2388	64	f80a131af04e26d5
PL01.PAC	0x4	801b23c8	128	fc9a85ddcdc68369
PL01.PAC	0x4	801b2448	128	995510bc464a9bfc
PL01.PAC	0x4	801b24c8	404	73a8b11616211d85
PL01.PAC	0x4	801b265c	196	edeaf2e05c850727
PL01.PAC	0x4	801b2720	88	ac5c3d9b31777936
PL01.PAC	0x4	801b2778	152	1da6e261d1201202
PL01.PAC	0x4	801b2810	72	6d82b0e5b9c9d586
PL01.PAC	0x4	801b2858	64	f80a131af04e26d5
PL01.PAC	0x4	801b2898	132	5a41e7371b24b93e
PL01.PAC	0x4	801b291c	108	68ab1a48b6f33089
PL01.PAC	0x4	801b2988	64	f80a131af04e26d5
PL01.PAC	0x4	801b29c8	104	b0d2e18db31501d8
PL01.PAC	0x4	801b2a30	112	772d6c16cf89011e
PL01.PAC	0x4	801b2aa0	64	f80a131af04e26d5
PL01.PAC	0x4	801b2ae0	84	ab70daa8b8c07a1c
PL01.PAC	0x4	801b2b34	64	f80a131af04e26d5
PL01.PAC	0x4	801b2b74	156	8c189856ceef7d48
PL01.PAC	0x4	801b2c10	68	a9a4d8411413a3df
PL01.PAC	0x4	801b2c54	64	f80a131af04e26d5
PL01.PAC	0x4	801b2c94	120	118f6072a23dfe96
PL01.PAC	0x4	801b2d0c	152	f36c3214a0ec83d7
PL01.PAC	0x4	801b2da4	140	6fbb69e265e6e2e2
PL01.PAC	0x4	801b2e30	208	30a275a61b211188
PL01.PAC	0x4	801b2f00	64	f80a131af04e26d5
PL01.PAC	0x4	801b2f40	92	bb8dc34e77eb4a98
PL01.PAC	0x4	801b2f9c	148	940c8503f62d036f
PL01.PAC	0x4	801b3030	104	7bcba11087855d42
PL01.PAC	0x4	801b3098	160	394d8efaf88cc117
PL01.PAC	0x4	801b3138	68	a9a4d8411413a3df
PL01.PAC	0x4	801b317c	96	272dbdd05fc4f4c0
PL01.PAC	0x4	801b31dc	64	f80a131af04e26d5
PL01.PAC	0x4	801b321c	100	36796e7c1082db25
PL01.PAC	0x4	801b3280	392	72cb3fffe67e138c
PL01.PAC	0x4	801b3408	416	818a335c172f7384
PL01.PAC	0x4	801b35a8	68	a9a4d8411413a3df
PL01.PAC	0x4	801b35ec	84	ed7b8d3486506dee
PL01.PAC	0x4	801b3640	184	83223eb29189d875
PL01.PAC	0x4	801b36f8	64	87fc1018ee463769
PL01.PAC	0x4	801b3738	156	01d09d3215fa7545
PL01.PAC	0x4	801b37d4	104	f5210e6120b353a5
PL01.PAC	0x4	801b383c	80	1d49b54cb498cfe5
PL01.PAC	0x4	801b388c	56	d1520591bfe8b870
PL01.PAC	0x4	801b38c4	84	ed7b8d3486506dee
PL01.PAC	0x4	801b3918	132	bccf09564da186a8
PL01.PAC	0x4	801b399c	76	5721e8a759e48c98
PL01.PAC	0x4	801b39e8	124	15c4bececddbfd52
PL01.PAC	0x4	801b3a64	116	087fa515218f69dc
PL01.PAC	0x4	801b3ad8	80	1d49b54cb498cfe5
PL01.PAC	0x4	801b3b28	36	c54f04c517aa0972
PL01.PAC	0x4	801b3b4c	84	6e8f7800b7f951e5
PL01.PAC	0x4	801b3ba0	64	36d10b5e7bf2e0d2
PL01.PAC	0x4	801b3be0	284	c2872673e2cdaa97
PL01.PAC	0x4	801b3cfc	64	8c33c089170d1f9b
PL01.PAC	0x4	801b3d3c	84	febaee0386ebdd4e
PL01.PAC	0x4	801b3d90	52	ec8d97cdedcd90a8
PL01.PAC	0x4	801b3dc4	68	46063dfa2f598871
PL01.PAC	0x4	801b3e08	72	3df03ea0a889b61e
PL01.PAC	0x4	801b3e50	64	ca9c4c0a9eec24c8
PL01.PAC	0x4	801b3e90	92	fda822539f28d621
PL01.PAC	0x4	801b3eec	216	882ac74703c8f16d
PL01.PAC	0x4	801b3fc4	20	469ab567c4e2c3e0
PL01.PAC	0x4	801b3fd8	52	ff4a86c1d74e147f
PL01.PAC	0x4	801b400c	64	32d8675844ff1048
PL01.PAC	0x4	801b404c	64	2299f4a0a44e4410
PL01.PAC	0x4	801b408c	64	f80a131af04e26d5
PL01.PAC	0x4	801b40cc	144	20664dfe5e0dab08
PL01.PAC	0x4	801b415c	104	40b6f04ee86a9f17
PL01.PAC	0x4	801b41c4	84	ed7b8d3486506dee
PL01.PAC	0x4	801b4218	272	194951a8c591fc8d
PL01.PAC	0x4	801b4328	104	40b6f04ee86a9f17
PL01.PAC	0x4	801b4390	128	913b05293ae0d2f9
PL01.PAC	0x4	801b4410	68	bc0afff0e487516f
PL01.PAC	0x4	801b4454	56	095aba7859e6c12d
PL01.PAC	0x4	801b448c	104	40b6f04ee86a9f17
PL01.PAC	0x4	801b44f4	320	fcf09cd5d352404a
PL01.PAC	0x4	801b4634	64	36d10b5e7bf2e0d2
PL01.PAC	0x4	801b4674	104	f332ee080a68fa38
PL01.PAC	0x4	801b46dc	208	86ecbaf6bf43e989
PL01.PAC	0x4	801b47ac	32	20c3a8daad2ca1ef
PL01.PAC	0x4	801b47cc	312	b821117776c1d778
PL01X.PAC	0x5	801c8000	264	827f6fdb56fa4fa6
PL01X.PAC	0x5	801c8108	84	cedc6765857e02ca
PL01X.PAC	0x5	801c815c	64	ed0908076f86c2dd
PL01X.PAC	0x5	801c819c	52	98c4e69364aef7ab
PL01X.PAC	0x5	801c81d0	80	b7aa45574ae4dd80
PL01X.PAC	0x5	801c8220	156	1a0c446ea66ec566
PL01X.PAC	0x5	801c82bc	100	eeafc980fb739e5c
PL01X.PAC	0x5	801c8320	64	32d8675844ff1048
PL01X.PAC	0x5	801c8360	64	2299f4a0a44e4410
PL01X.PAC	0x5	801c83a0	184	687c658fac6dbc53
PL01X.PAC	0x5	801c8458	84	ed7b8d3486506dee
PL01X.PAC	0x5	801c84ac	328	f686523cead47abc
PL01X.PAC	0x5	801c85f4	32	20c3a8daad2ca1ef
PL01X.PAC	0x5	801c8614	124	4d191c86e38ea028
PL01X.PAC	0x5	801c8690	76	8402675c67fa79f1
PL01X.PAC	0x5	801c86dc	288	18fa58edef054d57
PL01X.PAC	0x5	801c87fc	456	19f5289dfca0db5a
PL01X.PAC	0x5	801c89c4	252	313ad9dc0ee7016d
PL01X.PAC	0x5	801c8ac0	140	32ebbc7bf5add6a4
PL01X.PAC	0x5	801c8b4c	140	6162f1f37d265452
PL01X.PAC	0x5	801c8bd8	116	579f8b7e8499b0c1
PL01X.PAC	0x5	801c8c4c	148	c907875a0659ed9b
PL01X.PAC	0x5	801c8ce0	116	f58f9d77819e51e5
PL01X.PAC	0x5	801c8d54	176	b6ae66400c64b422
PL01X.PAC	0x5	801c8e04	108	55a69b9837ca6ca8
PL01X.PAC	0x5	801c8e70	136	91e7548e77332204
PL01X.PAC	0x5	801c8ef8	80	27e96ba5d786abd7
PL01X.PAC	0x5	801c8f48	112	b7bdf89233d23b9d
PL01X.PAC	0x5	801c8fb8	80	27e96ba5d786abd7
PL01X.PAC	0x5	801c9008	104	a824c428850ffcb8
PL01X.PAC	0x5	801c9070	72	1843007a0cd541f3
PL01X.PAC	0x5	801c90b8	8	c0b0db0a4fdd6d58
PL01X.PAC	0x5	801c90c0	12	7af2433601e2eac3
PL01X.PAC	0x5	801c90cc	12	e388712607e84daf
PL01X.PAC	0x5	801c90d8	20	719d31a9c40f47bc
PL01X.PAC	0x5	801c90ec	12	267f6a23f7aec3f5
PL01X.PAC	0x5	801c90f8	64	946de9087c599ba6
PL01X.PAC	0x5	801c9138	64	946de9087c599ba6
PL01X.PAC	0x5	801c9178	84	ed7b8d3486506dee
PL01X.PAC	0x5	801c91cc	204	d6b0f754b5981030
PL01X.PAC	0x5	801c9298	72	e049bbae2cef4ca1
PL01X.PAC	0x5	801c92e0	164	096a178e0509e024
PL01X.PAC	0x5	801c9384	192	c9a166adc115dd7f
PL01X.PAC	0x5	801c9444	92	b5a46cbfe7b33fba
PL01X.PAC	0x5	801c94a0	160	4d64c61e9dd70742
PL01X.PAC	0x5	801c9540	76	3afd18c278beffdf
PL01X.PAC	0x5	801c958c	84	ed7b8d3486506dee
PL01X.PAC	0x5	801c95e0	128	364fb9ba248e7ef8
PL01X.PAC	0x5	801c9660	336	4b30c26462a7b223
PL01X.PAC	0x5	801c97b0	128	339b95ff6839ae1a
PL01X.PAC	0x5	801c9830	64	f80a131af04e26d5
PL01X.PAC	0x5	801c9870	228	77ee5e96478bcb8b
PL01X.PAC	0x5	801c9954	192	4af7994a94da900f
PL01X.PAC	0x5	801c9a14	148	d4b043b3c2dcd598
PL01X.PAC	0x5	801c9aa8	104	acee39c97f5d19b4
PL01X.PAC	0x5	801c9b10	72	6d82b0e5b9c9d586
PL01X.PAC	0x5	801c9b58	68	f2d67ee8fbdfc916
PL01X.PAC	0x5	801c9b9c	140	92a8801e7c4ccd4d
PL01X.PAC	0x5	801c9c28	304	4c431335d76e1fec
PL01X.PAC	0x5	801c9d58	160	8cedf2ff4e48747e
PL01X.PAC	0x5	801c9df8	120	41a2a89cd25b2c73
PL01X.PAC	0x5	801c9e70	72	dc75d72ca66d2ceb
PL01X.PAC	0x5	801c9eb8	104	14c33501f1299295
PL01X.PAC	0x5	801c9f20	72	6d82b0e5b9c9d586
PL01X.PAC	0x5	801c9f68	64	f80a131af04e26d5
PL01X.PAC	0x5	801c9fa8	140	27e38bb33985138a
PL01X.PAC	0x5	801ca034	100	957dfee5121a305e
PL01X.PAC	0x5	801ca098	112	0ee9783531db6d2a
PL01X.PAC	0x5	801ca108	244	2e761f9412d792d0
PL01X.PAC	0x5	801ca1fc	172	75b78d096685913f
PL01X.PAC	0x5	801ca2a8	152	1da6e261d1201202
PL01X.PAC	0x5	801ca340	72	6d82b0e5b9c9d586
PL01X.PAC	0x5	801ca388	64	f80a131af04e26d5
PL01X.PAC	0x5	801ca3c8	128	fc9a85ddcdc68369
PL01X.PAC	0x5	801ca448	128	995510bc464a9bfc
PL01X.PAC	0x5	801ca4c8	404	73a8b11616211d85
PL01X.PAC	0x5	801ca65c	196	edeaf2e05c850727
PL01X.PAC	0x5	801ca720	88	ac5c3d9b31777936
PL01X.PAC	0x5	801ca778	152	1da6e261d1201202
PL01X.PAC	0x5	801ca810	72	6d82b0e5b9c9d586
PL01X.PAC	0x5	801ca858	64	f80a131af04e26d5
PL01X.PAC	0x5	801ca898	132	5a41e7371b24b93e
PL01X.PAC	0x5	801ca91c	108	68ab1a48b6f33089
PL01X.PAC	0x5	801ca988	64	f80a131af04e26d5
PL01X.PAC	0x5	801ca9c8	104	b0d2e18db31501d8
PL01X.PAC	0x5	801caa30	112	772d6c16cf89011e
PL01X.PAC	0x5	801caaa0	64	f80a131af04e26d5
PL01X.PAC	0x5	801caae0	84	ab70daa8b8c07a1c
PL01X.PAC	0x5	801cab34	64	f80a131af04e26d5
PL01X.PAC	0x5	801cab74	156	8c189856ceef7d48
PL01X.PAC	0x5	801cac10	68	a9a4d8411413a3df
PL01X.PAC	0x5	801cac54	64	f80a131af04e26d5
PL01X.PAC	0x5	801cac94	120	118f6072a23dfe96
PL01X.PAC	0x5	801cad0c	152	f36c3214a0ec83d7
PL01X.PAC	0x5	801cada4	140	6fbb69e265e6e2e2
PL01X.PAC	0x5	801cae30	208	30a275a61b211188
PL01X.PAC	0x5	801caf00	64	f80a131af04e26d5
PL01X.PAC	0x5	801caf40	92	bb8dc34e77eb4a98
PL01X.PAC	0x5	801caf9c	148	940c8503f62d036f
PL01X.PAC	0x5	801cb030	104	7bcba11087855d42
PL01X.PAC	0x5	801cb098	160	394d8efaf88cc117
PL01X.PAC	0x5	801cb138	68	a9a4d8411413a3df
PL01X.PAC	0x5	801cb17c	96	272dbdd05fc4f4c0
PL01X.PAC	0x5	801cb1dc	64	f80a131af04e26d5
PL01X.PAC	0x5	801cb21c	100	36796e7c1082db25
PL01X.PAC	0x5	801cb280	392	72cb3fffe67e138c
PL01X.PAC	0x5	801cb408	416	818a335c172f7384
PL01X.PAC	0x5	801cb5a8	68	a9a4d8411413a3df
PL01X.PAC	0x5	801cb5ec	84	ed7b8d3486506dee
PL01X.PAC	0x5	801cb640	184	83223eb29189d875
PL01X.PAC	0x5	801cb6f8	64	87fc1018ee463769
PL01X.PAC	0x5	801cb738	156	01d09d3215fa7545
PL01X.PAC	0x5	801cb7d4	104	f5210e6120b353a5
PL01X.PAC	0x5	801cb83c	80	1d49b54cb498cfe5
PL01X.PAC	0x5	801cb88c	56	d1520591bfe8b870
PL01X.PAC	0x5	801cb8c4	84	ed7b8d3486506dee
PL01X.PAC	0x5	801cb918	132	bccf09564da186a8
PL01X.PAC	0x5	801cb99c	76	5721e8a759e48c98
PL01X.PAC	0x5	801cb9e8	124	15c4bececddbfd52
PL01X.PAC	0x5	801cba64	116	087fa515218f69dc
PL01X.PAC	0x5	801cbad8	80	1d49b54cb498cfe5
PL01X.PAC	0x5	801cbb28	36	c54f04c517aa0972
PL01X.PAC	0x5	801cbb4c	84	6e8f7800b7f951e5
PL01X.PAC	0x5	801cbba0	64	36d10b5e7bf2e0d2
PL01X.PAC	0x5	801cbbe0	284	c2872673e2cdaa97
PL01X.PAC	0x5	801cbcfc	64	8c33c089170d1f9b
PL01X.PAC	0x5	801cbd3c	84	febaee0386ebdd4e
PL01X.PAC	0x5	801cbd90	52	ec8d97cdedcd90a8
PL01X.PAC	0x5	801cbdc4	68	46063dfa2f598871
PL01X.PAC	0x5	801cbe08	72	3df03ea0a889b61e
PL01X.PAC	0x5	801cbe50	64	ca9c4c0a9eec24c8
PL01X.PAC	0x5	801cbe90	92	fda822539f28d621
PL01X.PAC	0x5	801cbeec	216	882ac74703c8f16d
PL01X.PAC	0x5	801cbfc4	20	469ab567c4e2c3e0
PL01X.PAC	0x5	801cbfd8	52	ff4a86c1d74e147f
PL01X.PAC	0x5	801cc00c	64	32d8675844ff1048
PL01X.PAC	0x5	801cc04c	64	2299f4a0a44e4410
PL01X.PAC	0x5	801cc08c	64	f80a131af04e26d5
PL01X.PAC	0x5	801cc0cc	144	20664dfe5e0dab08
PL01X.PAC	0x5	801cc15c	104	40b6f04ee86a9f17
PL01X.PAC	0x5	801cc1c4	84	ed7b8d3486506dee
PL01X.PAC	0x5	801cc218	272	194951a8c591fc8d
PL01X.PAC	0x5	801cc328	104	40b6f04ee86a9f17
PL01X.PAC	0x5	801cc390	128	913b05293ae0d2f9
PL01X.PAC	0x5	801cc410	68	bc0afff0e487516f
PL01X.PAC	0x5	801cc454	56	095aba7859e6c12d
PL01X.PAC	0x5	801cc48c	104	40b6f04ee86a9f17
PL01X.PAC	0x5	801cc4f4	320	fcf09cd5d352404a
PL01X.PAC	0x5	801cc634	64	36d10b5e7bf2e0d2
PL01X.PAC	0x5	801cc674	104	f332ee080a68fa38
PL01X.PAC	0x5	801cc6dc	208	86ecbaf6bf43e989
PL01X.PAC	0x5	801cc7ac	32	20c3a8daad2ca1ef
PL01X.PAC	0x5	801cc7cc	312	b821117776c1d778
PL02.PAC	0x4	801b0000	280	85a1acb449289580
PL02.PAC	0x4	801b0118	144	2233f07489b7a606
PL02.PAC	0x4	801b01a8	68	d2480e91395a081b
PL02.PAC	0x4	801b01ec	68	060e25ec9df004a1
PL02.PAC	0x4	801b0230	64	f80a131af04e26d5
PL02.PAC	0x4	801b0270	284	4be595a544e03536
PL02.PAC	0x4	801b038c	32	20c3a8daad2ca1ef
PL02.PAC	0x4	801b03ac	120	57a45b434c0e74aa
PL02.PAC	0x4	801b0424	64	f80a131af04e26d5
PL02.PAC	0x4	801b0464	320	a44f531e4469cc5f
PL02.PAC	0x4	801b05a4	184	055628e39c903661
PL02.PAC	0x4	801b065c	68	a9a4d8411413a3df
PL02.PAC	0x4	801b06a0	68	bc0afff0e487516f
PL02.PAC	0x4	801b06e4	48	5a5ddea2cfd5c3b7
PL02.PAC	0x4	801b0714	292	240521965ce8b809
PL02.PAC	0x4	801b0838	64	f80a131af04e26d5
PL02.PAC	0x4	801b0878	76	c5da597fd28c4a43
PL02.PAC	0x4	801b08c4	124	85b4aaf0eaac6240
PL02.PAC	0x4	801b0940	716	2b470e131f59ffa8
PL02.PAC	0x4	801b0c0c	252	05b2801740351998
PL02.PAC	0x4	801b0d08	108	2181981d3f530864
PL02.PAC	0x4	801b0d74	108	635021a9ca55ba8e
PL02.PAC	0x4	801b0de0	136	d1313d0afbdea65a
PL02.PAC	0x4	801b0e68	140	818e97ed770c0e7f
PL02.PAC	0x4	801b0ef4	116	8bee008137467ece
PL02.PAC	0x4	801b0f68	112	d787eb3c4541c4d8
PL02.PAC	0x4	801b0fd8	68	b97ab1b1f8a26fd5
PL02.PAC	0x4	801b101c	144	f30d7ec9ddc004e5
PL02.PAC	0x4	801b10ac	184	6ded8032146c756c
PL02.PAC	0x4	801b1164	124	7ab5a854a617ad20
PL02.PAC	0x4	801b11e0	184	ebdee3e777ecba56
PL02.PAC	0x4	801b1298	124	7656e7d536b7d8b2
PL02.PAC	0x4	801b1314	112	04b1512fd742f30a
PL02.PAC	0x4	801b1384	264	169eb93c59aed798
PL02.PAC	0x4	801b148c	188	69fe941f9f828f23
PL02.PAC	0x4	801b1548	160	c0adfcfc035510e3
PL02.PAC	0x4	801b15e8	176	f860972b4a1b2fd1
PL02.PAC	0x4	801b1698	152	b4f0d0df6aa28bad
PL02.PAC	0x4	801b1730	72	1843007a0cd541f3
PL02.PAC	0x4	801b1778	8	c0b0db0a4fdd6d58
PL02.PAC	0x4	801b1780	12	623bc7ad00743c72
PL02.PAC	0x4	801b178c	12	e388712607e84daf
PL02.PAC	0x4	801b1798	64	e371089f0b403609
PL02.PAC	0x4	801b17d8	44	d78c56f5d65d9899
PL02.PAC	0x4	801b1804	20	719d31a9c40f47bc
PL02.PAC	0x4	801b1818	60	bb68d3adb0721ac5
PL02.PAC	0x4	801b1854	20	a76560a1b011a52b
PL02.PAC	0x4	801b1868	12	267f6a23f7aec3f5
PL02.PAC	0x4	801b1874	64	946de9087c599ba6
PL02.PAC	0x4	801b18b4	64	946de9087c599ba6
PL02.PAC	0x4	801b18f4	64	f80a131af04e26d5
PL02.PAC	0x4	801b1934	264	4a28946b4f2e9b12
PL02.PAC	0x4	801b1a3c	64	87fc1018ee463769
PL02.PAC	0x4	801b1a7c	192	f2ad2c0661dca287
PL02.PAC	0x4	801b1b3c	132	27bc1dd5fffce228
PL02.PAC	0x4	801b1bc0	112	5ba0cbcfdf2deabb
PL02.PAC	0x4	801b1c30	144	c54e2225f706ee67
PL02.PAC	0x4	801b1cc0	76	3afd18c278beffdf
PL02.PAC	0x4	801b1d0c	64	f80a131af04e26d5
PL02.PAC	0x4	801b1d4c	116	dfe7ae47b0e86a04
PL02.PAC	0x4	801b1dc0	336	4fb892d926ecb92c
PL02.PAC	0x4	801b1f10	140	2dbe7a094196754e
PL02.PAC	0x4	801b1f9c	64	f80a131af04e26d5
PL02.PAC	0x4	801b1fdc	248	5944c4e23d897d53
PL02.PAC	0x4	801b20d4	208	8b321791d67b9b8a
PL02.PAC	0x4	801b21a4	152	6b1c143c1be40ac0
PL02.PAC	0x4	801b223c	76	61e75c5a374400b8
PL02.PAC	0x4	801b2288	72	6d82b0e5b9c9d586
PL02.PAC	0x4	801b22d0	64	f80a131af04e26d5
PL02.PAC	0x4	801b2310	248	de7fb58916daf392
PL02.PAC	0x4	801b2408	168	c544efae0c480ab9
PL02.PAC	0x4	801b24b0	124	6f0f2a3b307a291c
PL02.PAC	0x4	801b252c	88	06df0417b797dd5c
PL02.PAC	0x4	801b2584	64	28bcebf5dcd0f279
PL02.PAC	0x4	801b25c4	64	f80a131af04e26d5
PL02.PAC	0x4	801b2604	92	52d862ce469f6737
PL02.PAC	0x4	801b2660	432	5294bc3125ffc9c1
PL02.PAC	0x4	801b2810	172	1410d2ce9c36f594
PL02.PAC	0x4	801b28bc	124	0f358e6e172822f2
PL02.PAC	0x4	801b2938	68	a9a4d8411413a3df
PL02.PAC	0x4	801b297c	64	f80a131af04e26d5
PL02.PAC	0x4	801b29bc	100	30b1ba815802a4db
PL02.PAC	0x4	801b2a20	148	3c852e4afc32e899
PL02.PAC	0x4	801b2ab4	120	b5f325738782b2bc
PL02.PAC	0x4	801b2b2c	376	c4e3876e008f9067
PL02.PAC	0x4	801b2ca4	92	704574182db96dda
PL02.PAC	0x4	801b2d00	64	f80a131af04e26d5
PL02.PAC	0x4	801b2d40	120	abcfa3dd99669740
PL02.PAC	0x4	801b2db8	128	c7bed3deadd54355
PL02.PAC	0x4	801b2e38	376	cb2c02d31a805b08
PL02.PAC	0x4	801b2fb0	196	88bf3e7ad0db2f0a
PL02.PAC	0x4	801b3074	88	ac5c3d9b31777936
PL02.PAC	0x4	801b30cc	152	f08bf030316fde59
PL02.PAC	0x4	801b3164	64	f80a131af04e26d5
PL02.PAC	0x4	801b31a4	196	7d38857e5a8bee29
PL02.PAC	0x4	801b3268	64	f80a131af04e26d5
PL02.PAC	0x4	801b32a8	192	82fd9affc04d0e8b
PL02.PAC	0x4	801b3368	148	9c1f61fd59aa7bb3
PL02.PAC	0x4	801b33fc	256	311fe89b516618a7
PL02.PAC	0x4	801b34fc	160	aca786e458efd534
PL02.PAC	0x4	801b359c	48	7c02e839e0aa1010
PL02.PAC	0x4	801b35cc	64	f80a131af04e26d5
PL02.PAC	0x4	801b360c	108	c933eda69b4645d9
PL02.PAC	0x4	801b3678	236	bb3b0db1d575b925
PL02.PAC	0x4	801b3764	364	7a802f7d37fee1eb
PL02.PAC	0x4	801b38d0	284	4c8792c24fd63985
PL02.PAC	0x4	801b39ec	124	7142333520bc432c
PL02.PAC	0x4	801b3a68	64	f80a131af04e26d5
PL02.PAC	0x4	801b3aa8	100	0eba4ee8601aedf6
PL02.PAC	0x4	801b3b0c	104	11ce267e36b62220
PL02.PAC	0x4	801b3b74	352	fa74539e696a92df
PL02.PAC	0x4	801b3cd4	64	f80a131af04e26d5
PL02.PAC	0x4	801b3d14	128	cceea454a7f15e4a
PL02.PAC	0x4	801b3d94	172	8ec765747a6f3aa2
PL02.PAC	0x4	801b3e40	108	a1c19d666b640353
PL02.PAC	0x4	801b3eac	76	a9098e667412139d
PL02.PAC	0x4	801b3ef8	244	96ec527146896c93
PL02.PAC	0x4	801b3fec	100	31a6549ad28c65e6
PL02.PAC	0x4	801b4050	228	bc0815d9e588e575
PL02.PAC	0x4	801b4134	76	c57d3a6ac91dfaba
PL02.PAC	0x4	801b4180	132	06c92d254e1ab984
PL02.PAC	0x4	801b4204	64	f80a131af04e26d5
PL02.PAC	0x4	801b4244	76	454059e8ec8228e3
PL02.PAC	0x4	801b4290	124	158ac7f2261270cb
PL02.PAC	0x4	801b430c	64	f80a131af04e26d5
PL02.PAC	0x4	801b434c	124	48e0e78080db1402
PL02.PAC	0x4	801b43c8	108	68ab1a48b6f33089
PL02.PAC	0x4	801b4434	64	f80a131af04e26d5
PL02.PAC	0x4	801b4474	64	f80a131af04e26d5
PL02.PAC	0x4	801b44b4	120	97b9122a400bc67b
PL02.PAC	0x4	801b452c	220	c7cb9d97590ecced
PL02.PAC	0x4	801b4608	204	7c36c0da33364fb1
PL02.PAC	0x4	801b46d4	344	cabb8547bc553df0
PL02.PAC	0x4	801b482c	288	f01f0ff684317105
PL02.PAC	0x4	801b494c	396	733978be3fed1445
PL02.PAC	0x4	801b4ad8	144	29c567035ba79c2a
PL02.PAC	0x4	801b4b68	56	4a9f9086b183d248
PL02.PAC	0x4	801b4ba0	148	b2bbd85331d537d1
PL02.PAC	0x4	801b4c34	56	f4e4acf4872fb9f0
PL02.PAC	0x4	801b4c6c	188	d380cb1c8a825a2e
PL02.PAC	0x4	801b4d28	232	da0c2ccbb501e3d8
PL02.PAC	0x4	801b4e10	88	8a7e1f30f50ee210
PL02.PAC	0x4	801b4e68	164	21bb94604a24badb
PL02.PAC	0x4	801b4f0c	388	68e51d6ba797226e
PL02.PAC	0x4	801b5090	244	9b41c06959e8ff6e
PL02.PAC	0x4	801b5184	176	266d9231f0bbef10
PL02.PAC	0x4	801b5234	92	e7490bd3428b3087
PL02.PAC	0x4	801b5290	140	80175807ac0cc171
PL02.PAC	0x4	801b531c	144	8077f2fdfe4377a4
PL02.PAC	0x4	801b53ac	332	d2daed9e6c402a44
PL02.PAC	0x4	801b54f8	192	980273bbc7fe417d
PL02.PAC	0x4	801b55b8	196	8b9602bcad856606
PL02.PAC	0x4	801b567c	244	3fd22191fb5a37ba
PL02.PAC	0x4	801b5770	64	f80a131af04e26d5
PL02.PAC	0x4	801b57b0	212	dd5945cd5ca45ccb
PL02.PAC	0x4	801b5884	152	bc23516b7cb010bb
PL02.PAC	0x4	801b591c	144	cfb85ef333986fbe
PL02.PAC	0x4	801b59ac	264	4e85d80fe751f8cd
PL02.PAC	0x4	801b5ab4	80	0316a751cec13dfb
PL02.PAC	0x4	801b5b04	64	f80a131af04e26d5
PL02.PAC	0x4	801b5b44	176	3af91b654c2dd942
PL02.PAC	0x4	801b5bf4	100	675dc635baae4024
PL02.PAC	0x4	801b5c58	80	22579d7343306d5f
PL02.PAC	0x4	801b5ca8	64	f80a131af04e26d5
PL02.PAC	0x4	801b5ce8	192	aae050d96a5a7901
PL02.PAC	0x4	801b5da8	64	87fc1018ee463769
PL02.PAC	0x4	801b5de8	100	6c599d90ade81544
PL02.PAC	0x4	801b5e4c	108	8ff629d8271ea54e
PL02.PAC	0x4	801b5eb8	56	d1520591bfe8b870
PL02.PAC	0x4	801b5ef0	32	87025a57d32b4592
PL02.PAC	0x4	801b5f10	64	ed0908076f86c2dd
PL02.PAC	0x4	801b5f50	52	98c4e69364aef7ab
PL02.PAC	0x4	801b5f84	80	b7aa45574ae4dd80
PL02.PAC	0x4	801b5fd4	136	c825d33f8d3c9f83
PL02.PAC	0x4	801b605c	164	99cd20f6402da6fe
PL02.PAC	0x4	801b6100	64	ed0908076f86c2dd
PL02.PAC	0x4	801b6140	60	8edcc0aa591b2ad8
PL02.PAC	0x4	801b617c	88	98e5cb1555778164
PL02.PAC	0x4	801b61d4	100	e5eeed45e67b2577
PL02.PAC	0x4	801b6238	36	302c26a09e6e559a
PL02.PAC	0x4	801b625c	192	7cc07ca2595b87c9
PL02.PAC	0x4	801b631c	24	900e395f073b0178
PL02.PAC	0x4	801b6334	68	d2480e91395a081b
PL02.PAC	0x4	801b6378	64	7ec1257c5bc0f60d
PL02.PAC	0x4	801b63b8	64	f80a131af04e26d5
PL02.PAC	0x4	801b63f8	224	4799788340c2348c
PL02.PAC	0x4	801b64d8	136	fb0823a60dae0742
PL02.PAC	0x4	801b6560	144	ca2811987ad0733c
PL02.PAC	0x4	801b65f0	64	f80a131af04e26d5
PL02.PAC	0x4	801b6630	280	5bf79909cd23ce5a
PL02.PAC	0x4	801b6748	184	635894298e05c182
PL02.PAC	0x4	801b6800	68	a9a4d8411413a3df
PL02.PAC	0x4	801b6844	64	f80a131af04e26d5
PL02.PAC	0x4	801b6884	48	8cf5810d691996df
PL02.PAC	0x4	801b68b4	396	467e763a41fb8855
PL02.PAC	0x4	801b6a40	68	9d48a32ea50bffea
PL02.PAC	0x4	801b6a84	304	123b614d43434f1e
PL02.PAC	0x4	801b6bb4	64	f80a131af04e26d5
PL02.PAC	0x4	801b6bf4	76	c5da597fd28c4a43
PL02.PAC	0x4	801b6c40	112	1416da5038301443
PL02.PAC	0x4	801b6cb0	24	900e395f073b0178
PL02.PAC	0x4	801b6cc8	64	36d10b5e7bf2e0d2
PL02.PAC	0x4	801b6d08	100	bdcb74493ed40048
PL02.PAC	0x4	801b6d6c	172	bec6bfefa6fdf000
PL02.PAC	0x4	801b6e18	20	469ab567c4e2c3e0
PL02.PAC	0x4	801b6e2c	60	822b2c4f259d1c2d
PL02.PAC	0x4	801b6e68	88	dd7d80ac10c5d309
PL02.PAC	0x4	801b6ec0	72	b7e3ac1caedc2cc4
PL02.PAC	0x4	801b6f08	64	36d10b5e7bf2e0d2
PL02.PAC	0x4	801b6f48	456	2ec05e4436fcf7f6
PL02.PAC	0x4	801b7110	108	78130ea5d1f8a6ee
PL02.PAC	0x4	801b717c	128	c33453dbd10ceea8
PL02.PAC	0x4	801b71fc	36	e5b7caac12d3144b
PL02.PAC	0x4	801b7220	144	a0321f115b8441fc
PL02.PAC	0x4	801b72b0	72	ff97d620e9d17146
PL02.PAC	0x4	801b72f8	32	20c3a8daad2ca1ef
PL02.PAC	0x4	801b7318	108	e88f334f68249083
PL02.PAC	0x4	801b7384	124	8a3202c1465ff199
PL02.PAC	0x4	801b7400	112	9be77118b8fd86be
PL02.PAC	0x4	801b7470	108	e88f334f68249083
PL02.PAC	0x4	801b74dc	164	b7af3dda6cae025d
PL02.PAC	0x4	801b7580	140	4624216739d86f4d
PL02.PAC	0x4	801b760c	84	febaee0386ebdd4e
PL02.PAC	0x4	801b7660	76	f162abcf74cfd930
PL02.PAC	0x4	801b76ac	76	da5de1185feee655
PL02.PAC	0x4	801b76f8	52	e85ea37768bfeba3
PL02.PAC	0x4	801b772c	128	92d734c89ef07f9f
PL02.PAC	0x4	801b77ac	80	f1e97ff3a57baaba
PL02.PAC	0x4	801b77fc	80	583533cf16a2f581
PL02.PAC	0x4	801b784c	80	6c53e418cbb14dc4
PL02.PAC	0x4	801b789c	80	d421a0b04fcfdb6a
PL02.PAC	0x4	801b78ec	28	214a79ef9192a48a
PL02.PAC	0x4	801b7908	24	900e395f073b0178
PL02.PAC	0x4	801b7920	84	8adef240553e6e18
PL02.PAC	0x4	801b7974	64	36d10b5e7bf2e0d2
PL02.PAC	0x4	801b79b4	152	cd49c5ab5d363942
PL02.PAC	0x4	801b7a4c	196	d61f64582b941b4b
PL02.PAC	0x4	801b7b10	20	469ab567c4e2c3e0
PL02.PAC	0x4	801b7b24	32	20c3a8daad2ca1ef
PL02.PAC	0x4	801b7b44	48	782e3db07aa83ac6
PL02.PAC	0x4	801b7b74	72	cad7aafd6a56d0a8
PL02.PAC	0x4	801b7bbc	64	36d10b5e7bf2e0d2
PL02.PAC	0x4	801b7bfc	348	9cee085af11f6eec
PL02.PAC	0x4	801b7d58	12	cb138e74c5670ddd
PL02.PAC	0x4	801b7d64	176	c2934e2e75432e2f
PL02.PAC	0x4	801b7e14	32	20c3a8daad2ca1ef
PL02.PAC	0x4	801b7e34	136	14fcd6486008435d
PL02.PAC	0x4	801b7ebc	200	d07b5da01e0d3baa
PL02X.PAC	0x5	801c8000	280	85a1acb449289580
PL02X.PAC	0x5	801c8118	144	2233f07489b7a606
PL02X.PAC	0x5	801c81a8	68	d2480e91395a081b
PL02X.PAC	0x5	801c81ec	68	060e25ec9df004a1
PL02X.PAC	0x5	801c8230	64	f80a131af04e26d5
PL02X.PAC	0x5	801c8270	284	4be595a544e03536
PL02X.PAC	0x5	801c838c	32	20c3a8daad2ca1ef
PL02X.PAC	0x5	801c83ac	120	57a45b434c0e74aa
PL02X.PAC	0x5	801c8424	64	f80a131af04e26d5
PL02X.PAC	0x5	801c8464	320	a44f531e4469cc5f
PL02X.PAC	0x5	801c85a4	184	055628e39c903661
PL02X.PAC	0x5	801c865c	68	a9a4d8411413a3df
PL02X.PAC	0x5	801c86a0	68	bc0afff0e487516f
PL02X.PAC	0x5	801c86e4	48	5a5ddea2cfd5c3b7
PL02X.PAC	0x5	801c8714	292	240521965ce8b809
PL02X.PAC	0x5	801c8838	64	f80a131af04e26d5
PL02X.PAC	0x5	801c8878	76	c5da597fd28c4a43
PL02X.PAC	0x5	801c88c4	124	85b4aaf0eaac6240
PL02X.PAC	0x5	801c8940	716	2b470e131f59ffa8
PL02X.PAC	0x5	801c8c0c	252	05b2801740351998
PL02X.PAC	0x5	801c8d08	108	2181981d3f530864
PL02X.PAC	0x5	801c8d74	108	635021a9ca55ba8e
PL02X.PAC	0x5	801c8de0	136	d1313d0afbdea65a
PL02X.PAC	0x5	801c8e68	140	818e97ed770c0e7f
PL02X.PAC	0x5	801c8ef4	116	8bee008137467ece
PL02X.PAC	0x5	801c8f68	112	d787eb3c4541c4d8
PL02X.PAC	0x5	801c8fd8	68	b97ab1b1f8a26fd5
PL02X.PAC	0x5	801c901c	144	f30d7ec9ddc004e5
PL02X.PAC	0x5	801c90ac	184	6ded8032146c756c
PL02X.PAC	0x5	801c9164	124	7ab5a854a617ad20
PL02X.PAC	0x5	801c91e0	184	ebdee3e777ecba56
PL02X.PAC	0x5	801c9298	124	7656e7d536b7d8b2
PL02X.PAC	0x5	801c9314	112	04b1512fd742f30a
PL02X.PAC	0x5	801c9384	264	169eb93c59aed798
PL02X.PAC	0x5	801c948c	188	69fe941f9f828f23
PL02X.PAC	0x5	801c9548	160	c0adfcfc035510e3
PL02X.PAC	0x5	801c95e8	176	f860972b4a1b2fd1
PL02X.PAC	0x5	801c9698	152	b4f0d0df6aa28bad
PL02X.PAC	0x5	801c9730	72	1843007a0cd541f3
PL02X.PAC	0x5	801c9778	8	c0b0db0a4fdd6d58
PL02X.PAC	0x5	801c9780	12	623bc7ad00743c72
PL02X.PAC	0x5	801c978c	12	e388712607e84daf
PL02X.PAC	0x5	801c9798	64	e371089f0b403609
PL02X.PAC	0x5	801c97d8	44	d78c56f5d65d9899
PL02X.PAC	0x5	801c9804	20	719d31a9c40f47bc
PL02X.PAC	0x5	801c9818	60	bb68d3adb0721ac5
PL02X.PAC	0x5	801c9854	20	a76560a1b011a52b
PL02X.PAC	0x5	801c9868	12	267f6a23f7aec3f5
PL02X.PAC	0x5	801c9874	64	946de9087c599ba6
PL02X.PAC	0x5	801c98b4	64	946de9087c599ba6
PL02X.PAC	0x5	801c98f4	64	f80a131af04e26d5
PL02X.PAC	0x5	801c9934	264	4a28946b4f2e9b12
PL02X.PAC	0x5	801c9a3c	64	87fc1018ee463769
PL02X.PAC	0x5	801c9a7c	192	f2ad2c0661dca287
PL02X.PAC	0x5	801c9b3c	132	27bc1dd5fffce228
PL02X.PAC	0x5	801c9bc0	112	5ba0cbcfdf2deabb
PL02X.PAC	0x5	801c9c30	144	c54e2225f706ee67
PL02X.PAC	0x5	801c9cc0	76	3afd18c278beffdf
PL02X.PAC	0x5	801c9d0c	64	f80a131af04e26d5
PL02X.PAC	0x5	801c9d4c	116	dfe7ae47b0e86a04
PL02X.PAC	0x5	801c9dc0	336	4fb892d926ecb92c
PL02X.PAC	0x5	801c9f10	140	2dbe7a094196754e
PL02X.PAC	0x5	801c9f9c	64	f80a131af04e26d5
PL02X.PAC	0x5	801c9fdc	248	5944c4e23d897d53
PL02X.PAC	0x5	801ca0d4	208	8b321791d67b9b8a
PL02X.PAC	0x5	801ca1a4	152	6b1c143c1be40ac0
PL02X.PAC	0x5	801ca23c	76	61e75c5a374400b8
PL02X.PAC	0x5	801ca288	72	6d82b0e5b9c9d586
PL02X.PAC	0x5	801ca2d0	64	f80a131af04e26d5
PL02X.PAC	0x5	801ca310	248	de7fb58916daf392
PL02X.PAC	0x5	801ca408	168	c544efae0c480ab9
PL02X.PAC	0x5	801ca4b0	124	6f0f2a3b307a291c
PL02X.PAC	0x5	801ca52c	88	06df0417b797dd5c
PL02X.PAC	0x5	801ca584	64	28bcebf5dcd0f279
PL02X.PAC	0x5	801ca5c4	64	f80a131af04e26d5
PL02X.PAC	0x5	801ca604	92	52d862ce469f6737
PL02X.PAC	0x5	801ca660	432	5294bc3125ffc9c1
PL02X.PAC	0x5	801ca810	172	1410d2ce9c36f594
PL02X.PAC	0x5	801ca8bc	124	0f358e6e172822f2
PL02X.PAC	0x5	801ca938	68	a9a4d8411413a3df
PL02X.PAC	0x5	801ca97c	64	f80a131af04e26d5
PL02X.PAC	0x5	801ca9bc	100	30b1ba815802a4db
PL02X.PAC	0x5	801caa20	148	3c852e4afc32e899
PL02X.PAC	0x5	801caab4	120	b5f325738782b2bc
PL02X.PAC	0x5	801cab2c	376	c4e3876e008f9067
PL02X.PAC	0x5	801caca4	92	704574182db96dda
PL02X.PAC	0x5	801cad00	64	f80a131af04e26d5
PL02X.PAC	0x5	801cad40	120	abcfa3dd99669740
PL02X.PAC	0x5	801cadb8	128	c7bed3deadd54355
PL02X.PAC	0x5	801cae38	376	cb2c02d31a805b08
PL02X.PAC	0x5	801cafb0	196	88bf3e7ad0db2f0a
PL02X.PAC	0x5	801cb074	88	ac5c3d9b31777936
PL02X.PAC	0x5	801cb0cc	152	f08bf030316fde59
PL02X.PAC	0x5	801cb164	64	f80a131af04e26d5
PL02X.PAC	0x5	801cb1a4	196	7d38857e5a8bee29
PL02X.PAC	0x5	801cb268	64	f80a131af04e26d5
PL02X.PAC	0x5	801cb2a8	192	82fd9affc04d0e8b
PL02X.PAC	0x5	801cb368	148	9c1f61fd59aa7bb3
PL02X.PAC	0x5	801cb3fc	256	311fe89b516618a7
PL02X.PAC	0x5	801cb4fc	160	aca786e458efd534
PL02X.PAC	0x5	801cb59c	48	7c02e839e0aa1010
PL02X.PAC	0x5	801cb5cc	64	f80a131af04e26d5
PL02X.PAC	0x5	801cb60c	108	c933eda69b4645d9
PL02X.PAC	0x5	801cb678	236	bb3b0db1d575b925
PL02X.PAC	0x5	801cb764	364	7a802f7d37fee1eb
PL02X.PAC	0x5	801cb8d0	284	4c8792c24fd63985
PL02X.PAC	0x5	801cb9ec	124	7142333520bc432c
PL02X.PAC	0x5	801cba68	64	f80a131af04e26d5
PL02X.PAC	0x5	801cbaa8	100	0eba4ee8601aedf6
PL02X.PAC	0x5	801cbb0c	104	11ce267e36b62220
PL02X.PAC	0x5	801cbb74	352	fa74539e696a92df
PL02X.PAC	0x5	801cbcd4	64	f80a131af04e26d5
PL02X.PAC	0x5	801cbd14	128	cceea454a7f15e4a
PL02X.PAC	0x5	801cbd94	172	8ec765747a6f3aa2
PL02X.PAC	0x5	801cbe40	108	a1c19d666b640353
PL02X.PAC	0x5	801cbeac	76	a9098e667412139d
PL02X.PAC	0x5	801cbef8	244	96ec527146896c93
PL02X.PAC	0x5	801cbfec	100	31a6549ad28c65e6
PL02X.PAC	0x5	801cc050	228	bc0815d9e588e575
PL02X.PAC	0x5	801cc134	76	c57d3a6ac91dfaba
PL02X.PAC	0x5	801cc180	132	06c92d254e1ab984
PL02X.PAC	0x5	801cc204	64	f80a131af04e26d5
PL02X.PAC	0x5	801cc244	76	454059e8ec8228e3
PL02X.PAC	0x5	801cc290	124	158ac7f2261270cb
PL02X.PAC	0x5	801cc30c	64	f80a131af04e26d5
PL02X.PAC	0x5	801cc34c	124	48e0e78080db1402
PL02X.PAC	0x5	801cc3c8	108	68ab1a48b6f33089
PL02X.PAC	0x5	801cc434	64	f80a131af04e26d5
PL02X.PAC	0x5	801cc474	64	f80a131af04e26d5
PL02X.PAC	0x5	801cc4b4	120	97b9122a400bc67b
PL02X.PAC	0x5	801cc52c	220	c7cb9d97590ecced
PL02X.PAC	0x5	801cc608	204	7c36c0da33364fb1
PL02X.PAC	0x5	801cc6d4	344	cabb8547bc553df0
PL02X.PAC	0x5	801cc82c	288	f01f0ff684317105
PL02X.PAC	0x5	801cc94c	396	733978be3fed1445
PL02X.PAC	0x5	801ccad8	144	29c567035ba79c2a
PL02X.PAC	0x5	801ccb68	56	4a9f9086b183d248
PL02X.PAC	0x5	801ccba0	148	b2bbd85331d537d1
PL02X.PAC	0x5	801ccc34	56	f4e4acf4872fb9f0
PL02X.PAC	0x5	801ccc6c	188	d380cb1c8a825a2e
PL02X.PAC	0x5	801ccd28	232	da0c2ccbb501e3d8
PL02X.PAC	0x5	801cce10	88	8a7e1f30f50ee210
PL02X.PAC	0x5	801cce68	164	21bb94604a24badb
PL02X.PAC	0x5	801ccf0c	388	68e51d6ba797226e
PL02X.PAC	0x5	801cd090	244	9b41c06959e8ff6e
PL02X.PAC	0x5	801cd184	176	266d9231f0bbef10
PL02X.PAC	0x5	801cd234	92	e7490bd3428b3087
PL02X.PAC	0x5	801cd290	140	80175807ac0cc171
PL02X.PAC	0x5	801cd31c	144	8077f2fdfe4377a4
PL02X.PAC	0x5	801cd3ac	332	d2daed9e6c402a44
PL02X.PAC	0x5	801cd4f8	192	980273bbc7fe417d
PL02X.PAC	0x5	801cd5b8	196	8b9602bcad856606
PL02X.PAC	0x5	801cd67c	244	3fd22191fb5a37ba
PL02X.PAC	0x5	801cd770	64	f80a131af04e26d5
PL02X.PAC	0x5	801cd7b0	212	dd5945cd5ca45ccb
PL02X.PAC	0x5	801cd884	152	bc23516b7cb010bb
PL02X.PAC	0x5	801cd91c	144	cfb85ef333986fbe
PL02X.PAC	0x5	801cd9ac	264	4e85d80fe751f8cd
PL02X.PAC	0x5	801cdab4	80	0316a751cec13dfb
PL02X.PAC	0x5	801cdb04	64	f80a131af04e26d5
PL02X.PAC	0x5	801cdb44	176	3af91b654c2dd942
PL02X.PAC	0x5	801cdbf4	100	675dc635baae4024
PL02X.PAC	0x5	801cdc58	80	22579d7343306d5f
PL02X.PAC	0x5	801cdca8	64	f80a131af04e26d5
PL02X.PAC	0x5	801cdce8	192	aae050d96a5a7901
PL02X.PAC	0x5	801cdda8	64	87fc1018ee463769
PL02X.PAC	0x5	801cdde8	100	6c599d90ade81544
PL02X.PAC	0x5	801cde4c	108	8ff629d8271ea54e
PL02X.PAC	0x5	801cdeb8	56	d1520591bfe8b870
PL02X.PAC	0x5	801cdef0	32	87025a57d32b4592
PL02X.PAC	0x5	801cdf10	64	ed0908076f86c2dd
PL02X.PAC	0x5	801cdf50	52	98c4e69364aef7ab
PL02X.PAC	0x5	801cdf84	80	b7aa45574ae4dd80
PL02X.PAC	0x5	801cdfd4	136	c825d33f8d3c9f83
PL02X.PAC	0x5	801ce05c	164	99cd20f6402da6fe
PL02X.PAC	0x5	801ce100	64	ed0908076f86c2dd
PL02X.PAC	0x5	801ce140	60	8edcc0aa591b2ad8
PL02X.PAC	0x5	801ce17c	88	98e5cb1555778164
PL02X.PAC	0x5	801ce1d4	100	e5eeed45e67b2577
PL02X.PAC	0x5	801ce238	36	302c26a09e6e559a
PL02X.PAC	0x5	801ce25c	192	7cc07ca2595b87c9
PL02X.PAC	0x5	801ce31c	24	900e395f073b0178
PL02X.PAC	0x5	801ce334	68	d2480e91395a081b
PL02X.PAC	0x5	801ce378	64	7ec1257c5bc0f60d
PL02X.PAC	0x5	801ce3b8	64	f80a131af04e26d5
PL02X.PAC	0x5	801ce3f8	224	4799788340c2348c
PL02X.PAC	0x5	801ce4d8	136	fb0823a60dae0742
PL02X.PAC	0x5	801ce560	144	ca2811987ad0733c
PL02X.PAC	0x5	801ce5f0	64	f80a131af04e26d5
PL02X.PAC	0x5	801ce630	280	5bf79909cd23ce5a
PL02X.PAC	0x5	801ce748	184	635894298e05c182
PL02X.PAC	0x5	801ce800	68	a9a4d8411413a3df
PL02X.PAC	0x5	801ce844	64	f80a131af04e26d5
PL02X.PAC	0x5	801ce884	48	8cf5810d691996df
PL02X.PAC	0x5	801ce8b4	396	467e763a41fb8855
PL02X.PAC	0x5	801cea40	68	9d48a32ea50bffea
PL02X.PAC	0x5	801cea84	304	123b614d43434f1e
PL02X.PAC	0x5	801cebb4	64	f80a131af04e26d5
PL02X.PAC	0x5	801cebf4	76	c5da597fd28c4a43
PL02X.PAC	0x5	801cec40	112	1416da5038301443
PL02X.PAC	0x5	801cecb0	24	900e395f073b0178
PL02X.PAC	0x5	801cecc8	64	36d10b5e7bf2e0d2
PL02X.PAC	0x5	801ced08	100	bdcb74493ed40048
PL02X.PAC	0x5	801ced6c	172	bec6bfefa6fdf000
PL02X.PAC	0x5	801cee18	20	469ab567c4e2c3e0
PL02X.PAC	0x5	801cee2c	60	822b2c4f259d1c2d
PL02X.PAC	0x5	801cee68	88	dd7d80ac10c5d309
PL02X.PAC	0x5	801ceec0	72	b7e3ac1caedc2cc4
PL02X.PAC	0x5	801cef08	64	36d10b5e7bf2e0d2
PL02X.PAC	0x5	801cef48	456	2ec05e4436fcf7f6
PL02X.PAC	0x5	801cf110	108	78130ea5d1f8a6ee
PL02X.PAC	0x5	801cf17c	128	c33453dbd10ceea8
PL02X.PAC	0x5	801cf1fc	36	e5b7caac12d3144b
PL02X.PAC	0x5	801cf220	144	a0321f115b8441fc
PL02X.PAC	0x5	801cf2b0	72	ff97d620e9d17146
PL02X.PAC	0x5	801cf2f8	32	20c3a8daad2ca1ef
PL02X.PAC	0x5	801cf318	108	e88f334f68249083
PL02X.PAC	0x5	801cf384	124	8a3202c1465ff199
PL02X.PAC	0x5	801cf400	112	9be77118b8fd86be
PL02X.PAC	0x5	801cf470	108	e88f334f68249083
PL02X.PAC	0x5	801cf4dc	164	b7af3dda6cae025d
PL02X.PAC	0x5	801cf580	140	4624216739d86f4d
PL02X.PAC	0x5	801cf60c	84	febaee0386ebdd4e
PL02X.PAC	0x5	801cf660	76	f162abcf74cfd930
PL02X.PAC	0x5	801cf6ac	76	da5de1185feee655
PL02X.PAC	0x5	801cf6f8	52	e85ea37768bfeba3
PL02X.PAC	0x5	801cf72c	128	92d734c89ef07f9f
PL02X.PAC	0x5	801cf7ac	80	f1e97ff3a57baaba
PL02X.PAC	0x5	801cf7fc	80	583533cf16a2f581
PL02X.PAC	0x5	801cf84c	80	6c53e418cbb14dc4
PL02X.PAC	0x5	801cf89c	80	d421a0b04fcfdb6a
PL02X.PAC	0x5	801cf8ec	28	214a79ef9192a48a
PL02X.PAC	0x5	801cf908	24	900e395f073b0178
PL02X.PAC	0x5	801cf920	84	8adef240553e6e18
PL02X.PAC	0x5	801cf974	64	36d10b5e7bf2e0d2
PL02X.PAC	0x5	801cf9b4	152	cd49c5ab5d363942
PL02X.PAC	0x5	801cfa4c	196	d61f64582b941b4b
PL02X.PAC	0x5	801cfb10	20	469ab567c4e2c3e0
PL02X.PAC	0x5	801cfb24	32	20c3a8daad2ca1ef
PL02X.PAC	0x5	801cfb44	48	782e3db07aa83ac6
PL02X.PAC	0x5	801cfb74	72	cad7aafd6a56d0a8
PL02X.PAC	0x5	801cfbbc	64	36d10b5e7bf2e0d2
PL02X.PAC	0x5	801cfbfc	348	9cee085af11f6eec
PL02X.PAC	0x5	801cfd58	12	cb138e74c5670ddd
PL02X.PAC	0x5	801cfd64	176	c2934e2e75432e2f
PL02X.PAC	0x5	801cfe14	32	20c3a8daad2ca1ef
PL02X.PAC	0x5	801cfe34	136	14fcd6486008435d
PL02X.PAC	0x5	801cfebc	200	d07b5da01e0d3baa
PL03.PAC	0x4	801b0000	252	54159af228b46074
PL03.PAC	0x4	801b00fc	64	ed0908076f86c2dd
PL03.PAC	0x4	801b013c	52	98c4e69364aef7ab
PL03.PAC	0x4	801b0170	80	b7aa45574ae4dd80
PL03.PAC	0x4	801b01c0	148	15fb02e700b1893c
PL03.PAC	0x4	801b0254	100	e5eeed45e67b2577
PL03.PAC	0x4	801b02b8	64	32d8675844ff1048
PL03.PAC	0x4	801b02f8	64	2299f4a0a44e4410
PL03.PAC	0x4	801b0338	84	ed7b8d3486506dee
PL03.PAC	0x4	801b038c	232	967d631f1457203d
PL03.PAC	0x4	801b0474	32	20c3a8daad2ca1ef
PL03.PAC	0x4	801b0494	84	ed7b8d3486506dee
PL03.PAC	0x4	801b04e8	408	49ae3ad8aa2d3f9e
PL03.PAC	0x4	801b0680	32	20c3a8daad2ca1ef
PL03.PAC	0x4	801b06a0	188	3ed576676de07870
PL03.PAC	0x4	801b075c	64	406152e8268a0ea4
PL03.PAC	0x4	801b079c	176	5b070d5f6ee2cf95
PL03.PAC	0x4	801b084c	72	ea0986194417dcbe
PL03.PAC	0x4	801b0894	68	bc0afff0e487516f
PL03.PAC	0x4	801b08d8	48	5a5ddea2cfd5c3b7
PL03.PAC	0x4	801b0908	32	20c3a8daad2ca1ef
PL03.PAC	0x4	801b0928	272	b884a8fdd84c9969
PL03.PAC	0x4	801b0a38	356	092df5eb42e2fcdb
PL03.PAC	0x4	801b0b9c	244	0e9e39276630b56d
PL03.PAC	0x4	801b0c90	128	c57455ec319d9661
PL03.PAC	0x4	801b0d10	148	c907875a0659ed9b
PL03.PAC	0x4	801b0da4	128	9bc8c64beb97b5b3
PL03.PAC	0x4	801b0e24	136	4dd64e48062db4af
PL03.PAC	0x4	801b0eac	152	c85b2ca84be9fec8
PL03.PAC	0x4	801b0f44	64	88bfb0722437aafd
PL03.PAC	0x4	801b0f84	80	27e96ba5d786abd7
PL03.PAC	0x4	801b0fd4	104	3678fe70469fc076
PL03.PAC	0x4	801b103c	140	7494ce403396130e
PL03.PAC	0x4	801b10c8	80	27e96ba5d786abd7
PL03.PAC	0x4	801b1118	100	ec1e5cf11f42e556
PL03.PAC	0x4	801b117c	72	1843007a0cd541f3
PL03.PAC	0x4	801b11c4	8	c0b0db0a4fdd6d58
PL03.PAC	0x4	801b11cc	12	623bc7ad00743c72
PL03.PAC	0x4	801b11d8	36	556b15ff3112c05f
PL03.PAC	0x4	801b11fc	20	719d31a9c40f47bc
PL03.PAC	0x4	801b1210	40	66c151de54ed3706
PL03.PAC	0x4	801b1238	12	267f6a23f7aec3f5
PL03.PAC	0x4	801b1244	64	946de9087c599ba6
PL03.PAC	0x4	801b1284	64	946de9087c599ba6
PL03.PAC	0x4	801b12c4	64	f80a131af04e26d5
PL03.PAC	0x4	801b1304	220	f02d8475fd579bfc
PL03.PAC	0x4	801b13e0	212	24c2b906f8f6e852
PL03.PAC	0x4	801b14b4	92	26f7239f551390c0
PL03.PAC	0x4	801b1510	64	f80a131af04e26d5
PL03.PAC	0x4	801b1550	164	0b3a62c3685dff3d
PL03.PAC	0x4	801b15f4	296	1fd744d269d7565d
PL03.PAC	0x4	801b171c	116	bdbf9a7ab942c572
PL03.PAC	0x4	801b1790	64	8a6ece20c5d79a01
PL03.PAC	0x4	801b17d0	100	a34a62fd8fed2453
PL03.PAC	0x4	801b1834	68	530b6b66584bdbab
PL03.PAC	0x4	801b1878	64	f80a131af04e26d5
PL03.PAC	0x4	801b18b8	64	f80a131af04e26d5
PL03.PAC	0x4	801b18f8	64	f80a131af04e26d5
PL03.PAC	0x4	801b1938	152	bcbba997efd867e1
PL03.PAC	0x4	801b19d0	108	bf3b73f32cc4b47a
PL03.PAC	0x4	801b1a3c	116	27d5f09cc1e5ed2e
PL03.PAC	0x4	801b1ab0	156	19d5de80aa511943
PL03.PAC	0x4	801b1b4c	108	a338f91e07aed5fe
PL03.PAC	0x4	801b1bb8	80	ac2668d9e47fb846
PL03.PAC	0x4	801b1c08	112	da107bf5f77444b7
PL03.PAC	0x4	801b1c78	68	a9a4d8411413a3df
PL03.PAC	0x4	801b1cbc	64	f80a131af04e26d5
PL03.PAC	0x4	801b1cfc	116	2882f1f4f516b71c
PL03.PAC	0x4	801b1d70	128	2ed12a5f71cb8ea6
PL03.PAC	0x4	801b1df0	196	b9669699752b7945
PL03.PAC	0x4	801b1eb4	284	3124a608dcdcbf79
PL03.PAC	0x4	801b1fd0	376	60acdecbd85e7f07
PL03.PAC	0x4	801b2148	172	480ac386c91265ee
PL03.PAC	0x4	801b21f4	72	6d82b0e5b9c9d586
PL03.PAC	0x4	801b223c	112	2a1004f4952bac2e
PL03.PAC	0x4	801b22ac	64	f80a131af04e26d5
PL03.PAC	0x4	801b22ec	64	f80a131af04e26d5
PL03.PAC	0x4	801b232c	104	54a5c7c90caaf7c5
PL03.PAC	0x4	801b2394	124	84784043fe359d03
PL03.PAC	0x4	801b2410	168	37fe1208ad0deb26
PL03.PAC	0x4	801b24b8	328	6851e5f659bb8eef
PL03.PAC	0x4	801b2600	172	656df96569906187
PL03.PAC	0x4	801b26ac	200	16198e298de6bd54
PL03.PAC	0x4	801b2774	204	5b7b266a12b0adcf
PL03.PAC	0x4	801b2840	68	a9a4d8411413a3df
PL03.PAC	0x4	801b2884	68	a9a4d8411413a3df
PL03.PAC	0x4	801b28c8	196	a790673fb40c9dd2
PL03.PAC	0x4	801b298c	204	2c54b655f70ee57b
PL03.PAC	0x4	801b2a58	208	d98f493bca3b4e9a
PL03.PAC	0x4	801b2b28	64	f80a131af04e26d5
PL03.PAC	0x4	801b2b68	92	e8b7e1b63b3dd01d
PL03.PAC	0x4	801b2bc4	84	ab2a00ee6e1d1a3a
PL03.PAC	0x4	801b2c18	68	a9a4d8411413a3df
PL03.PAC	0x4	801b2c5c	64	f80a131af04e26d5
PL03.PAC	0x4	801b2c9c	104	b0d2e18db31501d8
PL03.PAC	0x4	801b2d04	68	a9a4d8411413a3df
PL03.PAC	0x4	801b2d48	64	f80a131af04e26d5
PL03.PAC	0x4	801b2d88	88	21e86b2fe6969da8
PL03.PAC	0x4	801b2de0	68	a9a4d8411413a3df
PL03.PAC	0x4	801b2e24	64	f80a131af04e26d5
PL03.PAC	0x4	801b2e64	92	eeab656b1aa5abab
PL03.PAC	0x4	801b2ec0	84	ac075ac061f21b0d
PL03.PAC	0x4	801b2f14	68	a9a4d8411413a3df
PL03.PAC	0x4	801b2f58	64	f80a131af04e26d5
PL03.PAC	0x4	801b2f98	120	118f6072a23dfe96
PL03.PAC	0x4	801b3010	148	8f135456a39f6773
PL03.PAC	0x4	801b30a4	140	6fbb69e265e6e2e2
PL03.PAC	0x4	801b3130	212	877dab5563406501
PL03.PAC	0x4	801b3204	64	92accdc9014d75ec
PL03.PAC	0x4	801b3244	64	f80a131af04e26d5
PL03.PAC	0x4	801b3284	116	0b2af3b2b7d4566e
PL03.PAC	0x4	801b32f8	148	943cbe9345f52604
PL03.PAC	0x4	801b338c	104	2203d800f17ad6bd
PL03.PAC	0x4	801b33f4	68	a9a4d8411413a3df
PL03.PAC	0x4	801b3438	64	f80a131af04e26d5
PL03.PAC	0x4	801b3478	96	8f92084d2a7a5ed3
PL03.PAC	0x4	801b34d8	88	3ff4493ae8c0384f
PL03.PAC	0x4	801b3530	308	098c66b47a96025f
PL03.PAC	0x4	801b3664	96	39a5c6f9c2aba12e
PL03.PAC	0x4	801b36c4	68	a9a4d8411413a3df
PL03.PAC	0x4	801b3708	64	f80a131af04e26d5
PL03.PAC	0x4	801b3748	104	15c3a5ad9b1e13dc
PL03.PAC	0x4	801b37b0	552	0202ee9478363be8
PL03.PAC	0x4	801b39d8	132	19c85fe515e52dca
PL03.PAC	0x4	801b3a5c	68	bd7de44938ff0d2f
PL03.PAC	0x4	801b3aa0	8	6d64edf91449c1b1
PL03.PAC	0x4	801b3aa8	64	36d10b5e7bf2e0d2
PL03.PAC	0x4	801b3ae8	352	67d44d29479a01b3
PL03.PAC	0x4	801b3c48	64	8c33c089170d1f9b
PL03.PAC	0x4	801b3c88	60	581c3f7420a59ac2
PL03.PAC	0x4	801b3cc4	32	20c3a8daad2ca1ef
PL03.PAC	0x4	801b3ce4	32	20c3a8daad2ca1ef
PL03.PAC	0x4	801b3d04	32	20c3a8daad2ca1ef
PL03.PAC	0x4	801b3d24	32	20c3a8daad2ca1ef
PL03.PAC	0x4	801b3d44	84	ffcc695c050b372c
PL03.PAC	0x4	801b3d98	44	05a915743a81a797
PL03.PAC	0x4	801b3dc4	92	346a8468502db691
PL03.PAC	0x4	801b3e20	140	6be7879928093cd2
PL03.PAC	0x4	801b3eac	64	ca9c4c0a9eec24c8
PL03.PAC	0x4	801b3eec	160	11dbe8bae3eda21d
PL03.PAC	0x4	801b3f8c	260	a380f9440f8a7d30
PL03.PAC	0x4	801b4090	32	20c3a8daad2ca1ef
PL03.PAC	0x4	801b40b0	64	32d8675844ff1048
PL03.PAC	0x4	801b40f0	64	2299f4a0a44e4410
PL03.PAC	0x4	801b4130	64	f80a131af04e26d5
PL03.PAC	0x4	801b4170	228	6b812f6d41bdbfcf
PL03.PAC	0x4	801b4254	104	40b6f04ee86a9f17
PL03.PAC	0x4	801b42bc	64	f80a131af04e26d5
PL03.PAC	0x4	801b42fc	352	6e7b1d664e5e1a58
PL03.PAC	0x4	801b445c	116	32bfd85a5718fc55
PL03.PAC	0x4	801b44d0	164	1dcac1be37b867fa
PL03.PAC	0x4	801b4574	64	406152e8268a0ea4
PL03.PAC	0x4	801b45b4	168	368362c036f7007f
PL03.PAC	0x4	801b465c	72	5e9085dfc4a7b9e1
PL03.PAC	0x4	801b46a4	68	bc0afff0e487516f
PL03.PAC	0x4	801b46e8	56	095aba7859e6c12d
PL03.PAC	0x4	801b4720	104	40b6f04ee86a9f17
PL03.PAC	0x4	801b4788	244	def0cfa4b60259ec
PL03X.PAC	0x5	801c8000	252	54159af228b46074
PL03X.PAC	0x5	801c80fc	64	ed0908076f86c2dd
PL03X.PAC	0x5	801c813c	52	98c4e69364aef7ab
PL03X.PAC	0x5	801c8170	80	b7aa45574ae4dd80
PL03X.PAC	0x5	801c81c0	148	15fb02e700b1893c
PL03X.PAC	0x5	801c8254	100	e5eeed45e67b2577
PL03X.PAC	0x5	801c82b8	64	32d8675844ff1048
PL03X.PAC	0x5	801c82f8	64	2299f4a0a44e4410
PL03X.PAC	0x5	801c8338	84	ed7b8d3486506dee
PL03X.PAC	0x5	801c838c	232	967d631f1457203d
PL03X.PAC	0x5	801c8474	32	20c3a8daad2ca1ef
PL03X.PAC	0x5	801c8494	84	ed7b8d3486506dee
PL03X.PAC	0x5	801c84e8	408	49ae3ad8aa2d3f9e
PL03X.PAC	0x5	801c8680	32	20c3a8daad2ca1ef
PL03X.PAC	0x5	801c86a0	188	3ed576676de07870
PL03X.PAC	0x5	801c875c	64	406152e8268a0ea4
PL03X.PAC	0x5	801c879c	176	5b070d5f6ee2cf95
PL03X.PAC	0x5	801c884c	72	ea0986194417dcbe
PL03X.PAC	0x5	801c8894	68	bc0afff0e487516f
PL03X.PAC	0x5	801c88d8	48	5a5ddea2cfd5c3b7
PL03X.PAC	0x5	801c8908	32	20c3a8daad2ca1ef
PL03X.PAC	0x5	801c8928	272	b884a8fdd84c9969
PL03X.PAC	0x5	801c8a38	356	092df5eb42e2fcdb
PL03X.PAC	0x5	801c8b9c	244	0e9e39276630b56d
PL03X.PAC	0x5	801c8c90	128	c57455ec319d9661
PL03X.PAC	0x5	801c8d10	148	c907875a0659ed9b
PL03X.PAC	0x5	801c8da4	128	9bc8c64beb97b5b3
PL03X.PAC	0x5	801c8e24	136	4dd64e48062db4af
PL03X.PAC	0x5	801c8eac	152	c85b2ca84be9fec8
PL03X.PAC	0x5	801c8f44	64	88bfb0722437aafd
PL03X.PAC	0x5	801c8f84	80	27e96ba5d786abd7
PL03X.PAC	0x5	801c8fd4	104	3678fe70469fc076
PL03X.PAC	0x5	801c903c	140	7494ce403396130e
PL03X.PAC	0x5	801c90c8	80	27e96ba5d786abd7
PL03X.PAC	0x5	801c9118	100	ec1e5cf11f42e556
PL03X.PAC	0x5	801c917c	72	1843007a0cd541f3
PL03X.PAC	0x5	801c91c4	8	c0b0db0a4fdd6d58
PL03X.PAC	0x5	801c91cc	12	623bc7ad00743c72
PL03X.PAC	0x5	801c91d8	36	556b15ff3112c05f
PL03X.PAC	0x5	801c91fc	20	719d31a9c40f47bc
PL03X.PAC	0x5	801c9210	40	66c151de54ed3706
PL03X.PAC	0x5	801c9238	12	267f6a23f7aec3f5
PL03X.PAC	0x5	801c9244	64	946de9087c599ba6
PL03X.PAC	0x5	801c9284	64	946de9087c599ba6
PL03X.PAC	0x5	801c92c4	64	f80a131af04e26d5
PL03X.PAC	0x5	801c9304	220	f02d8475fd579bfc
PL03X.PAC	0x5	801c93e0	212	24c2b906f8f6e852
PL03X.PAC	0x5	801c94b4	92	26f7239f551390c0
PL03X.PAC	0x5	801c9510	64	f80a131af04e26d5
PL03X.PAC	0x5	801c9550	164	0b3a62c3685dff3d
PL03X.PAC	0x5	801c95f4	296	1fd744d269d7565d
PL03X.PAC	0x5	801c971c	116	bdbf9a7ab942c572
PL03X.PAC	0x5	801c9790	64	8a6ece20c5d79a01
PL03X.PAC	0x5	801c97d0	100	a34a62fd8fed2453
PL03X.PAC	0x5	801c9834	68	530b6b66584bdbab
PL03X.PAC	0x5	801c9878	64	f80a131af04e26d5
PL03X.PAC	0x5	801c98b8	64	f80a131af04e26d5
PL03X.PAC	0x5	801c98f8	64	f80a131af04e26d5
PL03X.PAC	0x5	801c9938	152	bcbba997efd867e1
PL03X.PAC	0x5	801c99d0	108	bf3b73f32cc4b47a
PL03X.PAC	0x5	801c9a3c	116	27d5f09cc1e5ed2e
PL03X.PAC	0x5	801c9ab0	156	19d5de80aa511943
PL03X.PAC	0x5	801c9b4c	108	a338f91e07aed5fe
PL03X.PAC	0x5	801c9bb8	80	ac2668d9e47fb846
PL03X.PAC	0x5	801c9c08	112	da107bf5f77444b7
PL03X.PAC	0x5	801c9c78	68	a9a4d8411413a3df
PL03X.PAC	0x5	801c9cbc	64	f80a131af04e26d5
PL03X.PAC	0x5	801c9cfc	116	2882f1f4f516b71c
PL03X.PAC	0x5	801c9d70	128	2ed12a5f71cb8ea6
PL03X.PAC	0x5	801c9df0	196	b9669699752b7945
PL03X.PAC	0x5	801c9eb4	284	3124a608dcdcbf79
PL03X.PAC	0x5	801c9fd0	376	60acdecbd85e7f07
PL03X.PAC	0x5	801ca148	172	480ac386c91265ee
PL03X.PAC	0x5	801ca1f4	72	6d82b0e5b9c9d586
PL03X.PAC	0x5	801ca23c	112	2a1004f4952bac2e
PL03X.PAC	0x5	801ca2ac	64	f80a131af04e26d5
PL03X.PAC	0x5	801ca2ec	64	f80a131af04e26d5
PL03X.PAC	0x5	801ca32c	104	54a5c7c90caaf7c5
PL03X.PAC	0x5	801ca394	124	84784043fe359d03
PL03X.PAC	0x5	801ca410	168	37fe1208ad0deb26
PL03X.PAC	0x5	801ca4b8	328	6851e5f659bb8eef
PL03X.PAC	0x5	801ca600	172	656df96569906187
PL03X.PAC	0x5	801ca6ac	200	16198e298de6bd54
PL03X.PAC	0x5	801ca774	204	5b7b266a12b0adcf
PL03X.PAC	0x5	801ca840	68	a9a4d8411413a3df
PL03X.PAC	0x5	801ca884	68	a9a4d8411413a3df
PL03X.PAC	0x5	801ca8c8	196	a790673fb40c9dd2
PL03X.PAC	0x5	801ca98c	204	2c54b655f70ee57b
PL03X.PAC	0x5	801caa58	208	d98f493bca3b4e9a
PL03X.PAC	0x5	801cab28	64	f80a131af04e26d5
PL03X.PAC	0x5	801cab68	92	e8b7e1b63b3dd01d
PL03X.PAC	0x5	801cabc4	84	ab2a00ee6e1d1a3a
PL03X.PAC	0x5	801cac18	68	a9a4d8411413a3df
PL03X.PAC	0x5	801cac5c	64	f80a131af04e26d5
PL03X.PAC	0x5	801cac9c	104	b0d2e18db31501d8
PL03X.PAC	0x5	801cad04	68	a9a4d8411413a3df
PL03X.PAC	0x5	801cad48	64	f80a131af04e26d5
PL03X.PAC	0x5	801cad88	88	21e86b2fe6969da8
PL03X.PAC	0x5	801cade0	68	a9a4d8411413a3df
PL03X.PAC	0x5	801cae24	64	f80a131af04e26d5
PL03X.PAC	0x5	801cae64	92	eeab656b1aa5abab
PL03X.PAC	0x5	801caec0	84	ac075ac061f21b0d
PL03X.PAC	0x5	801caf14	68	a9a4d8411413a3df
PL03X.PAC	0x5	801caf58	64	f80a131af04e26d5
PL03X.PAC	0x5	801caf98	120	118f6072a23dfe96
PL03X.PAC	0x5	801cb010	148	8f135456a39f6773
PL03X.PAC	0x5	801cb0a4	140	6fbb69e265e6e2e2
PL03X.PAC	0x5	801cb130	212	877dab5563406501
PL03X.PAC	0x5	801cb204	64	92accdc9014d75ec
PL03X.PAC	0x5	801cb244	64	f80a131af04e26d5
PL03X.PAC	0x5	801cb284	116	0b2af3b2b7d4566e
PL03X.PAC	0x5	801cb2f8	148	943cbe9345f52604
PL03X.PAC	0x5	801cb38c	104	2203d800f17ad6bd
PL03X.PAC	0x5	801cb3f4	68	a9a4d8411413a3df
PL03X.PAC	0x5	801cb438	64	f80a131af04e26d5
PL03X.PAC	0x5	801cb478	96	8f92084d2a7a5ed3
PL03X.PAC	0x5	801cb4d8	88	3ff4493ae8c0384f
PL03X.PAC	0x5	801cb530	308	098c66b47a96025f
PL03X.PAC	0x5	801cb664	96	39a5c6f9c2aba12e
PL03X.PAC	0x5	801cb6c4	68	a9a4d8411413a3df
PL03X.PAC	0x5	801cb708	64	f80a131af04e26d5
PL03X.PAC	0x5	801cb748	104	15c3a5ad9b1e13dc
PL03X.PAC	0x5	801cb7b0	552	0202ee9478363be8
PL03X.PAC	0x5	801cb9d8	132	19c85fe515e52dca
PL03X.PAC	0x5	801cba5c	68	bd7de44938ff0d2f
PL03X.PAC	0x5	801cbaa0	8	6d64edf91449c1b1
PL03X.PAC	0x5	801cbaa8	64	36d10b5e7bf2e0d2
PL03X.PAC	0x5	801cbae8	352	67d44d29479a01b3
PL03X.PAC	0x5	801cbc48	64	8c33c089170d1f9b
PL03X.PAC	0x5	801cbc88	60	581c3f7420a59ac2
PL03X.PAC	0x5	801cbcc4	32	20c3a8daad2ca1ef
PL03X.PAC	0x5	801cbce4	32	20c3a8daad2ca1ef
PL03X.PAC	0x5	801cbd04	32	20c3a8daad2ca1ef
PL03X.PAC	0x5	801cbd24	32	20c3a8daad2ca1ef
PL03X.PAC	0x5	801cbd44	84	ffcc695c050b372c
PL03X.PAC	0x5	801cbd98	44	05a915743a81a797
PL03X.PAC	0x5	801cbdc4	92	346a8468502db691
PL03X.PAC	0x5	801cbe20	140	6be7879928093cd2
PL03X.PAC	0x5	801cbeac	64	ca9c4c0a9eec24c8
PL03X.PAC	0x5	801cbeec	160	11dbe8bae3eda21d
PL03X.PAC	0x5	801cbf8c	260	a380f9440f8a7d30
PL03X.PAC	0x5	801cc090	32	20c3a8daad2ca1ef
PL03X.PAC	0x5	801cc0b0	64	32d8675844ff1048
PL03X.PAC	0x5	801cc0f0	64	2299f4a0a44e4410
PL03X.PAC	0x5	801cc130	64	f80a131af04e26d5
PL03X.PAC	0x5	801cc170	228	6b812f6d41bdbfcf
PL03X.PAC	0x5	801cc254	104	40b6f04ee86a9f17
PL03X.PAC	0x5	801cc2bc	64	f80a131af04e26d5
PL03X.PAC	0x5	801cc2fc	352	6e7b1d664e5e1a58
PL03X.PAC	0x5	801cc45c	116	32bfd85a5718fc55
PL03X.PAC	0x5	801cc4d0	164	1dcac1be37b867fa
PL03X.PAC	0x5	801cc574	64	406152e8268a0ea4
PL03X.PAC	0x5	801cc5b4	168	368362c036f7007f
PL03X.PAC	0x5	801cc65c	72	5e9085dfc4a7b9e1
PL03X.PAC	0x5	801cc6a4	68	bc0afff0e487516f
PL03X.PAC	0x5	801cc6e8	56	095aba7859e6c12d
PL03X.PAC	0x5	801cc720	104	40b6f04ee86a9f17
PL03X.PAC	0x5	801cc788	244	def0cfa4b60259ec
PL04.PAC	0x4	801b0000	444	433d40c4a4edf9e7
PL04.PAC	0x4	801b01bc	84	cedc6765857e02ca
PL04.PAC	0x4	801b0210	64	ed0908076f86c2dd
PL04.PAC	0x4	801b0250	52	98c4e69364aef7ab
PL04.PAC	0x4	801b0284	80	d77f660dbbb332eb
PL04.PAC	0x4	801b02d4	156	f7b0443608ce41d4
PL04.PAC	0x4	801b0370	100	e5eeed45e67b2577
PL04.PAC	0x4	801b03d4	88	ec84322e863db4c2
PL04.PAC	0x4	801b042c	64	7ec1257c5bc0f60d
PL04.PAC	0x4	801b046c	188	c1cf0b892ee16d25
PL04.PAC	0x4	801b0528	128	1ebc22bf13f320c6
PL04.PAC	0x4	801b05a8	64	a8c2321748a5bc3f
PL04.PAC	0x4	801b05e8	76	817d34ea60bfdf6a
PL04.PAC	0x4	801b0634	64	f80a131af04e26d5
PL04.PAC	0x4	801b0674	252	fa2eadd7c0b0e51e
PL04.PAC	0x4	801b0770	32	20c3a8daad2ca1ef
PL04.PAC	0x4	801b0790	144	be47eeb650a42081
PL04.PAC	0x4	801b0820	228	180ee5f1d51c43ab
PL04.PAC	0x4	801b0904	168	e7426fb26870d1b1
PL04.PAC	0x4	801b09ac	148	dcf725e11faf7b96
PL04.PAC	0x4	801b0a40	156	7e279d36ca4effb8
PL04.PAC	0x4	801b0adc	276	69c54aa101af732c
PL04.PAC	0x4	801b0bf0	496	93b7d8b40e3d608f
PL04.PAC	0x4	801b0de0	116	579f8b7e8499b0c1
PL04.PAC	0x4	801b0e54	120	2a4b7a662b174e51
PL04.PAC	0x4	801b0ecc	152	93bf59ee01330913
PL04.PAC	0x4	801b0f64	132	0fab721309573c5b
PL04.PAC	0x4	801b0fe8	148	3e280c4e54f9eca0
PL04.PAC	0x4	801b107c	160	d148bbba009543d2
PL04.PAC	0x4	801b111c	148	1079ae22e7bb95d3
PL04.PAC	0x4	801b11b0	140	5c86f8ecee1d0525
PL04.PAC	0x4	801b123c	80	27e96ba5d786abd7
PL04.PAC	0x4	801b128c	156	1ba106e8f22c5da4
PL04.PAC	0x4	801b1328	80	27e96ba5d786abd7
PL04.PAC	0x4	801b1378	156	4508e0c927f1323a
PL04.PAC	0x4	801b1414	252	f4fbbcd8e96c7d79
PL04.PAC	0x4	801b1510	92	77405a7c9c602ba6
PL04.PAC	0x4	801b156c	72	1843007a0cd541f3
PL04.PAC	0x4	801b15b4	8	c0b0db0a4fdd6d58
PL04.PAC	0x4	801b15bc	12	623bc7ad00743c72
PL04.PAC	0x4	801b15c8	20	719d31a9c40f47bc
PL04.PAC	0x4	801b15dc	20	719d31a9c40f47bc
PL04.PAC	0x4	801b15f0	20	719d31a9c40f47bc
PL04.PAC	0x4	801b1604	12	267f6a23f7aec3f5
PL04.PAC	0x4	801b1610	64	946de9087c599ba6
PL04.PAC	0x4	801b1650	64	946de9087c599ba6
PL04.PAC	0x4	801b1690	64	f80a131af04e26d5
PL04.PAC	0x4	801b16d0	116	c6fe201fd9ae1f10
PL04.PAC	0x4	801b1744	128	27b7f0f99197c1ba
PL04.PAC	0x4	801b17c4	504	13ef4d2641a1e852
PL04.PAC	0x4	801b19bc	76	963f13549262cf7f
PL04.PAC	0x4	801b1a08	76	ecbce8a552ff3d53
PL04.PAC	0x4	801b1a54	308	1b5b245b63548ee9
PL04.PAC	0x4	801b1b88	116	e5dc56cba6fe896d
PL04.PAC	0x4	801b1bfc	64	f80a131af04e26d5
PL04.PAC	0x4	801b1c3c	264	7ba72cc291c14f7c
PL04.PAC	0x4	801b1d44	164	791464c8865614b5
PL04.PAC	0x4	801b1de8	104	2a0020093dc2d3c3
PL04.PAC	0x4	801b1e50	112	4e879a9ea8cee7b2
PL04.PAC	0x4	801b1ec0	64	f80a131af04e26d5
PL04.PAC	0x4	801b1f00	120	1da6ecb5a00ebc60
PL04.PAC	0x4	801b1f78	304	aa6586cb5b0e0d71
PL04.PAC	0x4	801b20a8	160	bc22b5b59328c8af
PL04.PAC	0x4	801b2148	64	f80a131af04e26d5
PL04.PAC	0x4	801b2188	320	1791150fade3abee
PL04.PAC	0x4	801b22c8	68	08e9b394ee0884ea
PL04.PAC	0x4	801b230c	168	c4e78bb976cbf603
PL04.PAC	0x4	801b23b4	116	e5dc56cba6fe896d
PL04.PAC	0x4	801b2428	64	f80a131af04e26d5
PL04.PAC	0x4	801b2468	224	856f0976418166da
PL04.PAC	0x4	801b2548	148	f3ff2406c2876e6a
PL04.PAC	0x4	801b25dc	172	f59cfc8209153586
PL04.PAC	0x4	801b2688	228	f049ce8fc9c86c64
PL04.PAC	0x4	801b276c	64	f80a131af04e26d5
PL04.PAC	0x4	801b27ac	268	0b5f9f920e3357ea
PL04.PAC	0x4	801b28b8	164	5d12634e218bcd9d
PL04.PAC	0x4	801b295c	172	dad428bbd0eef544
PL04.PAC	0x4	801b2a08	64	87fc1018ee463769
PL04.PAC	0x4	801b2a48	164	4818235ede794585
PL04.PAC	0x4	801b2aec	96	76377c667aefde39
PL04.PAC	0x4	801b2b4c	64	f80a131af04e26d5
PL04.PAC	0x4	801b2b8c	92	840a390b8e735e32
PL04.PAC	0x4	801b2be8	140	1cf6395ad181a16b
PL04.PAC	0x4	801b2c74	172	8bb199a51dc2d844
PL04.PAC	0x4	801b2d20	328	d7cf3a551f1ae295
PL04.PAC	0x4	801b2e68	604	8624d154b8c9c0d2
PL04.PAC	0x4	801b30c4	96	76377c667aefde39
PL04.PAC	0x4	801b3124	64	f80a131af04e26d5
PL04.PAC	0x4	801b3164	76	bfc8b220154c276c
PL04.PAC	0x4	801b31b0	68	a9a4d8411413a3df
PL04.PAC	0x4	801b31f4	96	76377c667aefde39
PL04.PAC	0x4	801b3254	64	f80a131af04e26d5
PL04.PAC	0x4	801b3294	132	c5c0ea7af7a6724e
PL04.PAC	0x4	801b3318	164	bb2c38c8f79eb6fc
PL04.PAC	0x4	801b33bc	148	bbcfa1e3222ad2eb
PL04.PAC	0x4	801b3450	148	4354be3495577e9e
PL04.PAC	0x4	801b34e4	76	c8a9ec57f93168f1
PL04.PAC	0x4	801b3530	36	80db97aba3538c4c
PL04.PAC	0x4	801b3554	64	4fefae5beb880143
PL04.PAC	0x4	801b3594	64	f80a131af04e26d5
PL04.PAC	0x4	801b35d4	176	ec4fd95c4dbfdd66
PL04.PAC	0x4	801b3684	116	b30e177e8d9a974a
PL04.PAC	0x4	801b36f8	68	a9a4d8411413a3df
PL04.PAC	0x4	801b373c	64	f80a131af04e26d5
PL04.PAC	0x4	801b377c	188	de841bf2db0042b4
PL04.PAC	0x4	801b3838	52	a3776faabd6403f6
PL04.PAC	0x4	801b386c	200	41bf3fdd5de4f207
PL04.PAC	0x4	801b3934	96	6f49095a98204b58
PL04.PAC	0x4	801b3994	104	6c1d49e2ea649431
PL04.PAC	0x4	801b39fc	68	a9a4d8411413a3df
PL04.PAC	0x4	801b3a40	68	a8832706d4fb6584
PL04.PAC	0x4	801b3a84	124	41d822e4e1ef77d4
PL04.PAC	0x4	801b3b00	64	36d10b5e7bf2e0d2
PL04.PAC	0x4	801b3b40	284	6750466cec737335
PL04.PAC	0x4	801b3c5c	84	febaee0386ebdd4e
PL04.PAC	0x4	801b3cb0	104	6aecdb60d8a5d04e
PL04.PAC	0x4	801b3d18	64	2ad851fdc68730c6
PL04.PAC	0x4	801b3d58	76	34c82447390402c1
PL04.PAC	0x4	801b3da4	64	36d10b5e7bf2e0d2
PL04.PAC	0x4	801b3de4	144	cfc5cec3f55539bb
PL04.PAC	0x4	801b3e74	84	febaee0386ebdd4e
PL04.PAC	0x4	801b3ec8	56	36be097803f537c4
PL04.PAC	0x4	801b3f00	36	d4d3f6553b707965
PL04.PAC	0x4	801b3f24	32	20c3a8daad2ca1ef
PL04.PAC	0x4	801b3f44	64	36d10b5e7bf2e0d2
PL04.PAC	0x4	801b3f84	252	680c5dca8c53826d
PL04.PAC	0x4	801b4080	108	0d5bc52c357d041f
PL04.PAC	0x4	801b40ec	172	2bb96509cca34c41
PL04.PAC	0x4	801b4198	172	3813d28c607833ee
PL04.PAC	0x4	801b4244	20	469ab567c4e2c3e0
PL04.PAC	0x4	801b4258	60	6e46b9caa397fa90
PL04.PAC	0x4	801b4294	88	ec84322e863db4c2
PL04.PAC	0x4	801b42ec	64	7ec1257c5bc0f60d
PL04.PAC	0x4	801b432c	64	d811b143200dc5e7
PL04.PAC	0x4	801b436c	136	ec7e53645bbab5c8
PL04.PAC	0x4	801b43f4	104	40b6f04ee86a9f17
PL04.PAC	0x4	801b445c	64	d811b143200dc5e7
PL04.PAC	0x4	801b449c	92	108cd251e2664f81
PL04.PAC	0x4	801b44f8	104	40b6f04ee86a9f17
PL04.PAC	0x4	801b4560	64	a8c2321748a5bc3f
PL04.PAC	0x4	801b45a0	64	d811b143200dc5e7
PL04.PAC	0x4	801b45e0	48	635167230e979971
PL04.PAC	0x4	801b4610	104	40b6f04ee86a9f17
PL04.PAC	0x4	801b4678	64	f80a131af04e26d5
PL04.PAC	0x4	801b46b8	212	2c020d86f60474e8
PL04.PAC	0x4	801b478c	104	40b6f04ee86a9f17
PL04.PAC	0x4	801b47f4	132	761c6ee21508ddcd
PL04.PAC	0x4	801b4878	344	d179c85e8062bdc0
PL04.PAC	0x4	801b49d0	112	9b4f5abe8fd0364b
PL04.PAC	0x4	801b4a40	156	7e279d36ca4effb8
PL04.PAC	0x4	801b4adc	232	1902c3bea2c2f83a
PL04.PAC	0x4	801b4bc4	36	3134d63c1fec6e9f
PL04.PAC	0x4	801b4be8	68	a8832706d4fb6584
PL04.PAC	0x4	801b4c2c	64	36d10b5e7bf2e0d2
PL04.PAC	0x4	801b4c6c	236	0389c0cb182e1aaf
PL04.PAC	0x4	801b4d58	140	1b50568fde1b3158
PL04.PAC	0x4	801b4de4	32	20c3a8daad2ca1ef
PL04X.PAC	0x5	801c8000	444	433d40c4a4edf9e7
PL04X.PAC	0x5	801c81bc	84	cedc6765857e02ca
PL04X.PAC	0x5	801c8210	64	ed0908076f86c2dd
PL04X.PAC	0x5	801c8250	52	98c4e69364aef7ab
PL04X.PAC	0x5	801c8284	80	d77f660dbbb332eb
PL04X.PAC	0x5	801c82d4	156	f7b0443608ce41d4
PL04X.PAC	0x5	801c8370	100	e5eeed45e67b2577
PL04X.PAC	0x5	801c83d4	88	ec84322e863db4c2
PL04X.PAC	0x5	801c842c	64	7ec1257c5bc0f60d
PL04X.PAC	0x5	801c846c	188	c1cf0b892ee16d25
PL04X.PAC	0x5	801c8528	128	1ebc22bf13f320c6
PL04X.PAC	0x5	801c85a8	64	a8c2321748a5bc3f
PL04X.PAC	0x5	801c85e8	76	817d34ea60bfdf6a
PL04X.PAC	0x5	801c8634	64	f80a131af04e26d5
PL04X.PAC	0x5	801c8674	252	fa2eadd7c0b0e51e
PL04X.PAC	0x5	801c8770	32	20c3a8daad2ca1ef
PL04X.PAC	0x5	801c8790	144	be47eeb650a42081
PL04X.PAC	0x5	801c8820	228	180ee5f1d51c43ab
PL04X.PAC	0x5	801c8904	168	e7426fb26870d1b1
PL04X.PAC	0x5	801c89ac	148	dcf725e11faf7b96
PL04X.PAC	0x5	801c8a40	156	7e279d36ca4effb8
PL04X.PAC	0x5	801c8adc	276	69c54aa101af732c
PL04X.PAC	0x5	801c8bf0	496	93b7d8b40e3d608f
PL04X.PAC	0x5	801c8de0	116	579f8b7e8499b0c1
PL04X.PAC	0x5	801c8e54	120	2a4b7a662b174e51
PL04X.PAC	0x5	801c8ecc	152	93bf59ee01330913
PL04X.PAC	0x5	801c8f64	132	0fab721309573c5b
PL04X.PAC	0x5	801c8fe8	148	3e280c4e54f9eca0
PL04X.PAC	0x5	801c907c	160	d148bbba009543d2
PL04X.PAC	0x5	801c911c	148	1079ae22e7bb95d3
PL04X.PAC	0x5	801c91b0	140	5c86f8ecee1d0525
PL04X.PAC	0x5	801c923c	80	27e96ba5d786abd7
PL04X.PAC	0x5	801c928c	156	1ba106e8f22c5da4
PL04X.PAC	0x5	801c9328	80	27e96ba5d786abd7
PL04X.PAC	0x5	801c9378	156	4508e0c927f1323a
PL04X.PAC	0x5	801c9414	252	f4fbbcd8e96c7d79
PL04X.PAC	0x5	801c9510	92	77405a7c9c602ba6
PL04X.PAC	0x5	801c956c	72	1843007a0cd541f3
PL04X.PAC	0x5	801c95b4	8	c0b0db0a4fdd6d58
PL04X.PAC	0x5	801c95bc	12	623bc7ad00743c72
PL04X.PAC	0x5	801c95c8	20	719d31a9c40f47bc
PL04X.PAC	0x5	801c95dc	20	719d31a9c40f47bc
PL04X.PAC	0x5	801c95f0	20	719d31a9c40f47bc
PL04X.PAC	0x5	801c9604	12	267f6a23f7aec3f5
PL04X.PAC	0x5	801c9610	64	946de9087c599ba6
PL04X.PAC	0x5	801c9650	64	946de9087c599ba6
PL04X.PAC	0x5	801c9690	64	f80a131af04e26d5
PL04X.PAC	0x5	801c96d0	116	c6fe201fd9ae1f10
PL04X.PAC	0x5	801c9744	128	27b7f0f99197c1ba
PL04X.PAC	0x5	801c97c4	504	13ef4d2641a1e852
PL04X.PAC	0x5	801c99bc	76	963f13549262cf7f
PL04X.PAC	0x5	801c9a08	76	ecbce8a552ff3d53
PL04X.PAC	0x5	801c9a54	308	1b5b245b63548ee9
PL04X.PAC	0x5	801c9b88	116	e5dc56cba6fe896d
PL04X.PAC	0x5	801c9bfc	64	f80a131af04e26d5
PL04X.PAC	0x5	801c9c3c	264	7ba72cc291c14f7c
PL04X.PAC	0x5	801c9d44	164	791464c8865614b5
PL04X.PAC	0x5	801c9de8	104	2a0020093dc2d3c3
PL04X.PAC	0x5	801c9e50	112	4e879a9ea8cee7b2
PL04X.PAC	0x5	801c9ec0	64	f80a131af04e26d5
PL04X.PAC	0x5	801c9f00	120	1da6ecb5a00ebc60
PL04X.PAC	0x5	801c9f78	304	aa6586cb5b0e0d71
PL04X.PAC	0x5	801ca0a8	160	bc22b5b59328c8af
PL04X.PAC	0x5	801ca148	64	f80a131af04e26d5
PL04X.PAC	0x5	801ca188	320	1791150fade3abee
PL04X.PAC	0x5	801ca2c8	68	08e9b394ee0884ea
PL04X.PAC	0x5	801ca30c	168	c4e78bb976cbf603
PL04X.PAC	0x5	801ca3b4	116	e5dc56cba6fe896d
PL04X.PAC	0x5	801ca428	64	f80a131af04e26d5
PL04X.PAC	0x5	801ca468	224	856f0976418166da
PL04X.PAC	0x5	801ca548	148	f3ff2406c2876e6a
PL04X.PAC	0x5	801ca5dc	172	f59cfc8209153586
PL04X.PAC	0x5	801ca688	228	f049ce8fc9c86c64
PL04X.PAC	0x5	801ca76c	64	f80a131af04e26d5
PL04X.PAC	0x5	801ca7ac	268	0b5f9f920e3357ea
PL04X.PAC	0x5	801ca8b8	164	5d12634e218bcd9d
PL04X.PAC	0x5	801ca95c	172	dad428bbd0eef544
PL04X.PAC	0x5	801caa08	64	87fc1018ee463769
PL04X.PAC	0x5	801caa48	164	4818235ede794585
PL04X.PAC	0x5	801caaec	96	76377c667aefde39
PL04X.PAC	0x5	801cab4c	64	f80a131af04e26d5
PL04X.PAC	0x5	801cab8c	92	840a390b8e735e32
PL04X.PAC	0x5	801cabe8	140	1cf6395ad181a16b
PL04X.PAC	0x5	801cac74	172	8bb199a51dc2d844
PL04X.PAC	0x5	801cad20	328	d7cf3a551f1ae295
PL04X.PAC	0x5	801cae68	604	8624d154b8c9c0d2
PL04X.PAC	0x5	801cb0c4	96	76377c667aefde39
PL04X.PAC	0x5	801cb124	64	f80a131af04e26d5
PL04X.PAC	0x5	801cb164	76	bfc8b220154c276c
PL04X.PAC	0x5	801cb1b0	68	a9a4d8411413a3df
PL04X.PAC	0x5	801cb1f4	96	76377c667aefde39
PL04X.PAC	0x5	801cb254	64	f80a131af04e26d5
PL04X.PAC	0x5	801cb294	132	c5c0ea7af7a6724e
PL04X.PAC	0x5	801cb318	164	bb2c38c8f79eb6fc
PL04X.PAC	0x5	801cb3bc	148	bbcfa1e3222ad2eb
PL04X.PAC	0x5	801cb450	148	4354be3495577e9e
PL04X.PAC	0x5	801cb4e4	76	c8a9ec57f93168f1
PL04X.PAC	0x5	801cb530	36	80db97aba3538c4c
PL04X.PAC	0x5	801cb554	64	4fefae5beb880143
PL04X.PAC	0x5	801cb594	64	f80a131af04e26d5
PL04X.PAC	0x5	801cb5d4	176	ec4fd95c4dbfdd66
PL04X.PAC	0x5	801cb684	116	b30e177e8d9a974a
PL04X.PAC	0x5	801cb6f8	68	a9a4d8411413a3df
PL04X.PAC	0x5	801cb73c	64	f80a131af04e26d5
PL04X.PAC	0x5	801cb77c	188	de841bf2db0042b4
PL04X.PAC	0x5	801cb838	52	a3776faabd6403f6
PL04X.PAC	0x5	801cb86c	200	41bf3fdd5de4f207
PL04X.PAC	0x5	801cb934	96	6f49095a98204b58
PL04X.PAC	0x5	801cb994	104	6c1d49e2ea649431
PL04X.PAC	0x5	801cb9fc	68	a9a4d8411413a3df
PL04X.PAC	0x5	801cba40	68	a8832706d4fb6584
PL04X.PAC	0x5	801cba84	124	41d822e4e1ef77d4
PL04X.PAC	0x5	801cbb00	64	36d10b5e7bf2e0d2
PL04X.PAC	0x5	801cbb40	284	6750466cec737335
PL04X.PAC	0x5	801cbc5c	84	febaee0386ebdd4e
PL04X.PAC	0x5	801cbcb0	104	6aecdb60d8a5d04e
PL04X.PAC	0x5	801cbd18	64	2ad851fdc68730c6
PL04X.PAC	0x5	801cbd58	76	34c82447390402c1
PL04X.PAC	0x5	801cbda4	64	36d10b5e7bf2e0d2
PL04X.PAC	0x5	801cbde4	144	cfc5cec3f55539bb
PL04X.PAC	0x5	801cbe74	84	febaee0386ebdd4e
PL04X.PAC	0x5	801cbec8	56	36be097803f537c4
PL04X.PAC	0x5	801cbf00	36	d4d3f6553b707965
PL04X.PAC	0x5	801cbf24	32	20c3a8daad2ca1ef
PL04X.PAC	0x5	801cbf44	64	36d10b5e7bf2e0d2
PL04X.PAC	0x5	801cbf84	252	680c5dca8c53826d
PL04X.PAC	0x5	801cc080	108	0d5bc52c357d041f
PL04X.PAC	0x5	801cc0ec	172	2bb96509cca34c41
PL04X.PAC	0x5	801cc198	172	3813d28c607833ee
PL04X.PAC	0x5	801cc244	20	469ab567c4e2c3e0
PL04X.PAC	0x5	801cc258	60	6e46b9caa397fa90
PL04X.PAC	0x5	801cc294	88	ec84322e863db4c2
PL04X.PAC	0x5	801cc2ec	64	7ec1257c5bc0f60d
PL04X.PAC	0x5	801cc32c	64	d811b143200dc5e7
PL04X.PAC	0x5	801cc36c	136	ec7e53645bbab5c8
PL04X.PAC	0x5	801cc3f4	104	40b6f04ee86a9f17
PL04X.PAC	0x5	801cc45c	64	d811b143200dc5e7
PL04X.PAC	0x5	801cc49c	92	108cd251e2664f81
PL04X.PAC	0x5	801cc4f8	104	40b6f04ee86a9f17
PL04X.PAC	0x5	801cc560	64	a8c2321748a5bc3f
PL04X.PAC	0x5	801cc5a0	64	d811b143200dc5e7
PL04X.PAC	0x5	801cc5e0	48	635167230e979971
PL04X.PAC	0x5	801cc610	104	40b6f04ee86a9f17
PL04X.PAC	0x5	801cc678	64	f80a131af04e26d5
PL04X.PAC	0x5	801cc6b8	212	2c020d86f60474e8
PL04X.PAC	0x5	801cc78c	104	40b6f04ee86a9f17
PL04X.PAC	0x5	801cc7f4	132	761c6ee21508ddcd
PL04X.PAC	0x5	801cc878	344	d179c85e8062bdc0
PL04X.PAC	0x5	801cc9d0	112	9b4f5abe8fd0364b
PL04X.PAC	0x5	801cca40	156	7e279d36ca4effb8
PL04X.PAC	0x5	801ccadc	232	1902c3bea2c2f83a
PL04X.PAC	0x5	801ccbc4	36	3134d63c1fec6e9f
PL04X.PAC	0x5	801ccbe8	68	a8832706d4fb6584
PL04X.PAC	0x5	801ccc2c	64	36d10b5e7bf2e0d2
PL04X.PAC	0x5	801ccc6c	236	0389c0cb182e1aaf
PL04X.PAC	0x5	801ccd58	140	1b50568fde1b3158
PL04X.PAC	0x5	801ccde4	32	20c3a8daad2ca1ef
PL05.PAC	0x4	801b0000	268	e50ad642b152425d
PL05.PAC	0x4	801b010c	84	cedc6765857e02ca
PL05.PAC	0x4	801b0160	64	ed0908076f86c2dd
PL05.PAC	0x4	801b01a0	52	98c4e69364aef7ab
PL05.PAC	0x4	801b01d4	80	b7aa45574ae4dd80
PL05.PAC	0x4	801b0224	132	78e504320a643b78
PL05.PAC	0x4	801b02a8	64	87f26daf03d59187
PL05.PAC	0x4	801b02e8	20	f68596262be695aa
PL05.PAC	0x4	801b02fc	64	f80a131af04e26d5
PL05.PAC	0x4	801b033c	148	6871de36c52ad65f
PL05.PAC	0x4	801b03d0	64	552c5539708e3498
PL05.PAC	0x4	801b0410	100	e052414713ebc3c6
PL05.PAC	0x4	801b0474	84	6b416852282c72bc
PL05.PAC	0x4	801b04c8	104	e6d76237e17f637c
PL05.PAC	0x4	801b0530	100	e5eeed45e67b2577
PL05.PAC	0x4	801b0594	64	43e1e4cd9f294bf3
PL05.PAC	0x4	801b05d4	64	7ec1257c5bc0f60d
PL05.PAC	0x4	801b0614	64	f80a131af04e26d5
PL05.PAC	0x4	801b0654	296	9f43c28bf7b39fe3
PL05.PAC	0x4	801b077c	32	20c3a8daad2ca1ef
PL05.PAC	0x4	801b079c	164	a6ae30918738674d
PL05.PAC	0x4	801b0840	64	f80a131af04e26d5
PL05.PAC	0x4	801b0880	152	8cb67a7036abca29
PL05.PAC	0x4	801b0918	32	20c3a8daad2ca1ef
PL05.PAC	0x4	801b0938	64	a8c2321748a5bc3f
PL05.PAC	0x4	801b0978	64	f80a131af04e26d5
PL05.PAC	0x4	801b09b8	48	5a5ddea2cfd5c3b7
PL05.PAC	0x4	801b09e8	32	20c3a8daad2ca1ef
PL05.PAC	0x4	801b0a08	64	f80a131af04e26d5
PL05.PAC	0x4	801b0a48	148	d474335bd8158d10
PL05.PAC	0x4	801b0adc	32	20c3a8daad2ca1ef
PL05.PAC	0x4	801b0afc	68	a9a4d8411413a3df
PL05.PAC	0x4	801b0b40	148	e7a5ecd0c05f7001
PL05.PAC	0x4	801b0bd4	448	df353e6e1246d044
PL05.PAC	0x4	801b0d94	136	91e7548e77332204
PL05.PAC	0x4	801b0e1c	116	7ca9a786581594dc
PL05.PAC	0x4	801b0e90	116	579f8b7e8499b0c1
PL05.PAC	0x4	801b0f04	120	6fa6a55e27154b96
PL05.PAC	0x4	801b0f7c	116	c4429b017e73b13b
PL05.PAC	0x4	801b0ff0	116	952774508230e98b
PL05.PAC	0x4	801b1064	52	157bd88a810427b4
PL05.PAC	0x4	801b1098	140	6162f1f37d265452
PL05.PAC	0x4	801b1124	140	32ebbc7bf5add6a4
PL05.PAC	0x4	801b11b0	80	27e96ba5d786abd7
PL05.PAC	0x4	801b1200	112	380202a66662a02f
PL05.PAC	0x4	801b1270	80	27e96ba5d786abd7
PL05.PAC	0x4	801b12c0	112	44e963f33ddeb492
PL05.PAC	0x4	801b1330	252	313ad9dc0ee7016d
PL05.PAC	0x4	801b142c	40	fe416f7111fb6008
PL05.PAC	0x4	801b1454	72	1843007a0cd541f3
PL05.PAC	0x4	801b149c	8	c0b0db0a4fdd6d58
PL05.PAC	0x4	801b14a4	20	719d31a9c40f47bc
PL05.PAC	0x4	801b14b8	20	719d31a9c40f47bc
PL05.PAC	0x4	801b14cc	12	267f6a23f7aec3f5
PL05.PAC	0x4	801b14d8	20	719d31a9c40f47bc
PL05.PAC	0x4	801b14ec	64	946de9087c599ba6
PL05.PAC	0x4	801b152c	64	946de9087c599ba6
PL05.PAC	0x4	801b156c	64	f80a131af04e26d5
PL05.PAC	0x4	801b15ac	292	27b48d71cf22e57f
PL05.PAC	0x4	801b16d0	72	edeecb1a478b3093
PL05.PAC	0x4	801b1718	188	0d858cfff4645e86
PL05.PAC	0x4	801b17d4	92	b5a46cbfe7b33fba
PL05.PAC	0x4	801b1830	64	f80a131af04e26d5
PL05.PAC	0x4	801b1870	252	6c44c534e32cc746
PL05.PAC	0x4	801b196c	88	49cce4997d71341b
PL05.PAC	0x4	801b19c4	156	ebea31e275aba5df
PL05.PAC	0x4	801b1a60	136	0430a79cc7bdf5b0
PL05.PAC	0x4	801b1ae8	92	b5a46cbfe7b33fba
PL05.PAC	0x4	801b1b44	156	e4f150f625411467
PL05.PAC	0x4	801b1be0	80	cc1fa15e7053707b
PL05.PAC	0x4	801b1c30	64	f80a131af04e26d5
PL05.PAC	0x4	801b1c70	196	54cb1bae8780ba12
PL05.PAC	0x4	801b1d34	96	dddf5e8c78bfd439
PL05.PAC	0x4	801b1d94	228	e0ee955516263985
PL05.PAC	0x4	801b1e78	220	406e5af2f7734d4f
PL05.PAC	0x4	801b1f54	120	2feed860b8aaf3ed
PL05.PAC	0x4	801b1fcc	92	b5a46cbfe7b33fba
PL05.PAC	0x4	801b2028	64	f80a131af04e26d5
PL05.PAC	0x4	801b2068	64	274170b1d3eaaed5
PL05.PAC	0x4	801b20a8	88	d72b6ef43dc85f49
PL05.PAC	0x4	801b2100	68	a9a4d8411413a3df
PL05.PAC	0x4	801b2144	68	530b6b66584bdbab
PL05.PAC	0x4	801b2188	64	f80a131af04e26d5
PL05.PAC	0x4	801b21c8	152	a1595add5215acc1
PL05.PAC	0x4	801b2260	128	31b64e7c03351527
PL05.PAC	0x4	801b22e0	144	85f2d768d6c3a4a2
PL05.PAC	0x4	801b2370	64	73566c3cb37e96ad
PL05.PAC	0x4	801b23b0	188	319bd20dcd7b3644
PL05.PAC	0x4	801b246c	144	bea6c1e5a33063a2
PL05.PAC	0x4	801b24fc	64	f80a131af04e26d5
PL05.PAC	0x4	801b253c	188	319bd20dcd7b3644
PL05.PAC	0x4	801b25f8	144	bea6c1e5a33063a2
PL05.PAC	0x4	801b2688	64	f80a131af04e26d5
PL05.PAC	0x4	801b26c8	144	446fdda72d43d07a
PL05.PAC	0x4	801b2758	188	319bd20dcd7b3644
PL05.PAC	0x4	801b2814	188	1ee9489e6167ae2b
PL05.PAC	0x4	801b28d0	144	bea6c1e5a33063a2
PL05.PAC	0x4	801b2960	68	530b6b66584bdbab
PL05.PAC	0x4	801b29a4	64	f80a131af04e26d5
PL05.PAC	0x4	801b29e4	184	d9643221d215baac
PL05.PAC	0x4	801b2a9c	128	8785d19c3a15efa5
PL05.PAC	0x4	801b2b1c	144	85f2d768d6c3a4a2
PL05.PAC	0x4	801b2bac	152	bc28af9c1999b7c5
PL05.PAC	0x4	801b2c44	64	f80a131af04e26d5
PL05.PAC	0x4	801b2c84	212	3b06580ec4e891a6
PL05.PAC	0x4	801b2d58	108	b277765284585da1
PL05.PAC	0x4	801b2dc4	64	f80a131af04e26d5
PL05.PAC	0x4	801b2e04	112	e4997146f03953d3
PL05.PAC	0x4	801b2e74	292	3dd904a77dbc5c1b
PL05.PAC	0x4	801b2f98	176	fc1c1124bc76b442
PL05.PAC	0x4	801b3048	76	aab708cb043826bd
PL05.PAC	0x4	801b3094	72	6d82b0e5b9c9d586
PL05.PAC	0x4	801b30dc	64	f80a131af04e26d5
PL05.PAC	0x4	801b311c	84	52a1e423bda4367e
PL05.PAC	0x4	801b3170	64	f80a131af04e26d5
PL05.PAC	0x4	801b31b0	96	bcc57ad137329cac
PL05.PAC	0x4	801b3210	64	f80a131af04e26d5
PL05.PAC	0x4	801b3250	120	118f6072a23dfe96
PL05.PAC	0x4	801b32c8	148	6464abfcbd47b354
PL05.PAC	0x4	801b335c	140	6fbb69e265e6e2e2
PL05.PAC	0x4	801b33e8	208	30a275a61b211188
PL05.PAC	0x4	801b34b8	64	2aaf8d7718c53cdb
PL05.PAC	0x4	801b34f8	64	f80a131af04e26d5
PL05.PAC	0x4	801b3538	160	263d1dfba2f521ff
PL05.PAC	0x4	801b35d8	116	57cd80190a4ef6e8
PL05.PAC	0x4	801b364c	100	e052414713ebc3c6
PL05.PAC	0x4	801b36b0	68	a9a4d8411413a3df
PL05.PAC	0x4	801b36f4	64	f80a131af04e26d5
PL05.PAC	0x4	801b3734	156	781292b5d5a6c62d
PL05.PAC	0x4	801b37d0	64	766d677a3ab76e58
PL05.PAC	0x4	801b3810	84	ad9129a1f4704e97
PL05.PAC	0x4	801b3864	100	72da797ef63c6be8
PL05.PAC	0x4	801b38c8	108	d6b1b9a686719ada
PL05.PAC	0x4	801b3934	80	22579d7343306d5f
PL05.PAC	0x4	801b3984	92	654bf534644a2a44
PL05.PAC	0x4	801b39e0	144	7705000e0d5e936b
PL05.PAC	0x4	801b3a70	164	d3464b2e194d8343
PL05.PAC	0x4	801b3b14	36	c54f04c517aa0972
PL05.PAC	0x4	801b3b38	64	ca9c4c0a9eec24c8
PL05.PAC	0x4	801b3b78	148	49f685256898e396
PL05.PAC	0x4	801b3c0c	216	882ac74703c8f16d
PL05.PAC	0x4	801b3ce4	20	469ab567c4e2c3e0
PL05.PAC	0x4	801b3cf8	52	ff4a86c1d74e147f
PL05.PAC	0x4	801b3d2c	64	32d8675844ff1048
PL05.PAC	0x4	801b3d6c	64	2299f4a0a44e4410
PL05.PAC	0x4	801b3dac	64	f80a131af04e26d5
PL05.PAC	0x4	801b3dec	240	3db4ac03eee29558
PL05.PAC	0x4	801b3edc	104	40b6f04ee86a9f17
PL05.PAC	0x4	801b3f44	164	2f9df8c805332e08
PL05.PAC	0x4	801b3fe8	64	f80a131af04e26d5
PL05.PAC	0x4	801b4028	144	a87748af6b17f8b4
PL05.PAC	0x4	801b40b8	104	40b6f04ee86a9f17
PL05.PAC	0x4	801b4120	64	331193ca9e0ef830
PL05.PAC	0x4	801b4160	64	f80a131af04e26d5
PL05.PAC	0x4	801b41a0	56	095aba7859e6c12d
PL05.PAC	0x4	801b41d8	104	40b6f04ee86a9f17
PL05.PAC	0x4	801b4240	64	f80a131af04e26d5
PL05.PAC	0x4	801b4280	144	2680ff4c79d2060f
PL05.PAC	0x4	801b4310	104	bb8fa8fa07cc0a01
PL05.PAC	0x4	801b4378	68	a9a4d8411413a3df
PL05.PAC	0x4	801b43bc	140	236e4e9cd3950100
PL05X.PAC	0x5	801c8000	268	e50ad642b152425d
PL05X.PAC	0x5	801c810c	84	cedc6765857e02ca
PL05X.PAC	0x5	801c8160	64	ed0908076f86c2dd
PL05X.PAC	0x5	801c81a0	52	98c4e69364aef7ab
PL05X.PAC	0x5	801c81d4	80	b7aa45574ae4dd80
PL05X.PAC	0x5	801c8224	132	78e504320a643b78
PL05X.PAC	0x5	801c82a8	64	87f26daf03d59187
PL05X.PAC	0x5	801c82e8	20	f68596262be695aa
PL05X.PAC	0x5	801c82fc	64	f80a131af04e26d5
PL05X.PAC	0x5	801c833c	148	6871de36c52ad65f
PL05X.PAC	0x5	801c83d0	64	552c5539708e3498
PL05X.PAC	0x5	801c8410	100	e052414713ebc3c6
PL05X.PAC	0x5	801c8474	84	6b416852282c72bc
PL05X.PAC	0x5	801c84c8	104	e6d76237e17f637c
PL05X.PAC	0x5	801c8530	100	e5eeed45e67b2577
PL05X.PAC	0x5	801c8594	64	43e1e4cd9f294bf3
PL05X.PAC	0x5	801c85d4	64	7ec1257c5bc0f60d
PL05X.PAC	0x5	801c8614	64	f80a131af04e26d5
PL05X.PAC	0x5	801c8654	296	9f43c28bf7b39fe3
PL05X.PAC	0x5	801c877c	32	20c3a8daad2ca1ef
PL05X.PAC	0x5	801c879c	164	a6ae30918738674d
PL05X.PAC	0x5	801c8840	64	f80a131af04e26d5
PL05X.PAC	0x5	801c8880	152	8cb67a7036abca29
PL05X.PAC	0x5	801c8918	32	20c3a8daad2ca1ef
PL05X.PAC	0x5	801c8938	64	a8c2321748a5bc3f
PL05X.PAC	0x5	801c8978	64	f80a131af04e26d5
PL05X.PAC	0x5	801c89b8	48	5a5ddea2cfd5c3b7
PL05X.PAC	0x5	801c89e8	32	20c3a8daad2ca1ef
PL05X.PAC	0x5	801c8a08	64	f80a131af04e26d5
PL05X.PAC	0x5	801c8a48	148	d474335bd8158d10
PL05X.PAC	0x5	801c8adc	32	20c3a8daad2ca1ef
PL05X.PAC	0x5	801c8afc	68	a9a4d8411413a3df
PL05X.PAC	0x5	801c8b40	148	e7a5ecd0c05f7001
PL05X.PAC	0x5	801c8bd4	448	df353e6e1246d044
PL05X.PAC	0x5	801c8d94	136	91e7548e77332204
PL05X.PAC	0x5	801c8e1c	116	7ca9a786581594dc
PL05X.PAC	0x5	801c8e90	116	579f8b7e8499b0c1
PL05X.PAC	0x5	801c8f04	120	6fa6a55e27154b96
PL05X.PAC	0x5	801c8f7c	116	c4429b017e73b13b
PL05X.PAC	0x5	801c8ff0	116	952774508230e98b
PL05X.PAC	0x5	801c9064	52	157bd88a810427b4
PL05X.PAC	0x5	801c9098	140	6162f1f37d265452
PL05X.PAC	0x5	801c9124	140	32ebbc7bf5add6a4
PL05X.PAC	0x5	801c91b0	80	27e96ba5d786abd7
PL05X.PAC	0x5	801c9200	112	380202a66662a02f
PL05X.PAC	0x5	801c9270	80	27e96ba5d786abd7
PL05X.PAC	0x5	801c92c0	112	44e963f33ddeb492
PL05X.PAC	0x5	801c9330	252	313ad9dc0ee7016d
PL05X.PAC	0x5	801c942c	40	fe416f7111fb6008
PL05X.PAC	0x5	801c9454	72	1843007a0cd541f3
PL05X.PAC	0x5	801c949c	8	c0b0db0a4fdd6d58
PL05X.PAC	0x5	801c94a4	20	719d31a9c40f47bc
PL05X.PAC	0x5	801c94b8	20	719d31a9c40f47bc
PL05X.PAC	0x5	801c94cc	12	267f6a23f7aec3f5
PL05X.PAC	0x5	801c94d8	20	719d31a9c40f47bc
PL05X.PAC	0x5	801c94ec	64	946de9087c599ba6
PL05X.PAC	0x5	801c952c	64	946de9087c599ba6
PL05X.PAC	0x5	801c956c	64	f80a131af04e26d5
PL05X.PAC	0x5	801c95ac	292	27b48d71cf22e57f
PL05X.PAC	0x5	801c96d0	72	edeecb1a478b3093
PL05X.PAC	0x5	801c9718	188	0d858cfff4645e86
PL05X.PAC	0x5	801c97d4	92	b5a46cbfe7b33fba
PL05X.PAC	0x5	801c9830	64	f80a131af04e26d5
PL05X.PAC	0x5	801c9870	252	6c44c534e32cc746
PL05X.PAC	0x5	801c996c	88	49cce4997d71341b
PL05X.PAC	0x5	801c99c4	156	ebea31e275aba5df
PL05X.PAC	0x5	801c9a60	136	0430a79cc7bdf5b0
PL05X.PAC	0x5	801c9ae8	92	b5a46cbfe7b33fba
PL05X.PAC	0x5	801c9b44	156	e4f150f625411467
PL05X.PAC	0x5	801c9be0	80	cc1fa15e7053707b
PL05X.PAC	0x5	801c9c30	64	f80a131af04e26d5
PL05X.PAC	0x5	801c9c70	196	54cb1bae8780ba12
PL05X.PAC	0x5	801c9d34	96	dddf5e8c78bfd439
PL05X.PAC	0x5	801c9d94	228	e0ee955516263985
PL05X.PAC	0x5	801c9e78	220	406e5af2f7734d4f
PL05X.PAC	0x5	801c9f54	120	2feed860b8aaf3ed
PL05X.PAC	0x5	801c9fcc	92	b5a46cbfe7b33fba
PL05X.PAC	0x5	801ca028	64	f80a131af04e26d5
PL05X.PAC	0x5	801ca068	64	274170b1d3eaaed5
PL05X.PAC	0x5	801ca0a8	88	d72b6ef43dc85f49
PL05X.PAC	0x5	801ca100	68	a9a4d8411413a3df
PL05X.PAC	0x5	801ca144	68	530b6b66584bdbab
PL05X.PAC	0x5	801ca188	64	f80a131af04e26d5
PL05X.PAC	0x5	801ca1c8	152	a1595add5215acc1
PL05X.PAC	0x5	801ca260	128	31b64e7c03351527
PL05X.PAC	0x5	801ca2e0	144	85f2d768d6c3a4a2
PL05X.PAC	0x5	801ca370	64	73566c3cb37e96ad
PL05X.PAC	0x5	801ca3b0	188	319bd20dcd7b3644
PL05X.PAC	0x5	801ca46c	144	bea6c1e5a33063a2
PL05X.PAC	0x5	801ca4fc	64	f80a131af04e26d5
PL05X.PAC	0x5	801ca53c	188	319bd20dcd7b3644
PL05X.PAC	0x5	801ca5f8	144	bea6c1e5a33063a2
PL05X.PAC	0x5	801ca688	64	f80a131af04e26d5
PL05X.PAC	0x5	801ca6c8	144	446fdda72d43d07a
PL05X.PAC	0x5	801ca758	188	319bd20dcd7b3644
PL05X.PAC	0x5	801ca814	188	1ee9489e6167ae2b
PL05X.PAC	0x5	801ca8d0	144	bea6c1e5a33063a2
PL05X.PAC	0x5	801ca960	68	530b6b66584bdbab
PL05X.PAC	0x5	801ca9a4	64	f80a131af04e26d5
PL05X.PAC	0x5	801ca9e4	184	d9643221d215baac
PL05X.PAC	0x5	801caa9c	128	8785d19c3a15efa5
PL05X.PAC	0x5	801cab1c	144	85f2d768d6c3a4a2
PL05X.PAC	0x5	801cabac	152	bc28af9c1999b7c5
PL05X.PAC	0x5	801cac44	64	f80a131af04e26d5
PL05X.PAC	0x5	801cac84	212	3b06580ec4e891a6
PL05X.PAC	0x5	801cad58	108	b277765284585da1
PL05X.PAC	0x5	801cadc4	64	f80a131af04e26d5
PL05X.PAC	0x5	801cae04	112	e4997146f03953d3
PL05X.PAC	0x5	801cae74	292	3dd904a77dbc5c1b
PL05X.PAC	0x5	801caf98	176	fc1c1124bc76b442
PL05X.PAC	0x5	801cb048	76	aab708cb043826bd
PL05X.PAC	0x5	801cb094	72	6d82b0e5b9c9d586
PL05X.PAC	0x5	801cb0dc	64	f80a131af04e26d5
PL05X.PAC	0x5	801cb11c	84	52a1e423bda4367e
PL05X.PAC	0x5	801cb170	64	f80a131af04e26d5
PL05X.PAC	0x5	801cb1b0	96	bcc57ad137329cac
PL05X.PAC	0x5	801cb210	64	f80a131af04e26d5
PL05X.PAC	0x5	801cb250	120	118f6072a23dfe96
PL05X.PAC	0x5	801cb2c8	148	6464abfcbd47b354
PL05X.PAC	0x5	801cb35c	140	6fbb69e265e6e2e2
PL05X.PAC	0x5	801cb3e8	208	30a275a61b211188
PL05X.PAC	0x5	801cb4b8	64	2aaf8d7718c53cdb
PL05X.PAC	0x5	801cb4f8	64	f80a131af04e26d5
PL05X.PAC	0x5	801cb538	160	263d1dfba2f521ff
PL05X.PAC	0x5	801cb5d8	116	57cd80190a4ef6e8
PL05X.PAC	0x5	801cb64c	100	e052414713ebc3c6
PL05X.PAC	0x5	801cb6b0	68	a9a4d8411413a3df
PL05X.PAC	0x5	801cb6f4	64	f80a131af04e26d5
PL05X.PAC	0x5	801cb734	156	781292b5d5a6c62d
PL05X.PAC	0x5	801cb7d0	64	766d677a3ab76e58
PL05X.PAC	0x5	801cb810	84	ad9129a1f4704e97
PL05X.PAC	0x5	801cb864	100	72da797ef63c6be8
PL05X.PAC	0x5	801cb8c8	108	d6b1b9a686719ada
PL05X.PAC	0x5	801cb934	80	22579d7343306d5f
PL05X.PAC	0x5	801cb984	92	654bf534644a2a44
PL05X.PAC	0x5	801cb9e0	144	7705000e0d5e936b
PL05X.PAC	0x5	801cba70	164	d3464b2e194d8343
PL05X.PAC	0x5	801cbb14	36	c54f04c517aa0972
PL05X.PAC	0x5	801cbb38	64	ca9c4c0a9eec24c8
PL05X.PAC	0x5	801cbb78	148	49f685256898e396
PL05X.PAC	0x5	801cbc0c	216	882ac74703c8f16d
PL05X.PAC	0x5	801cbce4	20	469ab567c4e2c3e0
PL05X.PAC	0x5	801cbcf8	52	ff4a86c1d74e147f
PL05X.PAC	0x5	801cbd2c	64	32d8675844ff1048
PL05X.PAC	0x5	801cbd6c	64	2299f4a0a44e4410
PL05X.PAC	0x5	801cbdac	64	f80a131af04e26d5
PL05X.PAC	0x5	801cbdec	240	3db4ac03eee29558
PL05X.PAC	0x5	801cbedc	104	40b6f04ee86a9f17
PL05X.PAC	0x5	801cbf44	164	2f9df8c805332e08
PL05X.PAC	0x5	801cbfe8	64	f80a131af04e26d5
PL05X.PAC	0x5	801cc028	144	a87748af6b17f8b4
PL05X.PAC	0x5	801cc0b8	104	40b6f04ee86a9f17
PL05X.PAC	0x5	801cc120	64	331193ca9e0ef830
PL05X.PAC	0x5	801cc160	64	f80a131af04e26d5
PL05X.PAC	0x5	801cc1a0	56	095aba7859e6c12d
PL05X.PAC	0x5	801cc1d8	104	40b6f04ee86a9f17
PL05X.PAC	0x5	801cc240	64	f80a131af04e26d5
PL05X.PAC	0x5	801cc280	144	2680ff4c79d2060f
PL05X.PAC	0x5	801cc310	104	bb8fa8fa07cc0a01
PL05X.PAC	0x5	801cc378	68	a9a4d8411413a3df
PL05X.PAC	0x5	801cc3bc	140	236e4e9cd3950100
PL06.PAC	0x4	801b0000	248	56ed3a8e0a1b2de8
PL06.PAC	0x4	801b00f8	256	8d635a7723c3b155
PL06.PAC	0x4	801b01f8	64	43e1e4cd9f294bf3
PL06.PAC	0x4	801b0238	64	7ec1257c5bc0f60d
PL06.PAC	0x4	801b0278	68	530b6b66584bdbab
PL06.PAC	0x4	801b02bc	64	f80a131af04e26d5
PL06.PAC	0x4	801b02fc	136	30427a0c9d20f6d1
PL06.PAC	0x4	801b0384	32	20c3a8daad2ca1ef
PL06.PAC	0x4	801b03a4	68	530b6b66584bdbab
PL06.PAC	0x4	801b03e8	64	f80a131af04e26d5
PL06.PAC	0x4	801b0428	136	30427a0c9d20f6d1
PL06.PAC	0x4	801b04b0	32	20c3a8daad2ca1ef
PL06.PAC	0x4	801b04d0	64	f80a131af04e26d5
PL06.PAC	0x4	801b0510	136	7473964f9046851a
PL06.PAC	0x4	801b0598	88	a31c98ad69111500
PL06.PAC	0x4	801b05f0	64	13414143bc705b78
PL06.PAC	0x4	801b0630	64	a8c2321748a5bc3f
PL06.PAC	0x4	801b0670	68	530b6b66584bdbab
PL06.PAC	0x4	801b06b4	64	f80a131af04e26d5
PL06.PAC	0x4	801b06f4	48	5a5ddea2cfd5c3b7
PL06.PAC	0x4	801b0724	32	20c3a8daad2ca1ef
PL06.PAC	0x4	801b0744	68	530b6b66584bdbab
PL06.PAC	0x4	801b0788	64	f80a131af04e26d5
PL06.PAC	0x4	801b07c8	48	5a5ddea2cfd5c3b7
PL06.PAC	0x4	801b07f8	32	20c3a8daad2ca1ef
PL06.PAC	0x4	801b0818	64	f80a131af04e26d5
PL06.PAC	0x4	801b0858	92	8f6784c72ee7bf22
PL06.PAC	0x4	801b08b4	208	3aa74f96b62d91c1
PL06.PAC	0x4	801b0984	136	0adc09a12fd1952a
PL06.PAC	0x4	801b0a0c	496	76fdebaa1ce52912
PL06.PAC	0x4	801b0bfc	104	91a94792fa2d531b
PL06.PAC	0x4	801b0c64	140	382670244f1767c5
PL06.PAC	0x4	801b0cf0	112	da0c129d603544d3
PL06.PAC	0x4	801b0d60	132	3120fd4f91e03028
PL06.PAC	0x4	801b0de4	148	39873bd716fd3fc7
PL06.PAC	0x4	801b0e78	108	b5ed1df7e15f4b4b
PL06.PAC	0x4	801b0ee4	148	02d5863aede66a98
PL06.PAC	0x4	801b0f78	108	8bd4f06ad0e306e8
PL06.PAC	0x4	801b0fe4	104	ec7559e56907e0f4
PL06.PAC	0x4	801b104c	104	3de57a741d6643ad
PL06.PAC	0x4	801b10b4	136	e6ef10050a60741e
PL06.PAC	0x4	801b113c	192	e1d86909d0f49afa
PL06.PAC	0x4	801b11fc	112	7bbe1d8fb3357dc6
PL06.PAC	0x4	801b126c	108	eb64901e29a1de4c
PL06.PAC	0x4	801b12d8	8	6d64edf91449c1b1
PL06.PAC	0x4	801b12e0	72	1843007a0cd541f3
PL06.PAC	0x4	801b1328	16	639d8db524fe852d
PL06.PAC	0x4	801b1338	20	719d31a9c40f47bc
PL06.PAC	0x4	801b134c	8	c0b0db0a4fdd6d58
PL06.PAC	0x4	801b1354	20	719d31a9c40f47bc
PL06.PAC	0x4	801b1368	80	60a8964947b81bbf
PL06.PAC	0x4	801b13b8	12	267f6a23f7aec3f5
PL06.PAC	0x4	801b13c4	20	719d31a9c40f47bc
PL06.PAC	0x4	801b13d8	64	946de9087c599ba6
PL06.PAC	0x4	801b1418	64	f80a131af04e26d5
PL06.PAC	0x4	801b1458	112	e76889c6339803fa
PL06.PAC	0x4	801b14c8	76	05f5dcf9d13045ec
PL06.PAC	0x4	801b1514	236	d7204c8743855cd6
PL06.PAC	0x4	801b1600	156	75907c387cb12147
PL06.PAC	0x4	801b169c	272	0a0a62744f298c63
PL06.PAC	0x4	801b17ac	144	0765dc46dd2ba5ac
PL06.PAC	0x4	801b183c	68	d2a05c7e9575cf14
PL06.PAC	0x4	801b1880	196	cec2e872ea248b60
PL06.PAC	0x4	801b1944	324	8723d251d3a0ef1a
PL06.PAC	0x4	801b1a88	76	28d71614b551b0c2
PL06.PAC	0x4	801b1ad4	220	ad61aaf2cadfaa85
PL06.PAC	0x4	801b1bb0	108	b5635237ce220531
PL06.PAC	0x4	801b1c1c	64	f80a131af04e26d5
PL06.PAC	0x4	801b1c5c	152	c479aa0749b5723e
PL06.PAC	0x4	801b1cf4	452	05fe278173e1f37f
PL06.PAC	0x4	801b1eb8	244	997808faf36c0d1a
PL06.PAC	0x4	801b1fac	156	82be94d033993717
PL06.PAC	0x4	801b2048	40	8dc04a118901b518
PL06.PAC	0x4	801b2070	64	f80a131af04e26d5
PL06.PAC	0x4	801b20b0	184	67d22408ea9a5d0d
PL06.PAC	0x4	801b2168	64	4144b46ce2dec196
PL06.PAC	0x4	801b21a8	140	fe23f74b16234ec2
PL06.PAC	0x4	801b2234	64	f80a131af04e26d5
PL06.PAC	0x4	801b2274	112	eca54616c0f8586d
PL06.PAC	0x4	801b22e4	108	e80b92a817906ff9
PL06.PAC	0x4	801b2350	92	647b1dc626eec87d
PL06.PAC	0x4	801b23ac	104	2e0d063a23bafd57
PL06.PAC	0x4	801b2414	184	c2c4927d79e20852
PL06.PAC	0x4	801b24cc	156	0aa0fb0305ab5516
PL06.PAC	0x4	801b2568	168	373f8314507c118f
PL06.PAC	0x4	801b2610	68	d2a05c7e9575cf14
PL06.PAC	0x4	801b2654	208	89a6e9559e7da76b
PL06.PAC	0x4	801b2724	128	51792905277f533d
PL06.PAC	0x4	801b27a4	172	f57196ca5f0ba14e
PL06.PAC	0x4	801b2850	492	02ed07914d62d36a
PL06.PAC	0x4	801b2a3c	76	28d71614b551b0c2
PL06.PAC	0x4	801b2a88	252	50ec2d9440305b42
PL06.PAC	0x4	801b2b84	84	623d00520b3651b2
PL06.PAC	0x4	801b2bd8	104	9da7a83abb397feb
PL06.PAC	0x4	801b2c40	116	88026fd0f7d79191
PL06.PAC	0x4	801b2cb4	268	0446a837e773084e
PL06.PAC	0x4	801b2dc0	104	9da7a83abb397feb
PL06.PAC	0x4	801b2e28	64	f80a131af04e26d5
PL06.PAC	0x4	801b2e68	84	f08f67f9d7f89db8
PL06.PAC	0x4	801b2ebc	104	9abcc7333387501c
PL06.PAC	0x4	801b2f24	132	e6e099e5a0a374aa
PL06.PAC	0x4	801b2fa8	92	c30a6a5e0de8ce8a
PL06.PAC	0x4	801b3004	64	13414143bc705b78
PL06.PAC	0x4	801b3044	64	f80a131af04e26d5
PL06.PAC	0x4	801b3084	176	4ea21a2427116ef2
PL06.PAC	0x4	801b3134	68	434362082e682f19
PL06.PAC	0x4	801b3178	148	c549472fcd3c08a5
PL06.PAC	0x4	801b320c	216	9edf96103547682e
PL06.PAC	0x4	801b32e4	212	5ef72a8f5db3558f
PL06.PAC	0x4	801b33b8	180	552bd06d110b8cf9
PL06.PAC	0x4	801b346c	80	5887a9aebe057c8a
PL06.PAC	0x4	801b34bc	168	f501db51eedd4313
PL06.PAC	0x4	801b3564	876	2f7f9b09d613e9e7
PL06.PAC	0x4	801b38d0	304	4befb644a3843c50
PL06.PAC	0x4	801b3a00	108	10321514fef43a4d
PL06.PAC	0x4	801b3a6c	196	9a73096e73a61916
PL06.PAC	0x4	801b3b30	64	f80a131af04e26d5
PL06.PAC	0x4	801b3b70	196	3a3d4e855d5042a4
PL06.PAC	0x4	801b3c34	108	b1903905324568c4
PL06.PAC	0x4	801b3ca0	88	f59ffd100b9e48ca
PL06.PAC	0x4	801b3cf8	120	021a2bf6126bb3d2
PL06.PAC	0x4	801b3d70	64	f80a131af04e26d5
PL06.PAC	0x4	801b3db0	80	aa86c46acf2bd377
PL06.PAC	0x4	801b3e00	68	097f55871b6e7d41
PL06.PAC	0x4	801b3e44	64	f80a131af04e26d5
PL06.PAC	0x4	801b3e84	80	ca9e554c87193aef
PL06.PAC	0x4	801b3ed4	92	b81888773a7c434d
PL06.PAC	0x4	801b3f30	136	a64df28d467f770f
PL06.PAC	0x4	801b3fb8	64	f80a131af04e26d5
PL06.PAC	0x4	801b3ff8	108	5f1400e17683f7d7
PL06.PAC	0x4	801b4064	168	fe315da98d895d9e
PL06.PAC	0x4	801b410c	140	a9214466c96da2f8
PL06.PAC	0x4	801b4198	148	193ada9159ac554b
PL06.PAC	0x4	801b422c	108	6be7a76d182acfd6
PL06.PAC	0x4	801b4298	64	f80a131af04e26d5
PL06.PAC	0x4	801b42d8	128	26e990c2772009e8
PL06.PAC	0x4	801b4358	164	909cb04f9df35e1d
PL06.PAC	0x4	801b43fc	64	fa3738f549e9d2ab
PL06.PAC	0x4	801b443c	64	f80a131af04e26d5
PL06.PAC	0x4	801b447c	148	b314ea07c064fc55
PL06.PAC	0x4	801b4510	208	5b2b922c6dd718f0
PL06.PAC	0x4	801b45e0	64	fa3738f549e9d2ab
PL06.PAC	0x4	801b4620	68	d44127bd19628afc
PL06.PAC	0x4	801b4664	64	f80a131af04e26d5
PL06.PAC	0x4	801b46a4	176	1a9ec010b13d5b69
PL06.PAC	0x4	801b4754	132	167f3b91c09060b9
PL06.PAC	0x4	801b47d8	64	13414143bc705b78
PL06.PAC	0x4	801b4818	56	3688d9de83e70dfe
PL06.PAC	0x4	801b4850	36	dc53a4230b5ac809
PL06.PAC	0x4	801b4874	40	3cff094daf791250
PL06.PAC	0x4	801b489c	64	ed0908076f86c2dd
PL06.PAC	0x4	801b48dc	52	98c4e69364aef7ab
PL06.PAC	0x4	801b4910	80	b7aa45574ae4dd80
PL06.PAC	0x4	801b4960	196	cf4a8844974db871
PL06.PAC	0x4	801b4a24	68	bdec3fbd0ade6462
PL06.PAC	0x4	801b4a68	20	f68596262be695aa
PL06.PAC	0x4	801b4a7c	252	b6da6f02615aa920
PL06.PAC	0x4	801b4b78	388	32ba86ebb3760e56
PL06.PAC	0x4	801b4cfc	216	1a978c696168e2e1
PL06.PAC	0x4	801b4dd4	424	676dc733dd05746b
PL06.PAC	0x4	801b4f7c	112	0d5a30c12e0fbcf7
PL06.PAC	0x4	801b4fec	64	ed0908076f86c2dd
PL06.PAC	0x4	801b502c	52	98c4e69364aef7ab
PL06.PAC	0x4	801b5060	60	8edcc0aa591b2ad8
PL06.PAC	0x4	801b509c	76	7f25897057da2207
PL06.PAC	0x4	801b50e8	272	6fd573c067449e95
PL06.PAC	0x4	801b51f8	36	5149167dd762d6fb
PL06.PAC	0x4	801b521c	64	43e1e4cd9f294bf3
PL06.PAC	0x4	801b525c	64	7ec1257c5bc0f60d
PL06.PAC	0x4	801b529c	68	530b6b66584bdbab
PL06.PAC	0x4	801b52e0	64	f80a131af04e26d5
PL06.PAC	0x4	801b5320	144	9d07ac022246a100
PL06.PAC	0x4	801b53b0	100	c63d50ed22e63cfa
PL06.PAC	0x4	801b5414	68	530b6b66584bdbab
PL06.PAC	0x4	801b5458	64	f80a131af04e26d5
PL06.PAC	0x4	801b5498	144	9d07ac022246a100
PL06.PAC	0x4	801b5528	100	c63d50ed22e63cfa
PL06.PAC	0x4	801b558c	64	f80a131af04e26d5
PL06.PAC	0x4	801b55cc	120	a20c7db887b2dadc
PL06.PAC	0x4	801b5644	88	16d407c2528105d3
PL06.PAC	0x4	801b569c	64	13414143bc705b78
PL06.PAC	0x4	801b56dc	64	a8c2321748a5bc3f
PL06.PAC	0x4	801b571c	68	530b6b66584bdbab
PL06.PAC	0x4	801b5760	64	f80a131af04e26d5
PL06.PAC	0x4	801b57a0	56	095aba7859e6c12d
PL06.PAC	0x4	801b57d8	100	c63d50ed22e63cfa
PL06.PAC	0x4	801b583c	68	530b6b66584bdbab
PL06.PAC	0x4	801b5880	64	f80a131af04e26d5
PL06.PAC	0x4	801b58c0	56	095aba7859e6c12d
PL06.PAC	0x4	801b58f8	100	c63d50ed22e63cfa
PL06.PAC	0x4	801b595c	64	f80a131af04e26d5
PL06.PAC	0x4	801b599c	76	d794fbf4ef403fc2
PL06.PAC	0x4	801b59e8	224	03332b9b5c54e922
PL06.PAC	0x4	801b5ac8	128	bfde54d6510b2a96
PL06.PAC	0x4	801b5b48	32	20c3a8daad2ca1ef
PL06.PAC	0x4	801b5b68	80	01b38db6e51a6e2c
PL06.PAC	0x4	801b5bb8	164	71ce1e77f0f8da2c
PL06.PAC	0x4	801b5c5c	180	e34c0ff4a64d5d6a
PL06.PAC	0x4	801b5d10	20	469ab567c4e2c3e0
PL06.PAC	0x4	801b5d24	60	166c6009818e6ac6
PL06.PAC	0x4	801b5d60	8	b8b8afcd3d768f52
PL06.PAC	0x4	801b5d68	72	7286d06e8e3c00f4
PL06.PAC	0x4	801b5db0	64	36d10b5e7bf2e0d2
PL06.PAC	0x4	801b5df0	76	04ff6a01bbc7f9b0
PL06.PAC	0x4	801b5e3c	92	89ee55646c673fe5
PL06.PAC	0x4	801b5e98	32	20c3a8daad2ca1ef
PL06.PAC	0x4	801b5eb8	32	20c3a8daad2ca1ef
PL06.PAC	0x4	801b5ed8	380	08228e6a1a1184ec
PL06.PAC	0x4	801b6054	80	01b38db6e51a6e2c
PL06.PAC	0x4	801b60a4	248	4d42f1b48ee5f285
PL06.PAC	0x4	801b619c	16	d7e5874471264469
PL06.PAC	0x4	801b61ac	20	8722adcd047e39f9
PL06.PAC	0x4	801b61c0	32	20c3a8daad2ca1ef
PL06.PAC	0x4	801b61e0	56	aa771431cb182db6
PL06.PAC	0x4	801b6218	76	e56e109816bb0041
PL06.PAC	0x4	801b6264	96	1a99f14c3d38344a
PL06.PAC	0x4	801b62c4	112	f31de4bf8cfb76f1
PL06.PAC	0x4	801b6334	88	52c952eeb45c3adf
PL06.PAC	0x4	801b638c	96	5bf5f248ed6d4f9d
PL06.PAC	0x4	801b63ec	84	febaee0386ebdd4e
PL06.PAC	0x4	801b6440	132	737eeb1331f15da5
PL06.PAC	0x4	801b64c4	136	4d914a13de3fc54e
PL06.PAC	0x4	801b654c	8	6d64edf91449c1b1
PL06.PAC	0x4	801b6554	148	b9c1c639cbe34034
PL06.PAC	0x4	801b65e8	84	febaee0386ebdd4e
PL06.PAC	0x4	801b663c	92	d773ce5e70ee2b3d
PL06.PAC	0x4	801b6698	52	705aed2178206bc0
PL06.PAC	0x4	801b66cc	48	29bd63da14e6476d
PL06.PAC	0x4	801b66fc	88	b05011b706377a19
PL06.PAC	0x4	801b6754	32	20c3a8daad2ca1ef
PL06.PAC	0x4	801b6774	32	20c3a8daad2ca1ef
PL06X.PAC	0x5	801c8000	248	56ed3a8e0a1b2de8
PL06X.PAC	0x5	801c80f8	256	8d635a7723c3b155
PL06X.PAC	0x5	801c81f8	64	43e1e4cd9f294bf3
PL06X.PAC	0x5	801c8238	64	7ec1257c5bc0f60d
PL06X.PAC	0x5	801c8278	68	530b6b66584bdbab
PL06X.PAC	0x5	801c82bc	64	f80a131af04e26d5
PL06X.PAC	0x5	801c82fc	136	30427a0c9d20f6d1
PL06X.PAC	0x5	801c8384	32	20c3a8daad2ca1ef
PL06X.PAC	0x5	801c83a4	68	530b6b66584bdbab
PL06X.PAC	0x5	801c83e8	64	f80a131af04e26d5
PL06X.PAC	0x5	801c8428	136	30427a0c9d20f6d1
PL06X.PAC	0x5	801c84b0	32	20c3a8daad2ca1ef
PL06X.PAC	0x5	801c84d0	64	f80a131af04e26d5
PL06X.PAC	0x5	801c8510	136	7473964f9046851a
PL06X.PAC	0x5	801c8598	88	a31c98ad69111500
PL06X.PAC	0x5	801c85f0	64	13414143bc705b78
PL06X.PAC	0x5	801c8630	64	a8c2321748a5bc3f
PL06X.PAC	0x5	801c8670	68	530b6b66584bdbab
PL06X.PAC	0x5	801c86b4	64	f80a131af04e26d5
PL06X.PAC	0x5	801c86f4	48	5a5ddea2cfd5c3b7
PL06X.PAC	0x5	801c8724	32	20c3a8daad2ca1ef
PL06X.PAC	0x5	801c8744	68	530b6b66584bdbab
PL06X.PAC	0x5	801c8788	64	f80a131af04e26d5
PL06X.PAC	0x5	801c87c8	48	5a5ddea2cfd5c3b7
PL06X.PAC	0x5	801c87f8	32	20c3a8daad2ca1ef
PL06X.PAC	0x5	801c8818	64	f80a131af04e26d5
PL06X.PAC	0x5	801c8858	92	8f6784c72ee7bf22
PL06X.PAC	0x5	801c88b4	208	3aa74f96b62d91c1
PL06X.PAC	0x5	801c8984	136	0adc09a12fd1952a
PL06X.PAC	0x5	801c8a0c	496	76fdebaa1ce52912
PL06X.PAC	0x5	801c8bfc	104	91a94792fa2d531b
PL06X.PAC	0x5	801c8c64	140	382670244f1767c5
PL06X.PAC	0x5	801c8cf0	112	da0c129d603544d3
PL06X.PAC	0x5	801c8d60	132	3120fd4f91e03028
PL06X.PAC	0x5	801c8de4	148	39873bd716fd3fc7
PL06X.PAC	0x5	801c8e78	108	b5ed1df7e15f4b4b
PL06X.PAC	0x5	801c8ee4	148	02d5863aede66a98
PL06X.PAC	0x5	801c8f78	108	8bd4f06ad0e306e8
PL06X.PAC	0x5	801c8fe4	104	ec7559e56907e0f4
PL06X.PAC	0x5	801c904c	104	3de57a741d6643ad
PL06X.PAC	0x5	801c90b4	136	e6ef10050a60741e
PL06X.PAC	0x5	801c913c	192	e1d86909d0f49afa
PL06X.PAC	0x5	801c91fc	112	7bbe1d8fb3357dc6
PL06X.PAC	0x5	801c926c	108	eb64901e29a1de4c
PL06X.PAC	0x5	801c92d8	8	6d64edf91449c1b1
PL06X.PAC	0x5	801c92e0	72	1843007a0cd541f3
PL06X.PAC	0x5	801c9328	16	639d8db524fe852d
PL06X.PAC	0x5	801c9338	20	719d31a9c40f47bc
PL06X.PAC	0x5	801c934c	8	c0b0db0a4fdd6d58
PL06X.PAC	0x5	801c9354	20	719d31a9c40f47bc
PL06X.PAC	0x5	801c9368	80	60a8964947b81bbf
PL06X.PAC	0x5	801c93b8	12	267f6a23f7aec3f5
PL06X.PAC	0x5	801c93c4	20	719d31a9c40f47bc
PL06X.PAC	0x5	801c93d8	64	946de9087c599ba6
PL06X.PAC	0x5	801c9418	64	f80a131af04e26d5
PL06X.PAC	0x5	801c9458	112	e76889c6339803fa
PL06X.PAC	0x5	801c94c8	76	05f5dcf9d13045ec
PL06X.PAC	0x5	801c9514	236	d7204c8743855cd6
PL06X.PAC	0x5	801c9600	156	75907c387cb12147
PL06X.PAC	0x5	801c969c	272	0a0a62744f298c63
PL06X.PAC	0x5	801c97ac	144	0765dc46dd2ba5ac
PL06X.PAC	0x5	801c983c	68	d2a05c7e9575cf14
PL06X.PAC	0x5	801c9880	196	cec2e872ea248b60
PL06X.PAC	0x5	801c9944	324	8723d251d3a0ef1a
PL06X.PAC	0x5	801c9a88	76	28d71614b551b0c2
PL06X.PAC	0x5	801c9ad4	220	ad61aaf2cadfaa85
PL06X.PAC	0x5	801c9bb0	108	b5635237ce220531
PL06X.PAC	0x5	801c9c1c	64	f80a131af04e26d5
PL06X.PAC	0x5	801c9c5c	152	c479aa0749b5723e
PL06X.PAC	0x5	801c9cf4	452	05fe278173e1f37f
PL06X.PAC	0x5	801c9eb8	244	997808faf36c0d1a
PL06X.PAC	0x5	801c9fac	156	82be94d033993717
PL06X.PAC	0x5	801ca048	40	8dc04a118901b518
PL06X.PAC	0x5	801ca070	64	f80a131af04e26d5
PL06X.PAC	0x5	801ca0b0	184	67d22408ea9a5d0d
PL06X.PAC	0x5	801ca168	64	4144b46ce2dec196
PL06X.PAC	0x5	801ca1a8	140	fe23f74b16234ec2
PL06X.PAC	0x5	801ca234	64	f80a131af04e26d5
PL06X.PAC	0x5	801ca274	112	eca54616c0f8586d
PL06X.PAC	0x5	801ca2e4	108	e80b92a817906ff9
PL06X.PAC	0x5	801ca350	92	647b1dc626eec87d
PL06X.PAC	0x5	801ca3ac	104	2e0d063a23bafd57
PL06X.PAC	0x5	801ca414	184	c2c4927d79e20852
PL06X.PAC	0x5	801ca4cc	156	0aa0fb0305ab5516
PL06X.PAC	0x5	801ca568	168	373f8314507c118f
PL06X.PAC	0x5	801ca610	68	d2a05c7e9575cf14
PL06X.PAC	0x5	801ca654	208	89a6e9559e7da76b
PL06X.PAC	0x5	801ca724	128	51792905277f533d
PL06X.PAC	0x5	801ca7a4	172	f57196ca5f0ba14e
PL06X.PAC	0x5	801ca850	492	02ed07914d62d36a
PL06X.PAC	0x5	801caa3c	76	28d71614b551b0c2
PL06X.PAC	0x5	801caa88	252	50ec2d9440305b42
PL06X.PAC	0x5	801cab84	84	623d00520b3651b2
PL06X.PAC	0x5	801cabd8	104	9da7a83abb397feb
PL06X.PAC	0x5	801cac40	116	88026fd0f7d79191
PL06X.PAC	0x5	801cacb4	268	0446a837e773084e
PL06X.PAC	0x5	801cadc0	104	9da7a83abb397feb
PL06X.PAC	0x5	801cae28	64	f80a131af04e26d5
PL06X.PAC	0x5	801cae68	84	f08f67f9d7f89db8
PL06X.PAC	0x5	801caebc	104	9abcc7333387501c
PL06X.PAC	0x5	801caf24	132	e6e099e5a0a374aa
PL06X.PAC	0x5	801cafa8	92	c30a6a5e0de8ce8a
PL06X.PAC	0x5	801cb004	64	13414143bc705b78
PL06X.PAC	0x5	801cb044	64	f80a131af04e26d5
PL06X.PAC	0x5	801cb084	176	4ea21a2427116ef2
PL06X.PAC	0x5	801cb134	68	434362082e682f19
PL06X.PAC	0x5	801cb178	148	c549472fcd3c08a5
PL06X.PAC	0x5	801cb20c	216	9edf96103547682e
PL06X.PAC	0x5	801cb2e4	212	5ef72a8f5db3558f
PL06X.PAC	0x5	801cb3b8	180	552bd06d110b8cf9
PL06X.PAC	0x5	801cb46c	80	5887a9aebe057c8a
PL06X.PAC	0x5	801cb4bc	168	f501db51eedd4313
PL06X.PAC	0x5	801cb564	872	c6e9351b3b80d927
PL06X.PAC	0x5	801cb8cc	304	4befb644a3843c50
PL06X.PAC	0x5	801cb9fc	108	10321514fef43a4d
PL06X.PAC	0x5	801cba68	196	9a73096e73a61916
PL06X.PAC	0x5	801cbb2c	64	f80a131af04e26d5
PL06X.PAC	0x5	801cbb6c	196	3a3d4e855d5042a4
PL06X.PAC	0x5	801cbc30	108	b1903905324568c4
PL06X.PAC	0x5	801cbc9c	88	f59ffd100b9e48ca
PL06X.PAC	0x5	801cbcf4	120	021a2bf6126bb3d2
PL06X.PAC	0x5	801cbd6c	64	f80a131af04e26d5
PL06X.PAC	0x5	801cbdac	80	aa86c46acf2bd377
PL06X.PAC	0x5	801cbdfc	68	097f55871b6e7d41
PL06X.PAC	0x5	801cbe40	64	f80a131af04e26d5
PL06X.PAC	0x5	801cbe80	80	ca9e554c87193aef
PL06X.PAC	0x5	801cbed0	92	b81888773a7c434d
PL06X.PAC	0x5	801cbf2c	136	a64df28d467f770f
PL06X.PAC	0x5	801cbfb4	64	f80a131af04e26d5
PL06X.PAC	0x5	801cbff4	108	5f1400e17683f7d7
PL06X.PAC	0x5	801cc060	168	fe315da98d895d9e
PL06X.PAC	0x5	801cc108	140	a9214466c96da2f8
PL06X.PAC	0x5	801cc194	148	193ada9159ac554b
PL06X.PAC	0x5	801cc228	108	6be7a76d182acfd6
PL06X.PAC	0x5	801cc294	64	f80a131af04e26d5
PL06X.PAC	0x5	801cc2d4	128	26e990c2772009e8
PL06X.PAC	0x5	801cc354	164	909cb04f9df35e1d
PL06X.PAC	0x5	801cc3f8	64	fa3738f549e9d2ab
PL06X.PAC	0x5	801cc438	64	f80a131af04e26d5
PL06X.PAC	0x5	801cc478	148	b314ea07c064fc55
PL06X.PAC	0x5	801cc50c	208	5b2b922c6dd718f0
PL06X.PAC	0x5	801cc5dc	64	fa3738f549e9d2ab
PL06X.PAC	0x5	801cc61c	68	d44127bd19628afc
PL06X.PAC	0x5	801cc660	64	f80a131af04e26d5
PL06X.PAC	0x5	801cc6a0	176	1a9ec010b13d5b69
PL06X.PAC	0x5	801cc750	132	167f3b91c09060b9
PL06X.PAC	0x5	801cc7d4	64	13414143bc705b78
PL06X.PAC	0x5	801cc814	56	3688d9de83e70dfe
PL06X.PAC	0x5	801cc84c	36	dc53a4230b5ac809
PL06X.PAC	0x5	801cc870	40	3cff094daf791250
PL06X.PAC	0x5	801cc898	64	ed0908076f86c2dd
PL06X.PAC	0x5	801cc8d8	52	98c4e69364aef7ab
PL06X.PAC	0x5	801cc90c	80	b7aa45574ae4dd80
PL06X.PAC	0x5	801cc95c	196	cf4a8844974db871
PL06X.PAC	0x5	801cca20	68	bdec3fbd0ade6462
PL06X.PAC	0x5	801cca64	20	f68596262be695aa
PL06X.PAC	0x5	801cca78	252	b6da6f02615aa920
PL06X.PAC	0x5	801ccb74	388	32ba86ebb3760e56
PL06X.PAC	0x5	801cccf8	216	1a978c696168e2e1
PL06X.PAC	0x5	801ccdd0	424	676dc733dd05746b
PL06X.PAC	0x5	801ccf78	112	0d5a30c12e0fbcf7
PL06X.PAC	0x5	801ccfe8	64	ed0908076f86c2dd
PL06X.PAC	0x5	801cd028	52	98c4e69364aef7ab
PL06X.PAC	0x5	801cd05c	60	8edcc0aa591b2ad8
PL06X.PAC	0x5	801cd098	76	7f25897057da2207
PL06X.PAC	0x5	801cd0e4	272	6fd573c067449e95
PL06X.PAC	0x5	801cd1f4	36	5149167dd762d6fb
PL06X.PAC	0x5	801cd218	64	43e1e4cd9f294bf3
PL06X.PAC	0x5	801cd258	64	7ec1257c5bc0f60d
PL06X.PAC	0x5	801cd298	68	530b6b66584bdbab
PL06X.PAC	0x5	801cd2dc	64	f80a131af04e26d5
PL06X.PAC	0x5	801cd31c	144	9d07ac022246a100
PL06X.PAC	0x5	801cd3ac	100	c63d50ed22e63cfa
PL06X.PAC	0x5	801cd410	68	530b6b66584bdbab
PL06X.PAC	0x5	801cd454	64	f80a131af04e26d5
PL06X.PAC	0x5	801cd494	144	9d07ac022246a100
PL06X.PAC	0x5	801cd524	100	c63d50ed22e63cfa
PL06X.PAC	0x5	801cd588	64	f80a131af04e26d5
PL06X.PAC	0x5	801cd5c8	120	a20c7db887b2dadc
PL06X.PAC	0x5	801cd640	88	16d407c2528105d3
PL06X.PAC	0x5	801cd698	64	13414143bc705b78
PL06X.PAC	0x5	801cd6d8	64	a8c2321748a5bc3f
PL06X.PAC	0x5	801cd718	68	530b6b66584bdbab
PL06X.PAC	0x5	801cd75c	64	f80a131af04e26d5
PL06X.PAC	0x5	801cd79c	56	095aba7859e6c12d
PL06X.PAC	0x5	801cd7d4	100	c63d50ed22e63cfa
PL06X.PAC	0x5	801cd838	68	530b6b66584bdbab
PL06X.PAC	0x5	801cd87c	64	f80a131af04e26d5
PL06X.PAC	0x5	801cd8bc	56	095aba7859e6c12d
PL06X.PAC	0x5	801cd8f4	100	c63d50ed22e63cfa
PL06X.PAC	0x5	801cd958	64	f80a131af04e26d5
PL06X.PAC	0x5	801cd998	76	d794fbf4ef403fc2
PL06X.PAC	0x5	801cd9e4	224	03332b9b5c54e922
PL06X.PAC	0x5	801cdac4	128	bfde54d6510b2a96
PL06X.PAC	0x5	801cdb44	32	20c3a8daad2ca1ef
PL06X.PAC	0x5	801cdb64	80	01b38db6e51a6e2c
PL06X.PAC	0x5	801cdbb4	164	71ce1e77f0f8da2c
PL06X.PAC	0x5	801cdc58	180	e34c0ff4a64d5d6a
PL06X.PAC	0x5	801cdd0c	20	469ab567c4e2c3e0
PL06X.PAC	0x5	801cdd20	60	166c6009818e6ac6
PL06X.PAC	0x5	801cdd5c	8	b8b8afcd3d768f52
PL06X.PAC	0x5	801cdd64	72	7286d06e8e3c00f4
PL06X.PAC	0x5	801cddac	64	36d10b5e7bf2e0d2
PL06X.PAC	0x5	801cddec	76	04ff6a01bbc7f9b0
PL06X.PAC	0x5	801cde38	92	89ee55646c673fe5
PL06X.PAC	0x5	801cde94	32	20c3a8daad2ca1ef
PL06X.PAC	0x5	801cdeb4	32	20c3a8daad2ca1ef
PL06X.PAC	0x5	801cded4	380	08228e6a1a1184ec
PL06X.PAC	0x5	801ce050	80	01b38db6e51a6e2c
PL06X.PAC	0x5	801ce0a0	248	4d42f1b48ee5f285
PL06X.PAC	0x5	801ce198	16	d7e5874471264469
PL06X.PAC	0x5	801ce1a8	20	8722adcd047e39f9
PL06X.PAC	0x5	801ce1bc	32	20c3a8daad2ca1ef
PL06X.PAC	0x5	801ce1dc	56	aa771431cb182db6
PL06X.PAC	0x5	801ce214	76	e56e109816bb0041
PL06X.PAC	0x5	801ce260	96	1a99f14c3d38344a
PL06X.PAC	0x5	801ce2c0	112	f31de4bf8cfb76f1
PL06X.PAC	0x5	801ce330	88	52c952eeb45c3adf
PL06X.PAC	0x5	801ce388	96	5bf5f248ed6d4f9d
PL06X.PAC	0x5	801ce3e8	84	febaee0386ebdd4e
PL06X.PAC	0x5	801ce43c	132	737eeb1331f15da5
PL06X.PAC	0x5	801ce4c0	136	4d914a13de3fc54e
PL06X.PAC	0x5	801ce548	8	6d64edf91449c1b1
PL06X.PAC	0x5	801ce550	148	b9c1c639cbe34034
PL06X.PAC	0x5	801ce5e4	84	febaee0386ebdd4e
PL06X.PAC	0x5	801ce638	92	d773ce5e70ee2b3d
PL06X.PAC	0x5	801ce694	52	705aed2178206bc0
PL06X.PAC	0x5	801ce6c8	48	29bd63da14e6476d
PL06X.PAC	0x5	801ce6f8	88	b05011b706377a19
PL06X.PAC	0x5	801ce750	32	20c3a8daad2ca1ef
PL06X.PAC	0x5	801ce770	32	20c3a8daad2ca1ef
PL07.PAC	0x4	801b0000	316	cece95139d706faa
PL07.PAC	0x4	801b013c	84	ffcc695c050b372c
PL07.PAC	0x4	801b0190	92	2eda0b696025aa3a
PL07.PAC	0x4	801b01ec	344	4ea942f5d28eae58
PL07.PAC	0x4	801b0344	68	a9a4d8411413a3df
PL07.PAC	0x4	801b0388	84	ffcc695c050b372c
PL07.PAC	0x4	801b03dc	52	98c4e69364aef7ab
PL07.PAC	0x4	801b0410	80	b7aa45574ae4dd80
PL07.PAC	0x4	801b0460	136	8776409a7ab7d4de
PL07.PAC	0x4	801b04e8	100	e5eeed45e67b2577
PL07.PAC	0x4	801b054c	64	32d8675844ff1048
PL07.PAC	0x4	801b058c	64	2299f4a0a44e4410
PL07.PAC	0x4	801b05cc	84	ed7b8d3486506dee
PL07.PAC	0x4	801b0620	328	da1aa2f7fed4096a
PL07.PAC	0x4	801b0768	376	c0054ed27c95000a
PL07.PAC	0x4	801b08e0	120	15869af7f82dce1c
PL07.PAC	0x4	801b0958	64	f80a131af04e26d5
PL07.PAC	0x4	801b0998	172	c8a79ef9dcb07edd
PL07.PAC	0x4	801b0a44	136	7e4766dba27a94cb
PL07.PAC	0x4	801b0acc	132	79661d5c1d22d59a
PL07.PAC	0x4	801b0b50	72	ec2c9761c7a65cc3
PL07.PAC	0x4	801b0b98	64	37ec182885e2e2ed
PL07.PAC	0x4	801b0bd8	64	f80a131af04e26d5
PL07.PAC	0x4	801b0c18	52	c1b389dbf9ca60a7
PL07.PAC	0x4	801b0c4c	132	7c69f797fd76458e
PL07.PAC	0x4	801b0cd0	84	ed7b8d3486506dee
PL07.PAC	0x4	801b0d24	228	61e18b0701b76642
PL07.PAC	0x4	801b0e08	132	7c69f797fd76458e
PL07.PAC	0x4	801b0e8c	232	c5c64a61ced2ddae
PL07.PAC	0x4	801b0f74	120	534320b637341e47
PL07.PAC	0x4	801b0fec	124	b035f0112d7e943d
PL07.PAC	0x4	801b1068	372	daf34522ccfc2a73
PL07.PAC	0x4	801b11dc	416	33295792d4e76b2d
PL07.PAC	0x4	801b137c	244	0e9e39276630b56d
PL07.PAC	0x4	801b1470	136	91e7548e77332204
PL07.PAC	0x4	801b14f8	80	27e96ba5d786abd7
PL07.PAC	0x4	801b1548	104	eee1ef8af0c5c5b7
PL07.PAC	0x4	801b15b0	80	27e96ba5d786abd7
PL07.PAC	0x4	801b1600	104	e4613e0c875c3a01
PL07.PAC	0x4	801b1668	140	425f4a5493d9dbbb
PL07.PAC	0x4	801b16f4	148	91796e2a438e923a
PL07.PAC	0x4	801b1788	116	7ca9a786581594dc
PL07.PAC	0x4	801b17fc	116	579f8b7e8499b0c1
PL07.PAC	0x4	801b1870	120	1fbcc381ecd9f0c3
PL07.PAC	0x4	801b18e8	120	6dd591c4db844409
PL07.PAC	0x4	801b1960	72	1843007a0cd541f3
PL07.PAC	0x4	801b19a8	8	c0b0db0a4fdd6d58
PL07.PAC	0x4	801b19b0	20	719d31a9c40f47bc
PL07.PAC	0x4	801b19c4	12	267f6a23f7aec3f5
PL07.PAC	0x4	801b19d0	64	946de9087c599ba6
PL07.PAC	0x4	801b1a10	64	f80a131af04e26d5
PL07.PAC	0x4	801b1a50	220	51854f180a6ee820
PL07.PAC	0x4	801b1b2c	72	e1412c1d937157e1
PL07.PAC	0x4	801b1b74	312	086d9da9fb56d47f
PL07.PAC	0x4	801b1cac	176	fc512ccc32a3b904
PL07.PAC	0x4	801b1d5c	160	623f3a3f9fca274b
PL07.PAC	0x4	801b1dfc	68	985fa2ba383a8946
PL07.PAC	0x4	801b1e40	312	7b2eb3b9705d10d3
PL07.PAC	0x4	801b1f78	164	c114921f3cc31b16
PL07.PAC	0x4	801b201c	88	8a7e1f30f50ee210
PL07.PAC	0x4	801b2074	116	d2300bd95b0afd0f
PL07.PAC	0x4	801b20e8	84	ed7b8d3486506dee
PL07.PAC	0x4	801b213c	128	dfbc539d68d6418c
PL07.PAC	0x4	801b21bc	256	2e86691201ca7dad
PL07.PAC	0x4	801b22bc	68	530b6b66584bdbab
PL07.PAC	0x4	801b2300	56	54f808f5dfe2c62b
PL07.PAC	0x4	801b2338	64	da8b1ce04caf2deb
PL07.PAC	0x4	801b2378	108	47e8f91a63e4348a
PL07.PAC	0x4	801b23e4	68	7dcb651afb486aa4
PL07.PAC	0x4	801b2428	100	d5db95856ade3afb
PL07.PAC	0x4	801b248c	168	4c09eade61f9926a
PL07.PAC	0x4	801b2534	84	9416a6c2876ff0e3
PL07.PAC	0x4	801b2588	68	a9a4d8411413a3df
PL07.PAC	0x4	801b25cc	84	ed7b8d3486506dee
PL07.PAC	0x4	801b2620	124	db80746b5f76a639
PL07.PAC	0x4	801b269c	136	0eabf8f82749fc9f
PL07.PAC	0x4	801b2724	120	352e0ea0c682cd60
PL07.PAC	0x4	801b279c	216	148fc5a5a1dcb22c
PL07.PAC	0x4	801b2874	128	b98302c4c87cc0ce
PL07.PAC	0x4	801b28f4	72	5439a9b4123814b3
PL07.PAC	0x4	801b293c	88	2c29b6d103d47c3e
PL07.PAC	0x4	801b2994	92	de9c8f3c93f571ce
PL07.PAC	0x4	801b29f0	64	f80a131af04e26d5
PL07.PAC	0x4	801b2a30	252	9e3b6c00320f2c81
PL07.PAC	0x4	801b2b2c	172	c529a9fc381ac676
PL07.PAC	0x4	801b2bd8	196	c5eea8cd3a15ca03
PL07.PAC	0x4	801b2c9c	88	8a7e1f30f50ee210
PL07.PAC	0x4	801b2cf4	64	f80a131af04e26d5
PL07.PAC	0x4	801b2d34	44	bcf4190d5cbba29f
PL07.PAC	0x4	801b2d60	68	a9a4d8411413a3df
PL07.PAC	0x4	801b2da4	84	ed7b8d3486506dee
PL07.PAC	0x4	801b2df8	112	2035c4cef1efd9a4
PL07.PAC	0x4	801b2e68	140	2aeeb1a92eb163b5
PL07.PAC	0x4	801b2ef4	176	03d48ee673a89a75
PL07.PAC	0x4	801b2fa4	176	aede63ebd5b94b04
PL07.PAC	0x4	801b3054	72	92cafa4a74584567
PL07.PAC	0x4	801b309c	132	03ac690d06a097ea
PL07.PAC	0x4	801b3120	60	1bd9fd7d828a9806
PL07.PAC	0x4	801b315c	176	adfa4cb115bd24f3
PL07.PAC	0x4	801b320c	104	8420716788616696
PL07.PAC	0x4	801b3274	124	a0eaf8c5bf55b208
PL07.PAC	0x4	801b32f0	64	f80a131af04e26d5
PL07.PAC	0x4	801b3330	84	cd6be75d1fb9ab32
PL07.PAC	0x4	801b3384	68	a9a4d8411413a3df
PL07.PAC	0x4	801b33c8	64	f80a131af04e26d5
PL07.PAC	0x4	801b3408	116	2a8520eeba232c77
PL07.PAC	0x4	801b347c	160	2dd454a364f9f12b
PL07.PAC	0x4	801b351c	140	75cf51eb2b806ffc
PL07.PAC	0x4	801b35a8	236	2920b138a42e379a
PL07.PAC	0x4	801b3694	64	f80a131af04e26d5
PL07.PAC	0x4	801b36d4	176	5feea774c2a2a931
PL07.PAC	0x4	801b3784	128	c83a69b2b65b8d49
PL07.PAC	0x4	801b3804	112	4f5595bdbc53ad2a
PL07.PAC	0x4	801b3874	92	5affa8fe1f0938c2
PL07.PAC	0x4	801b38d0	100	ea6b055a80af0db2
PL07.PAC	0x4	801b3934	64	f80a131af04e26d5
PL07.PAC	0x4	801b3974	120	2d0e3c4760182b51
PL07.PAC	0x4	801b39ec	100	675dc635baae4024
PL07.PAC	0x4	801b3a50	80	22579d7343306d5f
PL07.PAC	0x4	801b3aa0	64	f80a131af04e26d5
PL07.PAC	0x4	801b3ae0	112	40de322a17c55784
PL07.PAC	0x4	801b3b50	572	1251841bcb0de93c
PL07.PAC	0x4	801b3d8c	100	ac3b22491b86ce6f
PL07.PAC	0x4	801b3df0	88	d9dc3937d1c121c5
PL07.PAC	0x4	801b3e48	68	a9a4d8411413a3df
PL07.PAC	0x4	801b3e8c	64	f80a131af04e26d5
PL07.PAC	0x4	801b3ecc	144	d559dc35add2e824
PL07.PAC	0x4	801b3f5c	52	d6868e0c1ef7eeea
PL07.PAC	0x4	801b3f90	184	4c76b7caf6444cbf
PL07.PAC	0x4	801b4048	128	a3abc6053a8403c2
PL07.PAC	0x4	801b40c8	96	b283c3bc152ef714
PL07.PAC	0x4	801b4128	36	c54f04c517aa0972
PL07.PAC	0x4	801b414c	120	9ca13508c1a4453f
PL07.PAC	0x4	801b41c4	68	a8832706d4fb6584
PL07.PAC	0x4	801b4208	64	ca9c4c0a9eec24c8
PL07.PAC	0x4	801b4248	92	fda822539f28d621
PL07.PAC	0x4	801b42a4	216	882ac74703c8f16d
PL07.PAC	0x4	801b437c	20	469ab567c4e2c3e0
PL07.PAC	0x4	801b4390	52	ff4a86c1d74e147f
PL07.PAC	0x4	801b43c4	64	32d8675844ff1048
PL07.PAC	0x4	801b4404	64	2299f4a0a44e4410
PL07.PAC	0x4	801b4444	84	ed7b8d3486506dee
PL07.PAC	0x4	801b4498	272	47493bd38c20138c
PL07.PAC	0x4	801b45a8	164	52ea760ed7008233
PL07.PAC	0x4	801b464c	128	bd00c4d3a231215b
PL07.PAC	0x4	801b46cc	64	f80a131af04e26d5
PL07.PAC	0x4	801b470c	244	3b611eef10286e4b
PL07.PAC	0x4	801b4800	104	40b6f04ee86a9f17
PL07.PAC	0x4	801b4868	132	b760fecb5020ff35
PL07.PAC	0x4	801b48ec	64	331193ca9e0ef830
PL07.PAC	0x4	801b492c	64	d811b143200dc5e7
PL07.PAC	0x4	801b496c	56	095aba7859e6c12d
PL07.PAC	0x4	801b49a4	104	40b6f04ee86a9f17
PL07.PAC	0x4	801b4a0c	84	ed7b8d3486506dee
PL07.PAC	0x4	801b4a60	196	fefc101cd4745faf
PL07.PAC	0x4	801b4b24	104	40b6f04ee86a9f17
PL07.PAC	0x4	801b4b8c	236	114aa565b4b908cf
PL07.PAC	0x4	801b4c78	116	5344a8f3be99b624
PL07.PAC	0x4	801b4cec	136	85f0b96b75e0cc5d
PL07.PAC	0x4	801b4d74	280	decf3fb79312a9dc
PL07.PAC	0x4	801b4e8c	64	36d10b5e7bf2e0d2
PL07.PAC	0x4	801b4ecc	312	c4161a4e3f05e9cb
PL07.PAC	0x4	801b5004	276	b29f49331e1b0d8a
PL07.PAC	0x4	801b5118	196	f548eb41d6a2fdae
PL07.PAC	0x4	801b51dc	184	a13ab01ed2ac6284
PL07.PAC	0x4	801b5294	32	20c3a8daad2ca1ef
PL07X.PAC	0x5	801c8000	316	cece95139d706faa
PL07X.PAC	0x5	801c813c	84	ffcc695c050b372c
PL07X.PAC	0x5	801c8190	92	2eda0b696025aa3a
PL07X.PAC	0x5	801c81ec	344	4ea942f5d28eae58
PL07X.PAC	0x5	801c8344	68	a9a4d8411413a3df
PL07X.PAC	0x5	801c8388	84	ffcc695c050b372c
PL07X.PAC	0x5	801c83dc	52	98c4e69364aef7ab
PL07X.PAC	0x5	801c8410	80	b7aa45574ae4dd80
PL07X.PAC	0x5	801c8460	136	8776409a7ab7d4de
PL07X.PAC	0x5	801c84e8	100	e5eeed45e67b2577
PL07X.PAC	0x5	801c854c	64	32d8675844ff1048
PL07X.PAC	0x5	801c858c	64	2299f4a0a44e4410
PL07X.PAC	0x5	801c85cc	84	ed7b8d3486506dee
PL07X.PAC	0x5	801c8620	328	da1aa2f7fed4096a
PL07X.PAC	0x5	801c8768	376	c0054ed27c95000a
PL07X.PAC	0x5	801c88e0	120	15869af7f82dce1c
PL07X.PAC	0x5	801c8958	64	f80a131af04e26d5
PL07X.PAC	0x5	801c8998	172	c8a79ef9dcb07edd
PL07X.PAC	0x5	801c8a44	136	7e4766dba27a94cb
PL07X.PAC	0x5	801c8acc	132	79661d5c1d22d59a
PL07X.PAC	0x5	801c8b50	72	ec2c9761c7a65cc3
PL07X.PAC	0x5	801c8b98	64	37ec182885e2e2ed
PL07X.PAC	0x5	801c8bd8	64	f80a131af04e26d5
PL07X.PAC	0x5	801c8c18	52	c1b389dbf9ca60a7
PL07X.PAC	0x5	801c8c4c	132	7c69f797fd76458e
PL07X.PAC	0x5	801c8cd0	84	ed7b8d3486506dee
PL07X.PAC	0x5	801c8d24	228	61e18b0701b76642
PL07X.PAC	0x5	801c8e08	132	7c69f797fd76458e
PL07X.PAC	0x5	801c8e8c	232	c5c64a61ced2ddae
PL07X.PAC	0x5	801c8f74	120	534320b637341e47
PL07X.PAC	0x5	801c8fec	124	b035f0112d7e943d
PL07X.PAC	0x5	801c9068	372	daf34522ccfc2a73
PL07X.PAC	0x5	801c91dc	416	33295792d4e76b2d
PL07X.PAC	0x5	801c937c	244	0e9e39276630b56d
PL07X.PAC	0x5	801c9470	136	91e7548e77332204
PL07X.PAC	0x5	801c94f8	80	27e96ba5d786abd7
PL07X.PAC	0x5	801c9548	104	eee1ef8af0c5c5b7
PL07X.PAC	0x5	801c95b0	80	27e96ba5d786abd7
PL07X.PAC	0x5	801c9600	104	e4613e0c875c3a01
PL07X.PAC	0x5	801c9668	140	425f4a5493d9dbbb
PL07X.PAC	0x5	801c96f4	148	91796e2a438e923a
PL07X.PAC	0x5	801c9788	116	7ca9a786581594dc
PL07X.PAC	0x5	801c97fc	116	579f8b7e8499b0c1
PL07X.PAC	0x5	801c9870	120	1fbcc381ecd9f0c3
PL07X.PAC	0x5	801c98e8	120	6dd591c4db844409
PL07X.PAC	0x5	801c9960	72	1843007a0cd541f3
PL07X.PAC	0x5	801c99a8	8	c0b0db0a4fdd6d58
PL07X.PAC	0x5	801c99b0	20	719d31a9c40f47bc
PL07X.PAC	0x5	801c99c4	12	267f6a23f7aec3f5
PL07X.PAC	0x5	801c99d0	64	946de9087c599ba6
PL07X.PAC	0x5	801c9a10	64	f80a131af04e26d5
PL07X.PAC	0x5	801c9a50	220	51854f180a6ee820
PL07X.PAC	0x5	801c9b2c	72	e1412c1d937157e1
PL07X.PAC	0x5	801c9b74	312	086d9da9fb56d47f
PL07X.PAC	0x5	801c9cac	176	fc512ccc32a3b904
PL07X.PAC	0x5	801c9d5c	160	623f3a3f9fca274b
PL07X.PAC	0x5	801c9dfc	68	985fa2ba383a8946
PL07X.PAC	0x5	801c9e40	312	7b2eb3b9705d10d3
PL07X.PAC	0x5	801c9f78	164	c114921f3cc31b16
PL07X.PAC	0x5	801ca01c	88	8a7e1f30f50ee210
PL07X.PAC	0x5	801ca074	116	d2300bd95b0afd0f
PL07X.PAC	0x5	801ca0e8	84	ed7b8d3486506dee
PL07X.PAC	0x5	801ca13c	128	dfbc539d68d6418c
PL07X.PAC	0x5	801ca1bc	256	2e86691201ca7dad
PL07X.PAC	0x5	801ca2bc	68	530b6b66584bdbab
PL07X.PAC	0x5	801ca300	56	54f808f5dfe2c62b
PL07X.PAC	0x5	801ca338	64	da8b1ce04caf2deb
PL07X.PAC	0x5	801ca378	108	47e8f91a63e4348a
PL07X.PAC	0x5	801ca3e4	68	7dcb651afb486aa4
PL07X.PAC	0x5	801ca428	100	d5db95856ade3afb
PL07X.PAC	0x5	801ca48c	168	4c09eade61f9926a
PL07X.PAC	0x5	801ca534	84	9416a6c2876ff0e3
PL07X.PAC	0x5	801ca588	68	a9a4d8411413a3df
PL07X.PAC	0x5	801ca5cc	84	ed7b8d3486506dee
PL07X.PAC	0x5	801ca620	124	db80746b5f76a639
PL07X.PAC	0x5	801ca69c	136	0eabf8f82749fc9f
PL07X.PAC	0x5	801ca724	120	352e0ea0c682cd60
PL07X.PAC	0x5	801ca79c	216	148fc5a5a1dcb22c
PL07X.PAC	0x5	801ca874	128	b98302c4c87cc0ce
PL07X.PAC	0x5	801ca8f4	72	5439a9b4123814b3
PL07X.PAC	0x5	801ca93c	88	2c29b6d103d47c3e
PL07X.PAC	0x5	801ca994	92	de9c8f3c93f571ce
PL07X.PAC	0x5	801ca9f0	64	f80a131af04e26d5
PL07X.PAC	0x5	801caa30	252	9e3b6c00320f2c81
PL07X.PAC	0x5	801cab2c	172	c529a9fc381ac676
PL07X.PAC	0x5	801cabd8	196	c5eea8cd3a15ca03
PL07X.PAC	0x5	801cac9c	88	8a7e1f30f50ee210
PL07X.PAC	0x5	801cacf4	64	f80a131af04e26d5
PL07X.PAC	0x5	801cad34	44	bcf4190d5cbba29f
PL07X.PAC	0x5	801cad60	68	a9a4d8411413a3df
PL07X.PAC	0x5	801cada4	84	ed7b8d3486506dee
PL07X.PAC	0x5	801cadf8	112	2035c4cef1efd9a4
PL07X.PAC	0x5	801cae68	140	2aeeb1a92eb163b5
PL07X.PAC	0x5	801caef4	176	03d48ee673a89a75
PL07X.PAC	0x5	801cafa4	176	aede63ebd5b94b04
PL07X.PAC	0x5	801cb054	72	92cafa4a74584567
PL07X.PAC	0x5	801cb09c	132	03ac690d06a097ea
PL07X.PAC	0x5	801cb120	60	1bd9fd7d828a9806
PL07X.PAC	0x5	801cb15c	176	adfa4cb115bd24f3
PL07X.PAC	0x5	801cb20c	104	8420716788616696
PL07X.PAC	0x5	801cb274	124	a0eaf8c5bf55b208
PL07X.PAC	0x5	801cb2f0	64	f80a131af04e26d5
PL07X.PAC	0x5	801cb330	84	cd6be75d1fb9ab32
PL07X.PAC	0x5	801cb384	68	a9a4d8411413a3df
PL07X.PAC	0x5	801cb3c8	64	f80a131af04e26d5
PL07X.PAC	0x5	801cb408	116	2a8520eeba232c77
PL07X.PAC	0x5	801cb47c	160	2dd454a364f9f12b
PL07X.PAC	0x5	801cb51c	140	75cf51eb2b806ffc
PL07X.PAC	0x5	801cb5a8	236	2920b138a42e379a
PL07X.PAC	0x5	801cb694	64	f80a131af04e26d5
PL07X.PAC	0x5	801cb6d4	176	5feea774c2a2a931
PL07X.PAC	0x5	801cb784	128	c83a69b2b65b8d49
PL07X.PAC	0x5	801cb804	112	4f5595bdbc53ad2a
PL07X.PAC	0x5	801cb874	92	5affa8fe1f0938c2
PL07X.PAC	0x5	801cb8d0	100	ea6b055a80af0db2
PL07X.PAC	0x5	801cb934	64	f80a131af04e26d5
PL07X.PAC	0x5	801cb974	120	2d0e3c4760182b51
PL07X.PAC	0x5	801cb9ec	100	675dc635baae4024
PL07X.PAC	0x5	801cba50	80	22579d7343306d5f
PL07X.PAC	0x5	801cbaa0	64	f80a131af04e26d5
PL07X.PAC	0x5	801cbae0	112	40de322a17c55784
PL07X.PAC	0x5	801cbb50	572	1251841bcb0de93c
PL07X.PAC	0x5	801cbd8c	100	ac3b22491b86ce6f
PL07X.PAC	0x5	801cbdf0	88	d9dc3937d1c121c5
PL07X.PAC	0x5	801cbe48	68	a9a4d8411413a3df
PL07X.PAC	0x5	801cbe8c	64	f80a131af04e26d5
PL07X.PAC	0x5	801cbecc	144	d559dc35add2e824
PL07X.PAC	0x5	801cbf5c	52	d6868e0c1ef7eeea
PL07X.PAC	0x5	801cbf90	184	4c76b7caf6444cbf
PL07X.PAC	0x5	801cc048	128	a3abc6053a8403c2
PL07X.PAC	0x5	801cc0c8	96	b283c3bc152ef714
PL07X.PAC	0x5	801cc128	36	c54f04c517aa0972
PL07X.PAC	0x5	801cc14c	120	9ca13508c1a4453f
PL07X.PAC	0x5	801cc1c4	68	a8832706d4fb6584
PL07X.PAC	0x5	801cc208	64	ca9c4c0a9eec24c8
PL07X.PAC	0x5	801cc248	92	fda822539f28d621
PL07X.PAC	0x5	801cc2a4	216	882ac74703c8f16d
PL07X.PAC	0x5	801cc37c	20	469ab567c4e2c3e0
PL07X.PAC	0x5	801cc390	52	ff4a86c1d74e147f
PL07X.PAC	0x5	801cc3c4	64	32d8675844ff1048
PL07X.PAC	0x5	801cc404	64	2299f4a0a44e4410
PL07X.PAC	0x5	801cc444	84	ed7b8d3486506dee
PL07X.PAC	0x5	801cc498	272	47493bd38c20138c
PL07X.PAC	0x5	801cc5a8	164	52ea760ed7008233
PL07X.PAC	0x5	801cc64c	128	bd00c4d3a231215b
PL07X.PAC	0x5	801cc6cc	64	f80a131af04e26d5
PL07X.PAC	0x5	801cc70c	244	3b611eef10286e4b
PL07X.PAC	0x5	801cc800	104	40b6f04ee86a9f17
PL07X.PAC	0x5	801cc868	132	b760fecb5020ff35
PL07X.PAC	0x5	801cc8ec	64	331193ca9e0ef830
PL07X.PAC	0x5	801cc92c	64	d811b143200dc5e7
PL07X.PAC	0x5	801cc96c	56	095aba7859e6c12d
PL07X.PAC	0x5	801cc9a4	104	40b6f04ee86a9f17
PL07X.PAC	0x5	801cca0c	84	ed7b8d3486506dee
PL07X.PAC	0x5	801cca60	196	fefc101cd4745faf
PL07X.PAC	0x5	801ccb24	104	40b6f04ee86a9f17
PL07X.PAC	0x5	801ccb8c	236	114aa565b4b908cf
PL07X.PAC	0x5	801ccc78	116	5344a8f3be99b624
PL07X.PAC	0x5	801cccec	136	85f0b96b75e0cc5d
PL07X.PAC	0x5	801ccd74	280	decf3fb79312a9dc
PL07X.PAC	0x5	801cce8c	64	36d10b5e7bf2e0d2
PL07X.PAC	0x5	801ccecc	312	c4161a4e3f05e9cb
PL07X.PAC	0x5	801cd004	276	b29f49331e1b0d8a
PL07X.PAC	0x5	801cd118	196	f548eb41d6a2fdae
PL07X.PAC	0x5	801cd1dc	184	a13ab01ed2ac6284
PL07X.PAC	0x5	801cd294	32	20c3a8daad2ca1ef
PL08.PAC	0x4	801b0000	256	7b5b77cbffa35293
PL08.PAC	0x4	801b0100	84	ffcc695c050b372c
PL08.PAC	0x4	801b0154	52	98c4e69364aef7ab
PL08.PAC	0x4	801b0188	80	b7aa45574ae4dd80
PL08.PAC	0x4	801b01d8	180	398bb0cd97969814
PL08.PAC	0x4	801b028c	100	e5eeed45e67b2577
PL08.PAC	0x4	801b02f0	64	32d8675844ff1048
PL08.PAC	0x4	801b0330	64	2299f4a0a44e4410
PL08.PAC	0x4	801b0370	64	f80a131af04e26d5
PL08.PAC	0x4	801b03b0	136	d7670bc0d7b94961
PL08.PAC	0x4	801b0438	32	20c3a8daad2ca1ef
PL08.PAC	0x4	801b0458	64	f80a131af04e26d5
PL08.PAC	0x4	801b0498	164	841dbab70de21f77
PL08.PAC	0x4	801b053c	136	01750a2c0f7a89d4
PL08.PAC	0x4	801b05c4	68	bc0afff0e487516f
PL08.PAC	0x4	801b0608	48	5a5ddea2cfd5c3b7
PL08.PAC	0x4	801b0638	32	20c3a8daad2ca1ef
PL08.PAC	0x4	801b0658	220	599a7ec926dc4bfd
PL08.PAC	0x4	801b0734	656	6f90433c83af0633
PL08.PAC	0x4	801b09c4	116	579f8b7e8499b0c1
PL08.PAC	0x4	801b0a38	124	c221ba29c582e394
PL08.PAC	0x4	801b0ab4	120	4767cf287277489a
PL08.PAC	0x4	801b0b2c	124	2fb8b4026bea672a
PL08.PAC	0x4	801b0ba8	124	4c2ebd4ed8374ec9
PL08.PAC	0x4	801b0c24	124	f5c550218a9a5dca
PL08.PAC	0x4	801b0ca0	120	10c52edfcd792172
PL08.PAC	0x4	801b0d18	124	18871343e7056c30
PL08.PAC	0x4	801b0d94	124	83ac9fec2177a20e
PL08.PAC	0x4	801b0e10	144	02bbf9f62745855a
PL08.PAC	0x4	801b0ea0	224	75e5504a6865acb1
PL08.PAC	0x4	801b0f80	128	44f332ba6c7370c4
PL08.PAC	0x4	801b1000	140	7494ce403396130e
PL08.PAC	0x4	801b108c	80	27e96ba5d786abd7
PL08.PAC	0x4	801b10dc	104	8bb32215c32db830
PL08.PAC	0x4	801b1144	80	27e96ba5d786abd7
PL08.PAC	0x4	801b1194	100	82e82288a741d17e
PL08.PAC	0x4	801b11f8	244	0e9e39276630b56d
PL08.PAC	0x4	801b12ec	72	1843007a0cd541f3
PL08.PAC	0x4	801b1334	12	de97e7d08a3fb8b8
PL08.PAC	0x4	801b1340	36	556b15ff3112c05f
PL08.PAC	0x4	801b1364	64	946de9087c599ba6
PL08.PAC	0x4	801b13a4	64	946de9087c599ba6
PL08.PAC	0x4	801b13e4	64	f80a131af04e26d5
PL08.PAC	0x4	801b1424	248	e0b5e41d950fa482
PL08.PAC	0x4	801b151c	404	5c613b0e90c8d4fb
PL08.PAC	0x4	801b16b0	468	f264ed6b049364ac
PL08.PAC	0x4	801b1884	144	cb5b1f9d7685eadd
PL08.PAC	0x4	801b1914	124	930aecdb29370612
PL08.PAC	0x4	801b1990	64	f80a131af04e26d5
PL08.PAC	0x4	801b19d0	224	273f6cbc21377bb1
PL08.PAC	0x4	801b1ab0	80	cd998e7bff0d965f
PL08.PAC	0x4	801b1b00	296	3f32c3e3470a966a
PL08.PAC	0x4	801b1c28	144	cb5b1f9d7685eadd
PL08.PAC	0x4	801b1cb8	124	930aecdb29370612
PL08.PAC	0x4	801b1d34	64	f80a131af04e26d5
PL08.PAC	0x4	801b1d74	128	4873df12f4c383d4
PL08.PAC	0x4	801b1df4	216	61d0226dbc4a6c1e
PL08.PAC	0x4	801b1ecc	192	16b599d54adad69b
PL08.PAC	0x4	801b1f8c	252	d40172d2ec9c97d4
PL08.PAC	0x4	801b2088	88	65b6c9c0d90c754f
PL08.PAC	0x4	801b20e0	232	03638b00aae4f53b
PL08.PAC	0x4	801b21c8	176	a36eb6745eee4ef6
PL08.PAC	0x4	801b2278	68	6211ef23e5400450
PL08.PAC	0x4	801b22bc	64	f80a131af04e26d5
PL08.PAC	0x4	801b22fc	96	c159d9a96b855bf6
PL08.PAC	0x4	801b235c	320	f4b5fe27f80c58fa
PL08.PAC	0x4	801b249c	268	5586ab8fd484efb7
PL08.PAC	0x4	801b25a8	168	b1d73f26cbea531b
PL08.PAC	0x4	801b2650	208	b4a308f9f0f2aa06
PL08.PAC	0x4	801b2720	60	a42e64de3134d555
PL08.PAC	0x4	801b275c	72	e3338ea50a8a5a2a
PL08.PAC	0x4	801b27a4	200	cb681ee824eca884
PL08.PAC	0x4	801b286c	236	c2b463b285d9a22b
PL08.PAC	0x4	801b2958	176	a36eb6745eee4ef6
PL08.PAC	0x4	801b2a08	68	a9a4d8411413a3df
PL08.PAC	0x4	801b2a4c	64	8a6ece20c5d79a01
PL08.PAC	0x4	801b2a8c	104	5cf5c55e47ccda43
PL08.PAC	0x4	801b2af4	68	530b6b66584bdbab
PL08.PAC	0x4	801b2b38	64	f80a131af04e26d5
PL08.PAC	0x4	801b2b78	64	f80a131af04e26d5
PL08.PAC	0x4	801b2bb8	64	f80a131af04e26d5
PL08.PAC	0x4	801b2bf8	244	e3c99b2cd129a729
PL08.PAC	0x4	801b2cec	156	183d3febecfa0f1b
PL08.PAC	0x4	801b2d88	300	5358e14bfd46e337
PL08.PAC	0x4	801b2eb4	184	58a6f085383debcf
PL08.PAC	0x4	801b2f6c	268	bc0732d5e0e3d5af
PL08.PAC	0x4	801b3078	140	6e4520fcef9ba298
PL08.PAC	0x4	801b3104	236	f15ffc20bba75c48
PL08.PAC	0x4	801b31f0	112	585443ff8b87873a
PL08.PAC	0x4	801b3260	164	65686b1e5235447a
PL08.PAC	0x4	801b3304	216	1a267972030f6575
PL08.PAC	0x4	801b33dc	68	a9a4d8411413a3df
PL08.PAC	0x4	801b3420	64	f80a131af04e26d5
PL08.PAC	0x4	801b3460	44	bcf4190d5cbba29f
PL08.PAC	0x4	801b348c	68	a9a4d8411413a3df
PL08.PAC	0x4	801b34d0	64	f80a131af04e26d5
PL08.PAC	0x4	801b3510	148	991697157a5d6eaf
PL08.PAC	0x4	801b35a4	68	a9a4d8411413a3df
PL08.PAC	0x4	801b35e8	64	f80a131af04e26d5
PL08.PAC	0x4	801b3628	84	259ac02304c3eee2
PL08.PAC	0x4	801b367c	68	a9a4d8411413a3df
PL08.PAC	0x4	801b36c0	64	f80a131af04e26d5
PL08.PAC	0x4	801b3700	44	bcf4190d5cbba29f
PL08.PAC	0x4	801b372c	68	a9a4d8411413a3df
PL08.PAC	0x4	801b3770	64	f80a131af04e26d5
PL08.PAC	0x4	801b37b0	120	118f6072a23dfe96
PL08.PAC	0x4	801b3828	132	9f0c04df233b0c34
PL08.PAC	0x4	801b38ac	140	6fbb69e265e6e2e2
PL08.PAC	0x4	801b3938	212	877dab5563406501
PL08.PAC	0x4	801b3a0c	64	f80a131af04e26d5
PL08.PAC	0x4	801b3a4c	112	1acafab32c614aa6
PL08.PAC	0x4	801b3abc	252	a169bc50248cefe9
PL08.PAC	0x4	801b3bb8	372	1a2ddaff88559330
PL08.PAC	0x4	801b3d2c	196	224316ed0463de8b
PL08.PAC	0x4	801b3df0	68	060e25ec9df004a1
PL08.PAC	0x4	801b3e34	64	f80a131af04e26d5
PL08.PAC	0x4	801b3e74	104	9f6178c5a4095995
PL08.PAC	0x4	801b3edc	544	06a8dc4d33498d2d
PL08.PAC	0x4	801b40fc	68	a9a4d8411413a3df
PL08.PAC	0x4	801b4140	64	f80a131af04e26d5
PL08.PAC	0x4	801b4180	84	4ea1d46ceff450cb
PL08.PAC	0x4	801b41d4	128	ee50bd0c565592be
PL08.PAC	0x4	801b4254	68	a9a4d8411413a3df
PL08.PAC	0x4	801b4298	120	a52b6cb7045db78d
PL08.PAC	0x4	801b4310	68	5c49e826a4c4b99a
PL08.PAC	0x4	801b4354	104	ae87d40dde250acf
PL08.PAC	0x4	801b43bc	64	ca9c4c0a9eec24c8
PL08.PAC	0x4	801b43fc	172	924f0ff7eee21eb3
PL08.PAC	0x4	801b44a8	252	13e02d0d4ab4b57d
PL08.PAC	0x4	801b45a4	20	469ab567c4e2c3e0
PL08.PAC	0x4	801b45b8	32	b261d856a884cbb3
PL08.PAC	0x4	801b45d8	64	32d8675844ff1048
PL08.PAC	0x4	801b4618	64	2299f4a0a44e4410
PL08.PAC	0x4	801b4658	64	f80a131af04e26d5
PL08.PAC	0x4	801b4698	144	287a484afc3aa12d
PL08.PAC	0x4	801b4728	104	40b6f04ee86a9f17
PL08.PAC	0x4	801b4790	64	f80a131af04e26d5
PL08.PAC	0x4	801b47d0	148	2bdb4e70c1257656
PL08.PAC	0x4	801b4864	116	32bfd85a5718fc55
PL08.PAC	0x4	801b48d8	68	bc0afff0e487516f
PL08.PAC	0x4	801b491c	56	095aba7859e6c12d
PL08.PAC	0x4	801b4954	104	40b6f04ee86a9f17
PL08.PAC	0x4	801b49bc	196	2abeadab0ffb45e8
PL08.PAC	0x4	801b4a80	64	ca9c4c0a9eec24c8
PL08.PAC	0x4	801b4ac0	288	b37a25dcb17d6686
PL08.PAC	0x4	801b4be0	64	32a11589aa197860
PL08.PAC	0x4	801b4c20	128	7c45499836403a4b
PL08.PAC	0x4	801b4ca0	88	1145c4ffa88720cb
PL08.PAC	0x4	801b4cf8	32	20c3a8daad2ca1ef
PL08X.PAC	0x5	801c8000	256	7b5b77cbffa35293
PL08X.PAC	0x5	801c8100	84	ffcc695c050b372c
PL08X.PAC	0x5	801c8154	52	98c4e69364aef7ab
PL08X.PAC	0x5	801c8188	80	b7aa45574ae4dd80
PL08X.PAC	0x5	801c81d8	180	398bb0cd97969814
PL08X.PAC	0x5	801c828c	100	e5eeed45e67b2577
PL08X.PAC	0x5	801c82f0	64	32d8675844ff1048
PL08X.PAC	0x5	801c8330	64	2299f4a0a44e4410
PL08X.PAC	0x5	801c8370	64	f80a131af04e26d5
PL08X.PAC	0x5	801c83b0	136	d7670bc0d7b94961
PL08X.PAC	0x5	801c8438	32	20c3a8daad2ca1ef
PL08X.PAC	0x5	801c8458	64	f80a131af04e26d5
PL08X.PAC	0x5	801c8498	164	841dbab70de21f77
PL08X.PAC	0x5	801c853c	136	01750a2c0f7a89d4
PL08X.PAC	0x5	801c85c4	68	bc0afff0e487516f
PL08X.PAC	0x5	801c8608	48	5a5ddea2cfd5c3b7
PL08X.PAC	0x5	801c8638	32	20c3a8daad2ca1ef
PL08X.PAC	0x5	801c8658	220	599a7ec926dc4bfd
PL08X.PAC	0x5	801c8734	656	6f90433c83af0633
PL08X.PAC	0x5	801c89c4	116	579f8b7e8499b0c1
PL08X.PAC	0x5	801c8a38	124	c221ba29c582e394
PL08X.PAC	0x5	801c8ab4	120	4767cf287277489a
PL08X.PAC	0x5	801c8b2c	124	2fb8b4026bea672a
PL08X.PAC	0x5	801c8ba8	124	4c2ebd4ed8374ec9
PL08X.PAC	0x5	801c8c24	124	f5c550218a9a5dca
PL08X.PAC	0x5	801c8ca0	120	10c52edfcd792172
PL08X.PAC	0x5	801c8d18	124	18871343e7056c30
PL08X.PAC	0x5	801c8d94	124	83ac9fec2177a20e
PL08X.PAC	0x5	801c8e10	144	02bbf9f62745855a
PL08X.PAC	0x5	801c8ea0	224	75e5504a6865acb1
PL08X.PAC	0x5	801c8f80	128	44f332ba6c7370c4
PL08X.PAC	0x5	801c9000	140	7494ce403396130e
PL08X.PAC	0x5	801c908c	80	27e96ba5d786abd7
PL08X.PAC	0x5	801c90dc	104	8bb32215c32db830
PL08X.PAC	0x5	801c9144	80	27e96ba5d786abd7
PL08X.PAC	0x5	801c9194	100	82e82288a741d17e
PL08X.PAC	0x5	801c91f8	244	0e9e39276630b56d
PL08X.PAC	0x5	801c92ec	72	1843007a0cd541f3
PL08X.PAC	0x5	801c9334	12	de97e7d08a3fb8b8
PL08X.PAC	0x5	801c9340	36	556b15ff3112c05f
PL08X.PAC	0x5	801c9364	64	946de9087c599ba6
PL08X.PAC	0x5	801c93a4	64	946de9087c599ba6
PL08X.PAC	0x5	801c93e4	64	f80a131af04e26d5
PL08X.PAC	0x5	801c9424	248	e0b5e41d950fa482
PL08X.PAC	0x5	801c951c	404	5c613b0e90c8d4fb
PL08X.PAC	0x5	801c96b0	468	f264ed6b049364ac
PL08X.PAC	0x5	801c9884	144	cb5b1f9d7685eadd
PL08X.PAC	0x5	801c9914	124	930aecdb29370612
PL08X.PAC	0x5	801c9990	64	f80a131af04e26d5
PL08X.PAC	0x5	801c99d0	224	273f6cbc21377bb1
PL08X.PAC	0x5	801c9ab0	80	cd998e7bff0d965f
PL08X.PAC	0x5	801c9b00	296	3f32c3e3470a966a
PL08X.PAC	0x5	801c9c28	144	cb5b1f9d7685eadd
PL08X.PAC	0x5	801c9cb8	124	930aecdb29370612
PL08X.PAC	0x5	801c9d34	64	f80a131af04e26d5
PL08X.PAC	0x5	801c9d74	128	4873df12f4c383d4
PL08X.PAC	0x5	801c9df4	216	61d0226dbc4a6c1e
PL08X.PAC	0x5	801c9ecc	192	16b599d54adad69b
PL08X.PAC	0x5	801c9f8c	252	d40172d2ec9c97d4
PL08X.PAC	0x5	801ca088	88	65b6c9c0d90c754f
PL08X.PAC	0x5	801ca0e0	232	03638b00aae4f53b
PL08X.PAC	0x5	801ca1c8	176	a36eb6745eee4ef6
PL08X.PAC	0x5	801ca278	68	6211ef23e5400450
PL08X.PAC	0x5	801ca2bc	64	f80a131af04e26d5
PL08X.PAC	0x5	801ca2fc	96	c159d9a96b855bf6
PL08X.PAC	0x5	801ca35c	320	f4b5fe27f80c58fa
PL08X.PAC	0x5	801ca49c	268	5586ab8fd484efb7
PL08X.PAC	0x5	801ca5a8	168	b1d73f26cbea531b
PL08X.PAC	0x5	801ca650	208	b4a308f9f0f2aa06
PL08X.PAC	0x5	801ca720	60	a42e64de3134d555
PL08X.PAC	0x5	801ca75c	72	e3338ea50a8a5a2a
PL08X.PAC	0x5	801ca7a4	200	cb681ee824eca884
PL08X.PAC	0x5	801ca86c	236	c2b463b285d9a22b
PL08X.PAC	0x5	801ca958	176	a36eb6745eee4ef6
PL08X.PAC	0x5	801caa08	68	a9a4d8411413a3df
PL08X.PAC	0x5	801caa4c	64	8a6ece20c5d79a01
PL08X.PAC	0x5	801caa8c	104	5cf5c55e47ccda43
PL08X.PAC	0x5	801caaf4	68	530b6b66584bdbab
PL08X.PAC	0x5	801cab38	64	f80a131af04e26d5
PL08X.PAC	0x5	801cab78	64	f80a131af04e26d5
PL08X.PAC	0x5	801cabb8	64	f80a131af04e26d5
PL08X.PAC	0x5	801cabf8	244	e3c99b2cd129a729
PL08X.PAC	0x5	801cacec	156	183d3febecfa0f1b
PL08X.PAC	0x5	801cad88	300	5358e14bfd46e337
PL08X.PAC	0x5	801caeb4	184	58a6f085383debcf
PL08X.PAC	0x5	801caf6c	268	bc0732d5e0e3d5af
PL08X.PAC	0x5	801cb078	140	6e4520fcef9ba298
PL08X.PAC	0x5	801cb104	236	f15ffc20bba75c48
PL08X.PAC	0x5	801cb1f0	112	585443ff8b87873a
PL08X.PAC	0x5	801cb260	164	65686b1e5235447a
PL08X.PAC	0x5	801cb304	216	1a267972030f6575
PL08X.PAC	0x5	801cb3dc	68	a9a4d8411413a3df
PL08X.PAC	0x5	801cb420	64	f80a131af04e26d5
PL08X.PAC	0x5	801cb460	44	bcf4190d5cbba29f
PL08X.PAC	0x5	801cb48c	68	a9a4d8411413a3df
PL08X.PAC	0x5	801cb4d0	64	f80a131af04e26d5
PL08X.PAC	0x5	801cb510	148	991697157a5d6eaf
PL08X.PAC	0x5	801cb5a4	68	a9a4d8411413a3df
PL08X.PAC	0x5	801cb5e8	64	f80a131af04e26d5
PL08X.PAC	0x5	801cb628	84	259ac02304c3eee2
PL08X.PAC	0x5	801cb67c	68	a9a4d8411413a3df
PL08X.PAC	0x5	801cb6c0	64	f80a131af04e26d5
PL08X.PAC	0x5	801cb700	44	bcf4190d5cbba29f
PL08X.PAC	0x5	801cb72c	68	a9a4d8411413a3df
PL08X.PAC	0x5	801cb770	64	f80a131af04e26d5
PL08X.PAC	0x5	801cb7b0	120	118f6072a23dfe96
PL08X.PAC	0x5	801cb828	132	9f0c04df233b0c34
PL08X.PAC	0x5	801cb8ac	140	6fbb69e265e6e2e2
PL08X.PAC	0x5	801cb938	212	877dab5563406501
PL08X.PAC	0x5	801cba0c	64	f80a131af04e26d5
PL08X.PAC	0x5	801cba4c	112	1acafab32c614aa6
PL08X.PAC	0x5	801cbabc	252	a169bc50248cefe9
PL08X.PAC	0x5	801cbbb8	372	1a2ddaff88559330
PL08X.PAC	0x5	801cbd2c	196	224316ed0463de8b
PL08X.PAC	0x5	801cbdf0	68	060e25ec9df004a1
PL08X.PAC	0x5	801cbe34	64	f80a131af04e26d5
PL08X.PAC	0x5	801cbe74	104	9f6178c5a4095995
PL08X.PAC	0x5	801cbedc	544	06a8dc4d33498d2d
PL08X.PAC	0x5	801cc0fc	68	a9a4d8411413a3df
PL08X.PAC	0x5	801cc140	64	f80a131af04e26d5
PL08X.PAC	0x5	801cc180	84	4ea1d46ceff450cb
PL08X.PAC	0x5	801cc1d4	128	ee50bd0c565592be
PL08X.PAC	0x5	801cc254	68	a9a4d8411413a3df
PL08X.PAC	0x5	801cc298	120	a52b6cb7045db78d
PL08X.PAC	0x5	801cc310	68	5c49e826a4c4b99a
PL08X.PAC	0x5	801cc354	104	ae87d40dde250acf
PL08X.PAC	0x5	801cc3bc	64	ca9c4c0a9eec24c8
PL08X.PAC	0x5	801cc3fc	172	924f0ff7eee21eb3
PL08X.PAC	0x5	801cc4a8	252	13e02d0d4ab4b57d
PL08X.PAC	0x5	801cc5a4	20	469ab567c4e2c3e0
PL08X.PAC	0x5	801cc5b8	32	b261d856a884cbb3
PL08X.PAC	0x5	801cc5d8	64	32d8675844ff1048
PL08X.PAC	0x5	801cc618	64	2299f4a0a44e4410
PL08X.PAC	0x5	801cc658	64	f80a131af04e26d5
PL08X.PAC	0x5	801cc698	144	287a484afc3aa12d
PL08X.PAC	0x5	801cc728	104	40b6f04ee86a9f17
PL08X.PAC	0x5	801cc790	64	f80a131af04e26d5
PL08X.PAC	0x5	801cc7d0	148	2bdb4e70c1257656
PL08X.PAC	0x5	801cc864	116	32bfd85a5718fc55
PL08X.PAC	0x5	801cc8d8	68	bc0afff0e487516f
PL08X.PAC	0x5	801cc91c	56	095aba7859e6c12d
PL08X.PAC	0x5	801cc954	104	40b6f04ee86a9f17
PL08X.PAC	0x5	801cc9bc	196	2abeadab0ffb45e8
PL08X.PAC	0x5	801cca80	64	ca9c4c0a9eec24c8
PL08X.PAC	0x5	801ccac0	288	b37a25dcb17d6686
PL08X.PAC	0x5	801ccbe0	64	32a11589aa197860
PL08X.PAC	0x5	801ccc20	128	7c45499836403a4b
PL08X.PAC	0x5	801ccca0	88	1145c4ffa88720cb
PL08X.PAC	0x5	801cccf8	32	20c3a8daad2ca1ef
PL09.PAC	0x0	80075e00	80	6e680e9a0d8e9c01
PL09.PAC	0x0	80075e50	64	2299f4a0a44e4410
PL09.PAC	0x0	80075e90	64	f80a131af04e26d5
PL09.PAC	0x0	80075ed0	144	561740af605aaaf6
PL09.PAC	0x0	80075f60	104	40b6f04ee86a9f17
PL09.PAC	0x0	80075fc8	64	f80a131af04e26d5
PL09.PAC	0x0	80076008	56	095aba7859e6c12d
PL09.PAC	0x0	80076040	104	40b6f04ee86a9f17
PL09.PAC	0x0	800760a8	64	331193ca9e0ef830
PL09.PAC	0x0	800760e8	64	f80a131af04e26d5
PL09.PAC	0x0	80076128	56	095aba7859e6c12d
PL09.PAC	0x0	80076160	104	40b6f04ee86a9f17
PL09.PAC	0x0	800761c8	68	530b6b66584bdbab
PL09.PAC	0x0	8007620c	64	f80a131af04e26d5
PL09.PAC	0x0	8007624c	56	095aba7859e6c12d
PL09.PAC	0x0	80076284	104	40b6f04ee86a9f17
PL09.PAC	0x0	800762ec	64	f80a131af04e26d5
PL09.PAC	0x0	8007632c	152	c056a353d8f8bb1c
PL09.PAC	0x0	800763c4	104	40b6f04ee86a9f17
PL09.PAC	0x0	8007642c	124	318a1e314b41cff8
PL09.PAC	0x0	800764a8	208	fbf0d51c40ade62e
PL09.PAC	0x0	80076578	68	a9a4d8411413a3df
PL09.PAC	0x0	800765bc	164	d57b85e911ab6099
PL09.PAC	0x0	80076660	64	36d10b5e7bf2e0d2
PL09.PAC	0x0	800766a0	368	2f572fb93df6695a
PL09.PAC	0x0	80076810	196	66d63f69fe7ff4d0
PL09.PAC	0x0	800768d4	116	2233e48bf4432022
PL09.PAC	0x0	80076948	312	67ebb29d3c1c1f2e
PL09.PAC	0x0	80076a80	88	2f70d115f63bcb60
PL09.PAC	0x0	80076ad8	112	4c19bb0293a72c79
PL09.PAC	0x0	80076b48	52	c4201ce77bf842f3
PL09.PAC	0x0	80076b7c	96	c062f30e23ab0e55
PL09.PAC	0x0	80076bdc	32	20c3a8daad2ca1ef
PL09.PAC	0x0	80076bfc	120	fa321840fb1478d3
PL09.PAC	0x0	80076c74	96	1d5a824ae6043bc7
PL09.PAC	0x0	80076cd4	180	08777db72d5b5af8
PL09.PAC	0x0	80076d88	120	fa321840fb1478d3
PL09.PAC	0x0	80076e00	84	229100cdf7091bef
PL09.PAC	0x0	80076e54	156	494e6d255bd2c5ed
PL09.PAC	0x0	80076ef0	84	febaee0386ebdd4e
PL09.PAC	0x0	80076f44	88	de07a02912979666
PL09.PAC	0x0	80076f9c	72	e98ca060bb0b3f02
PL09.PAC	0x0	80076fe4	108	c034c181eac58e3d
PL09.PAC	0x0	80077050	104	bb9391ab16c5cbe6
PL09.PAC	0x0	800770b8	152	ff8db610ed1c5c52
PL09.PAC	0x0	80077150	368	da9393c3c5b633ee
PL09.PAC	0x0	800772c0	64	36d10b5e7bf2e0d2
PL09.PAC	0x0	80077300	184	52d1226179f4a1d1
PL09.PAC	0x0	800773b8	216	46d44329bf0e6fcf
PL09.PAC	0x0	80077490	52	878aae6748b88c74
PL09.PAC	0x0	800774c4	44	7b5ec6c75be417f6
PL09.PAC	0x0	800774f0	336	865de118420c0eb6
PL09.PAC	0x0	80077640	72	5d9e811e797a4995
PL09.PAC	0x0	80077688	32	20c3a8daad2ca1ef
PL09.PAC	0x0	800776a8	56	66b6d46bc88b66ee
PL09.PAC	0x0	800776e0	64	36d10b5e7bf2e0d2
PL09.PAC	0x0	80077720	232	e64e081cbe646c72
PL09.PAC	0x0	80077808	528	6447e6f409fe15ad
PL09.PAC	0x0	80077a18	96	8f4a3f5541819d74
PL09.PAC	0x0	80077a78	52	5cb4e0abdda393d7
PL09.PAC	0x0	80077aac	228	2d8ee9fb3228661b
PL09.PAC	0x0	80077b90	204	c549c8d38f0a5749
PL09.PAC	0x0	80077c5c	124	d6ca657a57ce5a62
PL09.PAC	0x0	80077cd8	68	e5031d32ff5b92a0
PL09.PAC	0x0	80077d1c	192	fe88fca7c9a6935c
PL09.PAC	0x0	80077ddc	120	5b5063b9fe6d7ea0
PL09.PAC	0x0	80077e54	156	81d8d4b8b06663d8
PL09.PAC	0x0	80077ef0	300	0434ee955529e172
PL09.PAC	0x0	8007801c	32	20c3a8daad2ca1ef
PL09.PAC	0x0	8007803c	64	36d10b5e7bf2e0d2
PL09.PAC	0x0	8007807c	84	be043cdd22e8fe2c
PL09.PAC	0x0	800780d0	36	c33cf05a0ffa1053
PL09.PAC	0x0	800780f4	228	fab4b11b63f7b8ca
PL09.PAC	0x0	800781d8	96	bc392db3ab214734
PL09.PAC	0x0	80078238	32	c9d891659279d0a2
PL09.PAC	0x0	80078258	32	932d34da703d025e
PL09.PAC	0x0	80078278	144	7e69fd933c2c4c59
PL09.PAC	0x0	80078308	56	01b0924d09acb58a
PL09.PAC	0x0	80078340	132	ec0e22b74195950e
PL09.PAC	0x0	800783c4	116	70cf5561350e76ef
PL09.PAC	0x0	80078438	32	d98a2202372ae987
PL09.PAC	0x0	80078458	76	3cd4c6883a336c3c
PL09.PAC	0x0	800784a4	152	b779d63dd1d5982f
PL09.PAC	0x0	8007853c	184	006ad3903a42487d
PL09.PAC	0x0	800785f4	52	faeef9b52ff22ef2
PL09.PAC	0x0	80078628	132	dbf586fd1beb72e5
PL09.PAC	0x0	800786ac	68	efca0bbbecbdd08e
PL09.PAC	0x0	800786f0	160	a5f769fdd25f4207
PL09.PAC	0x0	80078790	48	b88a94d98080c580
PL09.PAC	0x0	800787c0	92	2d488a48a1d93108
PL09.PAC	0x0	8007881c	64	95a1ab14da4ae4f5
PL09.PAC	0x0	8007885c	68	efca0bbbecbdd08e
PL09.PAC	0x0	800788a0	108	d024f811ea0eb4d2
PL09.PAC	0x0	8007890c	88	2274a57aa7a6ff1d
PL09.PAC	0x0	80078964	64	ed0908076f86c2dd
PL09.PAC	0x0	800789a4	96	bed0c990fe7e8cdd
PL09.PAC	0x0	80078a04	112	fbd02ef4737cc6e1
PL09.PAC	0x0	80078a74	64	ed0908076f86c2dd
PL09.PAC	0x0	80078ab4	108	430f72c3b2c302b5
PL09.PAC	0x0	80078b20	8	6d64edf91449c1b1
PL09.PAC	0x0	80078b28	8	6d64edf91449c1b1
PL09.PAC	0x0	80078b30	32	20c3a8daad2ca1ef
PL09.PAC	0x0	80078b50	68	d4886a4e57bd85ef
PL09.PAC	0x0	80078b94	96	27f9fa14f5d9356f
PL09.PAC	0x0	80078bf4	152	6110688f20bf61a2
PL09.PAC	0x0	80078c8c	236	4fe7aabe7da39b36
PL09.PAC	0x0	80078d78	204	36bfd9db9282751d
PL09.PAC	0x0	80078e44	268	ee559a7e63d3d728
PL09.PAC	0x0	80078f50	64	36d10b5e7bf2e0d2
PL09.PAC	0x0	80078f90	188	cd39a94499c48101
PL09.PAC	0x0	8007904c	152	fa7a621b3bf25974
PL09.PAC	0x0	800790e4	92	2a967457990ca2e0
PL09.PAC	0x4	801b0000	348	a9d16e36832a9e17
PL09.PAC	0x4	801b015c	64	ed0908076f86c2dd
PL09.PAC	0x4	801b019c	88	8f97a772c0999adf
PL09.PAC	0x4	801b01f4	100	d4cb0915648cd4f4
PL09.PAC	0x4	801b0258	64	ed0908076f86c2dd
PL09.PAC	0x4	801b0298	52	98c4e69364aef7ab
PL09.PAC	0x4	801b02cc	232	46f93e72ae4f7a52
PL09.PAC	0x4	801b03b4	132	be639d20b3926bd8
PL09.PAC	0x4	801b0438	80	abf554216139429a
PL09.PAC	0x4	801b0488	112	df22d6e05b0be7f2
PL09.PAC	0x4	801b04f8	112	0e870a16148ce4f8
PL09.PAC	0x4	801b0568	140	fde728ad056c8e89
PL09.PAC	0x4	801b05f4	180	ac7108d8e47a1238
PL09.PAC	0x4	801b06a8	104	62517691fcc0a790
PL09.PAC	0x4	801b0710	64	32d8675844ff1048
PL09.PAC	0x4	801b0750	64	2299f4a0a44e4410
PL09.PAC	0x4	801b0790	64	f80a131af04e26d5
PL09.PAC	0x4	801b07d0	136	ffdd9c96470a71f5
PL09.PAC	0x4	801b0858	32	20c3a8daad2ca1ef
PL09.PAC	0x4	801b0878	124	4d191c86e38ea028
PL09.PAC	0x4	801b08f4	64	f80a131af04e26d5
PL09.PAC	0x4	801b0934	48	5a5ddea2cfd5c3b7
PL09.PAC	0x4	801b0964	32	20c3a8daad2ca1ef
PL09.PAC	0x4	801b0984	64	a8c2321748a5bc3f
PL09.PAC	0x4	801b09c4	64	f80a131af04e26d5
PL09.PAC	0x4	801b0a04	48	5a5ddea2cfd5c3b7
PL09.PAC	0x4	801b0a34	32	20c3a8daad2ca1ef
PL09.PAC	0x4	801b0a54	64	f80a131af04e26d5
PL09.PAC	0x4	801b0a94	204	ab12d1c5b1ce0ceb
PL09.PAC	0x4	801b0b60	32	20c3a8daad2ca1ef
PL09.PAC	0x4	801b0b80	132	d7d603dc7ec2928e
PL09.PAC	0x4	801b0c04	208	fbf0d51c40ade62e
PL09.PAC	0x4	801b0cd4	68	a9a4d8411413a3df
PL09.PAC	0x4	801b0d18	180	258ca7be03ba3803
PL09.PAC	0x4	801b0dcc	428	04becd985b9da884
PL09.PAC	0x4	801b0f78	248	7ee78eef387d0c71
PL09.PAC	0x4	801b1070	156	f2c3181d65813ee6
PL09.PAC	0x4	801b110c	152	0a05eed25617bff0
PL09.PAC	0x4	801b11a4	152	8fd463ca207fc307
PL09.PAC	0x4	801b123c	68	ba50111de1d5cda3
PL09.PAC	0x4	801b1280	68	faf70e1f3102f8e9
PL09.PAC	0x4	801b12c4	164	9ba63f3ccadd31e3
PL09.PAC	0x4	801b1368	132	03627bb132676cc4
PL09.PAC	0x4	801b13ec	136	75560249d0190b49
PL09.PAC	0x4	801b1474	136	4668dc968cd1a2e3
PL09.PAC	0x4	801b14fc	156	93fa7e00b819ba63
PL09.PAC	0x4	801b1598	172	da74c982ef816ff0
PL09.PAC	0x4	801b1644	172	98d4cf897b8743fd
PL09.PAC	0x4	801b16f0	72	1843007a0cd541f3
PL09.PAC	0x4	801b1738	48	6ddd07fda9b035fe
PL09.PAC	0x4	801b1768	32	20c3a8daad2ca1ef
PL09.PAC	0x4	801b1788	52	e05a9517a130e383
PL09.PAC	0x4	801b17bc	68	595bb8bcfaaf9690
PL09.PAC	0x4	801b1800	68	fc91cc29020ad37e
PL09.PAC	0x4	801b1844	64	94c30b1a514e4a84
PL09.PAC	0x4	801b1884	8	207819bf4ebe3078
PL09.PAC	0x4	801b188c	24	f59d2052cf645593
PL09.PAC	0x4	801b18a4	64	946de9087c599ba6
PL09.PAC	0x4	801b18e4	64	f80a131af04e26d5
PL09.PAC	0x4	801b1924	164	dbe8cf2860367cd5
PL09.PAC	0x4	801b19c8	124	8d16c5b985fe6da0
PL09.PAC	0x4	801b1a44	128	993243189c5bf1ba
PL09.PAC	0x4	801b1ac4	64	f80a131af04e26d5
PL09.PAC	0x4	801b1b04	180	6bbbbf37c788a79f
PL09.PAC	0x4	801b1bb8	224	21d2b632a84cfb76
PL09.PAC	0x4	801b1c98	104	7ac706ac02e58021
PL09.PAC	0x4	801b1d00	64	f80a131af04e26d5
PL09.PAC	0x4	801b1d40	160	cf45c71ff05d7181
PL09.PAC	0x4	801b1de0	192	95c6c4567ee15b58
PL09.PAC	0x4	801b1ea0	272	25d4cc7d0ab3dc3e
PL09.PAC	0x4	801b1fb0	132	6e763e1fad66c5e6
PL09.PAC	0x4	801b2034	120	03e7a9735a84024e
PL09.PAC	0x4	801b20ac	232	06a13fc4d430acca
PL09.PAC	0x4	801b2194	144	b0ebc4308f79594b
PL09.PAC	0x4	801b2224	180	36c6816f5d007eb1
PL09.PAC	0x4	801b22d8	68	a9a4d8411413a3df
PL09.PAC	0x4	801b231c	136	f2192a39cfddba6a
PL09.PAC	0x4	801b23a4	288	b104353bcf0c927f
PL09.PAC	0x4	801b24c4	132	6e763e1fad66c5e6
PL09.PAC	0x4	801b2548	132	3af6dff8ab4590c2
PL09.PAC	0x4	801b25cc	224	283f9f0c6bc06601
PL09.PAC	0x4	801b26ac	104	719cf71cc9ba8e80
PL09.PAC	0x4	801b2714	136	044ce2d56d002864
PL09.PAC	0x4	801b279c	92	f22cb4570e97ff3e
PL09.PAC	0x4	801b27f8	96	c0a0de9a99c6b2d1
PL09.PAC	0x4	801b2858	68	d4886a4e57bd85ef
PL09.PAC	0x4	801b289c	64	f80a131af04e26d5
PL09.PAC	0x4	801b28dc	100	117f0bd7aec22f96
PL09.PAC	0x4	801b2940	184	de1eb2d8fc068199
PL09.PAC	0x4	801b29f8	236	e7ecf625aa6388bc
PL09.PAC	0x4	801b2ae4	268	4b9d54e8c038bef4
PL09.PAC	0x4	801b2bf0	160	31fb1dc77807ba06
PL09.PAC	0x4	801b2c90	120	d544c7dbb968a9d7
PL09.PAC	0x4	801b2d08	100	2f321f8bde44117a
PL09.PAC	0x4	801b2d6c	76	102756dbf8eb3f43
PL09.PAC	0x4	801b2db8	64	865297f38344de9f
PL09.PAC	0x4	801b2df8	124	004fa043723c4095
PL09.PAC	0x4	801b2e74	68	530b6b66584bdbab
PL09.PAC	0x4	801b2eb8	64	f80a131af04e26d5
PL09.PAC	0x4	801b2ef8	264	064a90384f089ce2
PL09.PAC	0x4	801b3000	64	9b881f92c52ffd44
PL09.PAC	0x4	801b3040	272	b3fbe68c4b050959
PL09.PAC	0x4	801b3150	64	f80a131af04e26d5
PL09.PAC	0x4	801b3190	188	c677bdf9746f0be2
PL09.PAC	0x4	801b324c	248	3142754766ec7ccb
PL09.PAC	0x4	801b3344	424	a9f9fb1cabe9bb9e
PL09.PAC	0x4	801b34ec	64	f80a131af04e26d5
PL09.PAC	0x4	801b352c	100	46035c7a83779efa
PL09.PAC	0x4	801b3590	196	8873cead1ddc8fec
PL09.PAC	0x4	801b3654	164	157d71563ee69699
PL09.PAC	0x4	801b36f8	312	316c51806e961e92
PL09.PAC	0x4	801b3830	424	99749c97198a1744
PL09.PAC	0x4	801b39d8	132	6e763e1fad66c5e6
PL09.PAC	0x4	801b3a5c	124	4325e74fe767bd71
PL09.PAC	0x4	801b3ad8	332	9f9194c52c8fe02e
PL09.PAC	0x4	801b3c24	144	b0ebc4308f79594b
PL09.PAC	0x4	801b3cb4	180	36c6816f5d007eb1
PL09.PAC	0x4	801b3d68	76	82f65fc39be9e5dd
PL09.PAC	0x4	801b3db4	64	865297f38344de9f
PL09.PAC	0x4	801b3df4	116	e9b81f99268973a8
PL09.PAC	0x4	801b3e68	68	530b6b66584bdbab
PL09.PAC	0x4	801b3eac	64	f80a131af04e26d5
PL09.PAC	0x4	801b3eec	208	b666b3f116ce8ac3
PL09.PAC	0x4	801b3fbc	68	3ccff97926e31ad9
PL09.PAC	0x4	801b4000	64	f80a131af04e26d5
PL09.PAC	0x4	801b4040	88	ddf560ddca97047a
PL09.PAC	0x4	801b4098	196	ac1acada13b127e9
PL09.PAC	0x4	801b415c	100	9cbfb40bd32a03a5
PL09.PAC	0x4	801b41c0	84	3f5f8916b1b00771
PL09.PAC	0x4	801b4214	68	3ccff97926e31ad9
PL09.PAC	0x4	801b4258	64	f80a131af04e26d5
PL09.PAC	0x4	801b4298	344	884bb9650af0d4b5
PL09.PAC	0x4	801b43f0	128	15665a6d711422e1
PL09.PAC	0x4	801b4470	84	3f44d0e51d68d89c
PL09.PAC	0x4	801b44c4	68	3ccff97926e31ad9
PL09.PAC	0x4	801b4508	64	f80a131af04e26d5
PL09.PAC	0x4	801b4548	92	1959ba4791aa5653
PL09.PAC	0x4	801b45a4	164	bc9379b1555a6159
PL09.PAC	0x4	801b4648	64	f80a131af04e26d5
PL09.PAC	0x4	801b4688	112	3f5974d001729c8d
PL09.PAC	0x4	801b46f8	68	6211ef23e5400450
PL09.PAC	0x4	801b473c	64	f80a131af04e26d5
PL09.PAC	0x4	801b477c	76	e1de68feb6d6293e
PL09.PAC	0x4	801b47c8	68	a9a4d8411413a3df
PL09.PAC	0x4	801b480c	64	f80a131af04e26d5
PL09.PAC	0x4	801b484c	136	6735dde041ae393e
PL09.PAC	0x4	801b48d4	148	c57254358e0fa988
PL09.PAC	0x4	801b4968	140	6fbb69e265e6e2e2
PL09.PAC	0x4	801b49f4	208	30a275a61b211188
PL09.PAC	0x4	801b4ac4	64	f80a131af04e26d5
PL09.PAC	0x4	801b4b04	272	028977cc110bee55
PL09.PAC	0x4	801b4c14	172	2499065d8bfe2d6c
PL09.PAC	0x4	801b4cc0	196	cc20da717542d31e
PL09.PAC	0x4	801b4d84	120	d61c4e5791a8e121
PL09.PAC	0x4	801b4dfc	64	f80a131af04e26d5
PL09.PAC	0x4	801b4e3c	104	71e86d20891e2239
PL09.PAC	0x4	801b4ea4	368	2ed2df13a941d039
PL09.PAC	0x4	801b5014	460	162e76688ee8ce66
PL09.PAC	0x4	801b51e0	168	16b51d61e0ae09f8
PL09.PAC	0x4	801b5288	112	8986be8486076bea
PL09.PAC	0x4	801b52f8	80	62e5bca4f1496106
PL09.PAC	0x4	801b5348	36	c54f04c517aa0972
PL09.PAC	0x4	801b536c	268	741c7e5ba63d4e27
PL09.PAC	0x4	801b5478	272	9608ba7726cc857b
PL09.PAC	0x4	801b5588	556	8788066ea5c7f000
PL09.PAC	0x4	801b57b4	296	5b1c978c0c35c6c7
PL09.PAC	0x4	801b58dc	236	d7b5347c7bd7d468
PL09.PAC	0x4	801b59c8	236	70909699757802a8
PL09.PAC	0x4	801b5ab4	236	472104ba5a225acc
PL09.PAC	0x4	801b5ba0	204	79e4e850027fc555
PL09.PAC	0x4	801b5c6c	208	5b28af85581a8578
PL09.PAC	0x4	801b5d3c	812	8703738e878d161f
PL09.PAC	0x4	801b6068	424	f08e8f0b91addafa
PL09.PAC	0x4	801b6210	264	5cc7f2584f8c3e92
PL09.PAC	0x4	801b6318	64	ca9c4c0a9eec24c8
PL09.PAC	0x4	801b6358	108	8026de80b07b509b
PL09.PAC	0x4	801b63c4	376	736511d7d949f466
PL09.PAC	0x4	801b653c	20	469ab567c4e2c3e0
PL09.PAC	0x4	801b6550	52	18de674a32c4f0d3
PL09.PAC	0x4	801b6584	132	a622bdc66d17ff5b
PL09X.PAC	0x8	8008bf00	80	6e680e9a0d8e9c01
PL09X.PAC	0x8	8008bf50	64	2299f4a0a44e4410
PL09X.PAC	0x8	8008bf90	64	f80a131af04e26d5
PL09X.PAC	0x8	8008bfd0	144	561740af605aaaf6
PL09X.PAC	0x8	8008c060	104	40b6f04ee86a9f17
PL09X.PAC	0x8	8008c0c8	64	f80a131af04e26d5
PL09X.PAC	0x8	8008c108	56	095aba7859e6c12d
PL09X.PAC	0x8	8008c140	104	40b6f04ee86a9f17
PL09X.PAC	0x8	8008c1a8	64	331193ca9e0ef830
PL09X.PAC	0x8	8008c1e8	64	f80a131af04e26d5
PL09X.PAC	0x8	8008c228	56	095aba7859e6c12d
PL09X.PAC	0x8	8008c260	104	40b6f04ee86a9f17
PL09X.PAC	0x8	8008c2c8	68	530b6b66584bdbab
PL09X.PAC	0x8	8008c30c	64	f80a131af04e26d5
PL09X.PAC	0x8	8008c34c	56	095aba7859e6c12d
PL09X.PAC	0x8	8008c384	104	40b6f04ee86a9f17
PL09X.PAC	0x8	8008c3ec	64	f80a131af04e26d5
PL09X.PAC	0x8	8008c42c	152	c056a353d8f8bb1c
PL09X.PAC	0x8	8008c4c4	104	40b6f04ee86a9f17
PL09X.PAC	0x8	8008c52c	124	318a1e314b41cff8
PL09X.PAC	0x8	8008c5a8	208	fbf0d51c40ade62e
PL09X.PAC	0x8	8008c678	68	a9a4d8411413a3df
PL09X.PAC	0x8	8008c6bc	164	d57b85e911ab6099
PL09X.PAC	0x8	8008c760	64	36d10b5e7bf2e0d2
PL09X.PAC	0x8	8008c7a0	368	2f572fb93df6695a
PL09X.PAC	0x8	8008c910	196	66d63f69fe7ff4d0
PL09X.PAC	0x8	8008c9d4	116	2233e48bf4432022
PL09X.PAC	0x8	8008ca48	312	67ebb29d3c1c1f2e
PL09X.PAC	0x8	8008cb80	88	2f70d115f63bcb60
PL09X.PAC	0x8	8008cbd8	112	4c19bb0293a72c79
PL09X.PAC	0x8	8008cc48	52	c4201ce77bf842f3
PL09X.PAC	0x8	8008cc7c	96	c062f30e23ab0e55
PL09X.PAC	0x8	8008ccdc	32	20c3a8daad2ca1ef
PL09X.PAC	0x8	8008ccfc	120	fa321840fb1478d3
PL09X.PAC	0x8	8008cd74	96	1d5a824ae6043bc7
PL09X.PAC	0x8	8008cdd4	180	08777db72d5b5af8
PL09X.PAC	0x8	8008ce88	120	fa321840fb1478d3
PL09X.PAC	0x8	8008cf00	84	229100cdf7091bef
PL09X.PAC	0x8	8008cf54	156	494e6d255bd2c5ed
PL09X.PAC	0x8	8008cff0	84	febaee0386ebdd4e
PL09X.PAC	0x8	8008d044	88	de07a02912979666
PL09X.PAC	0x8	8008d09c	72	e98ca060bb0b3f02
PL09X.PAC	0x8	8008d0e4	108	c034c181eac58e3d
PL09X.PAC	0x8	8008d150	104	bb9391ab16c5cbe6
PL09X.PAC	0x8	8008d1b8	152	ff8db610ed1c5c52
PL09X.PAC	0x8	8008d250	368	da9393c3c5b633ee
PL09X.PAC	0x8	8008d3c0	64	36d10b5e7bf2e0d2
PL09X.PAC	0x8	8008d400	184	52d1226179f4a1d1
PL09X.PAC	0x8	8008d4b8	216	46d44329bf0e6fcf
PL09X.PAC	0x8	8008d590	52	878aae6748b88c74
PL09X.PAC	0x8	8008d5c4	44	7b5ec6c75be417f6
PL09X.PAC	0x8	8008d5f0	336	865de118420c0eb6
PL09X.PAC	0x8	8008d740	72	5d9e811e797a4995
PL09X.PAC	0x8	8008d788	32	20c3a8daad2ca1ef
PL09X.PAC	0x8	8008d7a8	56	66b6d46bc88b66ee
PL09X.PAC	0x8	8008d7e0	64	36d10b5e7bf2e0d2
PL09X.PAC	0x8	8008d820	232	e64e081cbe646c72
PL09X.PAC	0x8	8008d908	528	6447e6f409fe15ad
PL09X.PAC	0x8	8008db18	96	8f4a3f5541819d74
PL09X.PAC	0x8	8008db78	52	5cb4e0abdda393d7
PL09X.PAC	0x8	8008dbac	228	2d8ee9fb3228661b
PL09X.PAC	0x8	8008dc90	204	c549c8d38f0a5749
PL09X.PAC	0x8	8008dd5c	124	d6ca657a57ce5a62
PL09X.PAC	0x8	8008ddd8	68	e5031d32ff5b92a0
PL09X.PAC	0x8	8008de1c	192	fe88fca7c9a6935c
PL09X.PAC	0x8	8008dedc	120	5b5063b9fe6d7ea0
PL09X.PAC	0x8	8008df54	156	81d8d4b8b06663d8
PL09X.PAC	0x8	8008dff0	300	0434ee955529e172
PL09X.PAC	0x8	8008e11c	32	20c3a8daad2ca1ef
PL09X.PAC	0x8	8008e13c	64	36d10b5e7bf2e0d2
PL09X.PAC	0x8	8008e17c	84	be043cdd22e8fe2c
PL09X.PAC	0x8	8008e1d0	36	c33cf05a0ffa1053
PL09X.PAC	0x8	8008e1f4	228	fab4b11b63f7b8ca
PL09X.PAC	0x8	8008e2d8	96	bc392db3ab214734
PL09X.PAC	0x8	8008e338	32	c9d891659279d0a2
PL09X.PAC	0x8	8008e358	32	932d34da703d025e
PL09X.PAC	0x8	8008e378	144	7e69fd933c2c4c59
PL09X.PAC	0x8	8008e408	56	01b0924d09acb58a
PL09X.PAC	0x8	8008e440	132	ec0e22b74195950e
PL09X.PAC	0x8	8008e4c4	116	70cf5561350e76ef
PL09X.PAC	0x8	8008e538	32	d98a2202372ae987
PL09X.PAC	0x8	8008e558	76	3cd4c6883a336c3c
PL09X.PAC	0x8	8008e5a4	152	b779d63dd1d5982f
PL09X.PAC	0x8	8008e63c	184	006ad3903a42487d
PL09X.PAC	0x8	8008e6f4	52	faeef9b52ff22ef2
PL09X.PAC	0x8	8008e728	132	dbf586fd1beb72e5
PL09X.PAC	0x8	8008e7ac	68	efca0bbbecbdd08e
PL09X.PAC	0x8	8008e7f0	160	a5f769fdd25f4207
PL09X.PAC	0x8	8008e890	48	b88a94d98080c580
PL09X.PAC	0x8	8008e8c0	92	2d488a48a1d93108
PL09X.PAC	0x8	8008e91c	64	95a1ab14da4ae4f5
PL09X.PAC	0x8	8008e95c	68	efca0bbbecbdd08e
PL09X.PAC	0x8	8008e9a0	108	d024f811ea0eb4d2
PL09X.PAC	0x8	8008ea0c	88	2274a57aa7a6ff1d
PL09X.PAC	0x8	8008ea64	64	ed0908076f86c2dd
PL09X.PAC	0x8	8008eaa4	96	bed0c990fe7e8cdd
PL09X.PAC	0x8	8008eb04	112	fbd02ef4737cc6e1
PL09X.PAC	0x8	8008eb74	64	ed0908076f86c2dd
PL09X.PAC	0x8	8008ebb4	108	430f72c3b2c302b5
PL09X.PAC	0x8	8008ec20	8	6d64edf91449c1b1
PL09X.PAC	0x8	8008ec28	8	6d64edf91449c1b1
PL09X.PAC	0x8	8008ec30	32	20c3a8daad2ca1ef
PL09X.PAC	0x8	8008ec50	68	d4886a4e57bd85ef
PL09X.PAC	0x8	8008ec94	96	27f9fa14f5d9356f
PL09X.PAC	0x8	8008ecf4	152	6110688f20bf61a2
PL09X.PAC	0x8	8008ed8c	236	4fe7aabe7da39b36
PL09X.PAC	0x8	8008ee78	204	36bfd9db9282751d
PL09X.PAC	0x8	8008ef44	268	ee559a7e63d3d728
PL09X.PAC	0x8	8008f050	64	36d10b5e7bf2e0d2
PL09X.PAC	0x8	8008f090	188	cd39a94499c48101
PL09X.PAC	0x8	8008f14c	152	fa7a621b3bf25974
PL09X.PAC	0x8	8008f1e4	92	2a967457990ca2e0
PL09X.PAC	0x5	801c8000	348	a9d16e36832a9e17
PL09X.PAC	0x5	801c815c	64	ed0908076f86c2dd
PL09X.PAC	0x5	801c819c	88	8f97a772c0999adf
PL09X.PAC	0x5	801c81f4	100	d4cb0915648cd4f4
PL09X.PAC	0x5	801c8258	64	ed0908076f86c2dd
PL09X.PAC	0x5	801c8298	52	98c4e69364aef7ab
PL09X.PAC	0x5	801c82cc	232	46f93e72ae4f7a52
PL09X.PAC	0x5	801c83b4	132	be639d20b3926bd8
PL09X.PAC	0x5	801c8438	80	abf554216139429a
PL09X.PAC	0x5	801c8488	112	df22d6e05b0be7f2
PL09X.PAC	0x5	801c84f8	112	0e870a16148ce4f8
PL09X.PAC	0x5	801c8568	140	fde728ad056c8e89
PL09X.PAC	0x5	801c85f4	180	ac7108d8e47a1238
PL09X.PAC	0x5	801c86a8	104	62517691fcc0a790
PL09X.PAC	0x5	801c8710	64	32d8675844ff1048
PL09X.PAC	0x5	801c8750	64	2299f4a0a44e4410
PL09X.PAC	0x5	801c8790	64	f80a131af04e26d5
PL09X.PAC	0x5	801c87d0	136	ffdd9c96470a71f5
PL09X.PAC	0x5	801c8858	32	20c3a8daad2ca1ef
PL09X.PAC	0x5	801c8878	124	4d191c86e38ea028
PL09X.PAC	0x5	801c88f4	64	f80a131af04e26d5
PL09X.PAC	0x5	801c8934	48	5a5ddea2cfd5c3b7
PL09X.PAC	0x5	801c8964	32	20c3a8daad2ca1ef
PL09X.PAC	0x5	801c8984	64	a8c2321748a5bc3f
PL09X.PAC	0x5	801c89c4	64	f80a131af04e26d5
PL09X.PAC	0x5	801c8a04	48	5a5ddea2cfd5c3b7
PL09X.PAC	0x5	801c8a34	32	20c3a8daad2ca1ef
PL09X.PAC	0x5	801c8a54	64	f80a131af04e26d5
PL09X.PAC	0x5	801c8a94	204	ab12d1c5b1ce0ceb
PL09X.PAC	0x5	801c8b60	32	20c3a8daad2ca1ef
PL09X.PAC	0x5	801c8b80	132	d7d603dc7ec2928e
PL09X.PAC	0x5	801c8c04	208	fbf0d51c40ade62e
PL09X.PAC	0x5	801c8cd4	68	a9a4d8411413a3df
PL09X.PAC	0x5	801c8d18	180	258ca7be03ba3803
PL09X.PAC	0x5	801c8dcc	428	04becd985b9da884
PL09X.PAC	0x5	801c8f78	248	7ee78eef387d0c71
PL09X.PAC	0x5	801c9070	156	f2c3181d65813ee6
PL09X.PAC	0x5	801c910c	152	0a05eed25617bff0
PL09X.PAC	0x5	801c91a4	152	8fd463ca207fc307
PL09X.PAC	0x5	801c923c	68	ba50111de1d5cda3
PL09X.PAC	0x5	801c9280	68	faf70e1f3102f8e9
PL09X.PAC	0x5	801c92c4	164	9ba63f3ccadd31e3
PL09X.PAC	0x5	801c9368	132	03627bb132676cc4
PL09X.PAC	0x5	801c93ec	136	75560249d0190b49
PL09X.PAC	0x5	801c9474	136	4668dc968cd1a2e3
PL09X.PAC	0x5	801c94fc	156	93fa7e00b819ba63
PL09X.PAC	0x5	801c9598	172	da74c982ef816ff0
PL09X.PAC	0x5	801c9644	172	98d4cf897b8743fd
PL09X.PAC	0x5	801c96f0	72	1843007a0cd541f3
PL09X.PAC	0x5	801c9738	48	6ddd07fda9b035fe
PL09X.PAC	0x5	801c9768	32	20c3a8daad2ca1ef
PL09X.PAC	0x5	801c9788	52	e05a9517a130e383
PL09X.PAC	0x5	801c97bc	68	595bb8bcfaaf9690
PL09X.PAC	0x5	801c9800	68	fc91cc29020ad37e
PL09X.PAC	0x5	801c9844	64	94c30b1a514e4a84
PL09X.PAC	0x5	801c9884	8	207819bf4ebe3078
PL09X.PAC	0x5	801c988c	24	f59d2052cf645593
PL09X.PAC	0x5	801c98a4	64	946de9087c599ba6
PL09X.PAC	0x5	801c98e4	64	f80a131af04e26d5
PL09X.PAC	0x5	801c9924	164	dbe8cf2860367cd5
PL09X.PAC	0x5	801c99c8	124	8d16c5b985fe6da0
PL09X.PAC	0x5	801c9a44	128	993243189c5bf1ba
PL09X.PAC	0x5	801c9ac4	64	f80a131af04e26d5
PL09X.PAC	0x5	801c9b04	180	6bbbbf37c788a79f
PL09X.PAC	0x5	801c9bb8	224	21d2b632a84cfb76
PL09X.PAC	0x5	801c9c98	104	7ac706ac02e58021
PL09X.PAC	0x5	801c9d00	64	f80a131af04e26d5
PL09X.PAC	0x5	801c9d40	160	cf45c71ff05d7181
PL09X.PAC	0x5	801c9de0	192	95c6c4567ee15b58
PL09X.PAC	0x5	801c9ea0	272	25d4cc7d0ab3dc3e
PL09X.PAC	0x5	801c9fb0	132	6e763e1fad66c5e6
PL09X.PAC	0x5	801ca034	120	03e7a9735a84024e
PL09X.PAC	0x5	801ca0ac	232	06a13fc4d430acca
PL09X.PAC	0x5	801ca194	144	b0ebc4308f79594b
PL09X.PAC	0x5	801ca224	180	36c6816f5d007eb1
PL09X.PAC	0x5	801ca2d8	68	a9a4d8411413a3df
PL09X.PAC	0x5	801ca31c	136	f2192a39cfddba6a
PL09X.PAC	0x5	801ca3a4	288	b104353bcf0c927f
PL09X.PAC	0x5	801ca4c4	132	6e763e1fad66c5e6
PL09X.PAC	0x5	801ca548	132	3af6dff8ab4590c2
PL09X.PAC	0x5	801ca5cc	224	283f9f0c6bc06601
PL09X.PAC	0x5	801ca6ac	104	719cf71cc9ba8e80
PL09X.PAC	0x5	801ca714	136	044ce2d56d002864
PL09X.PAC	0x5	801ca79c	92	f22cb4570e97ff3e
PL09X.PAC	0x5	801ca7f8	96	c0a0de9a99c6b2d1
PL09X.PAC	0x5	801ca858	68	d4886a4e57bd85ef
PL09X.PAC	0x5	801ca89c	64	f80a131af04e26d5
PL09X.PAC	0x5	801ca8dc	100	117f0bd7aec22f96
PL09X.PAC	0x5	801ca940	184	de1eb2d8fc068199
PL09X.PAC	0x5	801ca9f8	236	e7ecf625aa6388bc
PL09X.PAC	0x5	801caae4	268	4b9d54e8c038bef4
PL09X.PAC	0x5	801cabf0	160	31fb1dc77807ba06
PL09X.PAC	0x5	801cac90	120	d544c7dbb968a9d7
PL09X.PAC	0x5	801cad08	100	2f321f8bde44117a
PL09X.PAC	0x5	801cad6c	76	102756dbf8eb3f43
PL09X.PAC	0x5	801cadb8	64	865297f38344de9f
PL09X.PAC	0x5	801cadf8	124	004fa043723c4095
PL09X.PAC	0x5	801cae74	68	530b6b66584bdbab
PL09X.PAC	0x5	801caeb8	64	f80a131af04e26d5
PL09X.PAC	0x5	801caef8	264	064a90384f089ce2
PL09X.PAC	0x5	801cb000	64	9b881f92c52ffd44
PL09X.PAC	0x5	801cb040	272	b3fbe68c4b050959
PL09X.PAC	0x5	801cb150	64	f80a131af04e26d5
PL09X.PAC	0x5	801cb190	188	c677bdf9746f0be2
PL09X.PAC	0x5	801cb24c	248	3142754766ec7ccb
PL09X.PAC	0x5	801cb344	424	a9f9fb1cabe9bb9e
PL09X.PAC	0x5	801cb4ec	64	f80a131af04e26d5
PL09X.PAC	0x5	801cb52c	100	46035c7a83779efa
PL09X.PAC	0x5	801cb590	196	8873cead1ddc8fec
PL09X.PAC	0x5	801cb654	164	157d71563ee69699
PL09X.PAC	0x5	801cb6f8	312	316c51806e961e92
PL09X.PAC	0x5	801cb830	424	99749c97198a1744
PL09X.PAC	0x5	801cb9d8	132	6e763e1fad66c5e6
PL09X.PAC	0x5	801cba5c	124	4325e74fe767bd71
PL09X.PAC	0x5	801cbad8	332	9f9194c52c8fe02e
PL09X.PAC	0x5	801cbc24	144	b0ebc4308f79594b
PL09X.PAC	0x5	801cbcb4	180	36c6816f5d007eb1
PL09X.PAC	0x5	801cbd68	76	82f65fc39be9e5dd
PL09X.PAC	0x5	801cbdb4	64	865297f38344de9f
PL09X.PAC	0x5	801cbdf4	116	e9b81f99268973a8
PL09X.PAC	0x5	801cbe68	68	530b6b66584bdbab
PL09X.PAC	0x5	801cbeac	64	f80a131af04e26d5
PL09X.PAC	0x5	801cbeec	208	b666b3f116ce8ac3
PL09X.PAC	0x5	801cbfbc	68	3ccff97926e31ad9
PL09X.PAC	0x5	801cc000	64	f80a131af04e26d5
PL09X.PAC	0x5	801cc040	88	ddf560ddca97047a
PL09X.PAC	0x5	801cc098	196	ac1acada13b127e9
PL09X.PAC	0x5	801cc15c	100	9cbfb40bd32a03a5
PL09X.PAC	0x5	801cc1c0	84	3f5f8916b1b00771
PL09X.PAC	0x5	801cc214	68	3ccff97926e31ad9
PL09X.PAC	0x5	801cc258	64	f80a131af04e26d5
PL09X.PAC	0x5	801cc298	344	884bb9650af0d4b5
PL09X.PAC	0x5	801cc3f0	128	15665a6d711422e1
PL09X.PAC	0x5	801cc470	84	3f44d0e51d68d89c
PL09X.PAC	0x5	801cc4c4	68	3ccff97926e31ad9
PL09X.PAC	0x5	801cc508	64	f80a131af04e26d5
PL09X.PAC	0x5	801cc548	92	1959ba4791aa5653
PL09X.PAC	0x5	801cc5a4	164	bc9379b1555a6159
PL09X.PAC	0x5	801cc648	64	f80a131af04e26d5
PL09X.PAC	0x5	801cc688	112	3f5974d001729c8d
PL09X.PAC	0x5	801cc6f8	68	6211ef23e5400450
PL09X.PAC	0x5	801cc73c	64	f80a131af04e26d5
PL09X.PAC	0x5	801cc77c	76	e1de68feb6d6293e
PL09X.PAC	0x5	801cc7c8	68	a9a4d8411413a3df
PL09X.PAC	0x5	801cc80c	64	f80a131af04e26d5
PL09X.PAC	0x5	801cc84c	136	6735dde041ae393e
PL09X.PAC	0x5	801cc8d4	148	c57254358e0fa988
PL09X.PAC	0x5	801cc968	140	6fbb69e265e6e2e2
PL09X.PAC	0x5	801cc9f4	208	30a275a61b211188
PL09X.PAC	0x5	801ccac4	64	f80a131af04e26d5
PL09X.PAC	0x5	801ccb04	272	028977cc110bee55
PL09X.PAC	0x5	801ccc14	172	2499065d8bfe2d6c
PL09X.PAC	0x5	801cccc0	196	cc20da717542d31e
PL09X.PAC	0x5	801ccd84	120	d61c4e5791a8e121
PL09X.PAC	0x5	801ccdfc	64	f80a131af04e26d5
PL09X.PAC	0x5	801cce3c	104	71e86d20891e2239
PL09X.PAC	0x5	801ccea4	368	2ed2df13a941d039
PL09X.PAC	0x5	801cd014	460	162e76688ee8ce66
PL09X.PAC	0x5	801cd1e0	168	16b51d61e0ae09f8
PL09X.PAC	0x5	801cd288	112	8986be8486076bea
PL09X.PAC	0x5	801cd2f8	80	62e5bca4f1496106
PL09X.PAC	0x5	801cd348	36	c54f04c517aa0972
PL09X.PAC	0x5	801cd36c	268	741c7e5ba63d4e27
PL09X.PAC	0x5	801cd478	272	9608ba7726cc857b
PL09X.PAC	0x5	801cd588	556	8788066ea5c7f000
PL09X.PAC	0x5	801cd7b4	296	5b1c978c0c35c6c7
PL09X.PAC	0x5	801cd8dc	236	d7b5347c7bd7d468
PL09X.PAC	0x5	801cd9c8	236	70909699757802a8
PL09X.PAC	0x5	801cdab4	236	472104ba5a225acc
PL09X.PAC	0x5	801cdba0	204	79e4e850027fc555
PL09X.PAC	0x5	801cdc6c	208	5b28af85581a8578
PL09X.PAC	0x5	801cdd3c	812	8703738e878d161f
PL09X.PAC	0x5	801ce068	424	f08e8f0b91addafa
PL09X.PAC	0x5	801ce210	264	5cc7f2584f8c3e92
PL09X.PAC	0x5	801ce318	64	ca9c4c0a9eec24c8
PL09X.PAC	0x5	801ce358	108	8026de80b07b509b
PL09X.PAC	0x5	801ce3c4	376	736511d7d949f466
PL09X.PAC	0x5	801ce53c	20	469ab567c4e2c3e0
PL09X.PAC	0x5	801ce550	52	18de674a32c4f0d3
PL09X.PAC	0x5	801ce584	132	a622bdc66d17ff5b
PL0A.PAC	0x4	801b0000	364	c4f60cd6ec4f9a98
PL0A.PAC	0x4	801b016c	64	ed0908076f86c2dd
PL0A.PAC	0x4	801b01ac	228	4d2ec513b3eb982a
PL0A.PAC	0x4	801b0290	140	0f6b82fdafb7c605
PL0A.PAC	0x4	801b031c	84	cedc6765857e02ca
PL0A.PAC	0x4	801b0370	64	ed0908076f86c2dd
PL0A.PAC	0x4	801b03b0	52	98c4e69364aef7ab
PL0A.PAC	0x4	801b03e4	188	b11d99bab583b808
PL0A.PAC	0x4	801b04a0	448	272cdc018be42af7
PL0A.PAC	0x4	801b0660	64	32d8675844ff1048
PL0A.PAC	0x4	801b06a0	64	2299f4a0a44e4410
PL0A.PAC	0x4	801b06e0	64	f80a131af04e26d5
PL0A.PAC	0x4	801b0720	140	7d7ee361566ede00
PL0A.PAC	0x4	801b07ac	32	20c3a8daad2ca1ef
PL0A.PAC	0x4	801b07cc	64	f80a131af04e26d5
PL0A.PAC	0x4	801b080c	48	5a5ddea2cfd5c3b7
PL0A.PAC	0x4	801b083c	32	20c3a8daad2ca1ef
PL0A.PAC	0x4	801b085c	64	37ec182885e2e2ed
PL0A.PAC	0x4	801b089c	64	f80a131af04e26d5
PL0A.PAC	0x4	801b08dc	48	5a5ddea2cfd5c3b7
PL0A.PAC	0x4	801b090c	32	20c3a8daad2ca1ef
PL0A.PAC	0x4	801b092c	116	c8d753e1f2a0c1a4
PL0A.PAC	0x4	801b09a0	48	5a5ddea2cfd5c3b7
PL0A.PAC	0x4	801b09d0	32	20c3a8daad2ca1ef
PL0A.PAC	0x4	801b09f0	72	adf9a286bf04b9a6
PL0A.PAC	0x4	801b0a38	124	318a1e314b41cff8
PL0A.PAC	0x4	801b0ab4	124	9853c7d295fb77e7
PL0A.PAC	0x4	801b0b30	68	a9a4d8411413a3df
PL0A.PAC	0x4	801b0b74	276	73969ad34efb5789
PL0A.PAC	0x4	801b0c88	72	1843007a0cd541f3
PL0A.PAC	0x4	801b0cd0	8	c0b0db0a4fdd6d58
PL0A.PAC	0x4	801b0cd8	12	623bc7ad00743c72
PL0A.PAC	0x4	801b0ce4	36	33f5189ce7afec43
PL0A.PAC	0x4	801b0d08	20	719d31a9c40f47bc
PL0A.PAC	0x4	801b0d1c	20	719d31a9c40f47bc
PL0A.PAC	0x4	801b0d30	20	719d31a9c40f47bc
PL0A.PAC	0x4	801b0d44	496	2499020af7bf380e
PL0A.PAC	0x4	801b0f34	252	93dd28e0df74c773
PL0A.PAC	0x4	801b1030	148	0eb2884248a47487
PL0A.PAC	0x4	801b10c4	80	27e96ba5d786abd7
PL0A.PAC	0x4	801b1114	88	96b128e594c62769
PL0A.PAC	0x4	801b116c	80	27e96ba5d786abd7
PL0A.PAC	0x4	801b11bc	92	e4d5c1ca22396aca
PL0A.PAC	0x4	801b1218	132	88081f2de535e29b
PL0A.PAC	0x4	801b129c	132	e934b7919a3dd46d
PL0A.PAC	0x4	801b1320	168	6bef93cde27ebd7b
PL0A.PAC	0x4	801b13c8	96	8c3547473649e630
PL0A.PAC	0x4	801b1428	100	e9a33a5b8fadb5dd
PL0A.PAC	0x4	801b148c	68	be35bec8c1b01f5b
PL0A.PAC	0x4	801b14d0	156	e0705ac343beead9
PL0A.PAC	0x4	801b156c	156	631259b39e63a48f
PL0A.PAC	0x4	801b1608	136	2b91f9e32d468ba7
PL0A.PAC	0x4	801b1690	64	946de9087c599ba6
PL0A.PAC	0x4	801b16d0	64	946de9087c599ba6
PL0A.PAC	0x4	801b1710	64	f80a131af04e26d5
PL0A.PAC	0x4	801b1750	192	c3fec78e1a29f94d
PL0A.PAC	0x4	801b1810	124	d18a4f2ed14d63f4
PL0A.PAC	0x4	801b188c	88	8a7e1f30f50ee210
PL0A.PAC	0x4	801b18e4	64	f80a131af04e26d5
PL0A.PAC	0x4	801b1924	64	f80a131af04e26d5
PL0A.PAC	0x4	801b1964	320	139b2f6bf00a9a54
PL0A.PAC	0x4	801b1aa4	88	54fba3fa31e05375
PL0A.PAC	0x4	801b1afc	128	860129c3f76da8c4
PL0A.PAC	0x4	801b1b7c	132	50121200a557bffd
PL0A.PAC	0x4	801b1c00	72	d81cebf3788aaf99
PL0A.PAC	0x4	801b1c48	160	204072b3f73f7a6f
PL0A.PAC	0x4	801b1ce8	284	b10f16af2311f25b
PL0A.PAC	0x4	801b1e04	104	7262b0c58102c5be
PL0A.PAC	0x4	801b1e6c	232	4770f14ff58c614c
PL0A.PAC	0x4	801b1f54	156	0bb481111e9a080c
PL0A.PAC	0x4	801b1ff0	88	8a7e1f30f50ee210
PL0A.PAC	0x4	801b2048	92	0ae84bbb4c871bd5
PL0A.PAC	0x4	801b20a4	64	f80a131af04e26d5
PL0A.PAC	0x4	801b20e4	116	885c31441d4be8ba
PL0A.PAC	0x4	801b2158	336	b90cccb4cca08547
PL0A.PAC	0x4	801b22a8	116	7d2626817fcda305
PL0A.PAC	0x4	801b231c	64	f80a131af04e26d5
PL0A.PAC	0x4	801b235c	116	5a0311e93d141c3c
PL0A.PAC	0x4	801b23d0	108	963839b0c0b4da72
PL0A.PAC	0x4	801b243c	240	3e13e92cf84532b5
PL0A.PAC	0x4	801b252c	144	b0244811260503a0
PL0A.PAC	0x4	801b25bc	64	f80a131af04e26d5
PL0A.PAC	0x4	801b25fc	200	1271bac85c10984b
PL0A.PAC	0x4	801b26c4	320	3fc442dae472187c
PL0A.PAC	0x4	801b2804	220	e92e62243c94f3de
PL0A.PAC	0x4	801b28e0	80	c7dbb8357a1447bf
PL0A.PAC	0x4	801b2930	64	f80a131af04e26d5
PL0A.PAC	0x4	801b2970	200	7e0b42e08d83674f
PL0A.PAC	0x4	801b2a38	296	7fea715cfe5ec871
PL0A.PAC	0x4	801b2b60	148	d079d7a773fe9426
PL0A.PAC	0x4	801b2bf4	88	bcfa08f9b76558be
PL0A.PAC	0x4	801b2c4c	148	3b0be8669e04a6c1
PL0A.PAC	0x4	801b2ce0	68	dca67caccd54c4a5
PL0A.PAC	0x4	801b2d24	64	f80a131af04e26d5
PL0A.PAC	0x4	801b2d64	64	f80a131af04e26d5
PL0A.PAC	0x4	801b2da4	288	f949066ce8a08f91
PL0A.PAC	0x4	801b2ec4	88	54fba3fa31e05375
PL0A.PAC	0x4	801b2f1c	312	4fc7001ff81266e0
PL0A.PAC	0x4	801b3054	76	f3da721276f96630
PL0A.PAC	0x4	801b30a0	72	3398bc34d60de327
PL0A.PAC	0x4	801b30e8	176	e832eb74368cd9f0
PL0A.PAC	0x4	801b3198	68	0bb40224f760bb40
PL0A.PAC	0x4	801b31dc	64	f80a131af04e26d5
PL0A.PAC	0x4	801b321c	44	bcf4190d5cbba29f
PL0A.PAC	0x4	801b3248	108	26e0e59191d1ecba
PL0A.PAC	0x4	801b32b4	68	0021e22aaad340ae
PL0A.PAC	0x4	801b32f8	64	f80a131af04e26d5
PL0A.PAC	0x4	801b3338	104	2da0fa8882e7a3b8
PL0A.PAC	0x4	801b33a0	68	a9a4d8411413a3df
PL0A.PAC	0x4	801b33e4	64	f80a131af04e26d5
PL0A.PAC	0x4	801b3424	84	5de016156c242d40
PL0A.PAC	0x4	801b3478	68	a9a4d8411413a3df
PL0A.PAC	0x4	801b34bc	64	f80a131af04e26d5
PL0A.PAC	0x4	801b34fc	44	bcf4190d5cbba29f
PL0A.PAC	0x4	801b3528	248	949b827ceea62374
PL0A.PAC	0x4	801b3620	188	a93ee92b9f3fb41a
PL0A.PAC	0x4	801b36dc	108	6eecd692ae77f4bf
PL0A.PAC	0x4	801b3748	64	f80a131af04e26d5
PL0A.PAC	0x4	801b3788	116	2a8520eeba232c77
PL0A.PAC	0x4	801b37fc	152	5cea60fb6ac51394
PL0A.PAC	0x4	801b3894	140	cbc72538d5ce670c
PL0A.PAC	0x4	801b3920	240	2453aeeb7c54865d
PL0A.PAC	0x4	801b3a10	64	43e1e4cd9f294bf3
PL0A.PAC	0x4	801b3a50	64	f80a131af04e26d5
PL0A.PAC	0x4	801b3a90	172	00e58055f6ec539b
PL0A.PAC	0x4	801b3b3c	100	554e65d8ab68843d
PL0A.PAC	0x4	801b3ba0	80	547cebdf054190f1
PL0A.PAC	0x4	801b3bf0	68	5bda351f6575676d
PL0A.PAC	0x4	801b3c34	64	f80a131af04e26d5
PL0A.PAC	0x4	801b3c74	92	e6b7df1b005e9199
PL0A.PAC	0x4	801b3cd0	216	31e9348f9cfec086
PL0A.PAC	0x4	801b3da8	88	b976838d82a55615
PL0A.PAC	0x4	801b3e00	68	20f65dd8f07c2c8a
PL0A.PAC	0x4	801b3e44	36	e975c8a8ba63f4d7
PL0A.PAC	0x4	801b3e68	168	e7bbf874dac95a3a
PL0A.PAC	0x4	801b3f10	32	633c2327198dfef9
PL0A.PAC	0x4	801b3f30	32	20c3a8daad2ca1ef
PL0A.PAC	0x4	801b3f50	8	6d64edf91449c1b1
PL0A.PAC	0x4	801b3f58	36	b58afa730b2eab6f
PL0A.PAC	0x4	801b3f7c	84	6e8f7800b7f951e5
PL0A.PAC	0x4	801b3fd0	68	a8832706d4fb6584
PL0A.PAC	0x4	801b4014	64	36d10b5e7bf2e0d2
PL0A.PAC	0x4	801b4054	268	6555372f020e1987
PL0A.PAC	0x4	801b4160	64	8c33c089170d1f9b
PL0A.PAC	0x4	801b41a0	32	20c3a8daad2ca1ef
PL0A.PAC	0x4	801b41c0	32	20c3a8daad2ca1ef
PL0A.PAC	0x4	801b41e0	32	20c3a8daad2ca1ef
PL0A.PAC	0x4	801b4200	32	20c3a8daad2ca1ef
PL0A.PAC	0x4	801b4220	32	20c3a8daad2ca1ef
PL0A.PAC	0x4	801b4240	132	3a69ab2f08b3a36f
PL0A.PAC	0x4	801b42c4	112	6f707a85330fafec
PL0A.PAC	0x4	801b4334	52	ec36064e6986dcd0
PL0A.PAC	0x4	801b4368	64	ca9c4c0a9eec24c8
PL0A.PAC	0x4	801b43a8	96	ed5e995db8cdb2a5
PL0A.PAC	0x4	801b4408	328	0db1280d3b75c791
PL0A.PAC	0x4	801b4550	20	469ab567c4e2c3e0
PL0A.PAC	0x4	801b4564	52	ff4a86c1d74e147f
PL0A.PAC	0x4	801b4598	64	32d8675844ff1048
PL0A.PAC	0x4	801b45d8	64	2299f4a0a44e4410
PL0A.PAC	0x4	801b4618	64	f80a131af04e26d5
PL0A.PAC	0x4	801b4658	144	ccdce6895db1295f
PL0A.PAC	0x4	801b46e8	104	40b6f04ee86a9f17
PL0A.PAC	0x4	801b4750	64	f80a131af04e26d5
PL0A.PAC	0x4	801b4790	48	5a5ddea2cfd5c3b7
PL0A.PAC	0x4	801b47c0	104	40b6f04ee86a9f17
PL0A.PAC	0x4	801b4828	64	331193ca9e0ef830
PL0A.PAC	0x4	801b4868	64	d811b143200dc5e7
PL0A.PAC	0x4	801b48a8	56	095aba7859e6c12d
PL0A.PAC	0x4	801b48e0	104	40b6f04ee86a9f17
PL0A.PAC	0x4	801b4948	64	9b4a80b5df82b7de
PL0A.PAC	0x4	801b4988	64	d811b143200dc5e7
PL0A.PAC	0x4	801b49c8	56	095aba7859e6c12d
PL0A.PAC	0x4	801b4a00	104	40b6f04ee86a9f17
PL0A.PAC	0x4	801b4a68	64	f80a131af04e26d5
PL0A.PAC	0x4	801b4aa8	92	c461c4708e124ef9
PL0A.PAC	0x4	801b4b04	100	a590075825667f06
PL0A.PAC	0x4	801b4b68	188	e7f5b81c8179521f
PL0A.PAC	0x4	801b4c24	68	a9a4d8411413a3df
PL0A.PAC	0x4	801b4c68	132	0c50b666f5e6ed2d
PL0A.PAC	0x4	801b4cec	64	36d10b5e7bf2e0d2
PL0A.PAC	0x4	801b4d2c	52	7a087558684d6aee
PL0A.PAC	0x4	801b4d60	184	360da920539dc290
PL0A.PAC	0x4	801b4e18	32	20c3a8daad2ca1ef
PL0A.PAC	0x4	801b4e38	440	b5c6c6822013bfe8
PL0A.PAC	0x4	801b4ff0	8	6d64edf91449c1b1
PL0A.PAC	0x4	801b4ff8	8	6d64edf91449c1b1
PL0A.PAC	0x4	801b5000	8	6d64edf91449c1b1
PL0A.PAC	0x4	801b5008	64	36d10b5e7bf2e0d2
PL0A.PAC	0x4	801b5048	172	611cb7527f9cd878
PL0A.PAC	0x4	801b50f4	96	1fb7fad0bbad3767
PL0A.PAC	0x4	801b5154	32	20c3a8daad2ca1ef
PL0AX.PAC	0x5	801c8000	364	c4f60cd6ec4f9a98
PL0AX.PAC	0x5	801c816c	64	ed0908076f86c2dd
PL0AX.PAC	0x5	801c81ac	228	4d2ec513b3eb982a
PL0AX.PAC	0x5	801c8290	140	0f6b82fdafb7c605
PL0AX.PAC	0x5	801c831c	84	cedc6765857e02ca
PL0AX.PAC	0x5	801c8370	64	ed0908076f86c2dd
PL0AX.PAC	0x5	801c83b0	52	98c4e69364aef7ab
PL0AX.PAC	0x5	801c83e4	188	b11d99bab583b808
PL0AX.PAC	0x5	801c84a0	448	272cdc018be42af7
PL0AX.PAC	0x5	801c8660	64	32d8675844ff1048
PL0AX.PAC	0x5	801c86a0	64	2299f4a0a44e4410
PL0AX.PAC	0x5	801c86e0	64	f80a131af04e26d5
PL0AX.PAC	0x5	801c8720	140	7d7ee361566ede00
PL0AX.PAC	0x5	801c87ac	32	20c3a8daad2ca1ef
PL0AX.PAC	0x5	801c87cc	64	f80a131af04e26d5
PL0AX.PAC	0x5	801c880c	48	5a5ddea2cfd5c3b7
PL0AX.PAC	0x5	801c883c	32	20c3a8daad2ca1ef
PL0AX.PAC	0x5	801c885c	64	37ec182885e2e2ed
PL0AX.PAC	0x5	801c889c	64	f80a131af04e26d5
PL0AX.PAC	0x5	801c88dc	48	5a5ddea2cfd5c3b7
PL0AX.PAC	0x5	801c890c	32	20c3a8daad2ca1ef
PL0AX.PAC	0x5	801c892c	116	c8d753e1f2a0c1a4
PL0AX.PAC	0x5	801c89a0	48	5a5ddea2cfd5c3b7
PL0AX.PAC	0x5	801c89d0	32	20c3a8daad2ca1ef
PL0AX.PAC	0x5	801c89f0	72	adf9a286bf04b9a6
PL0AX.PAC	0x5	801c8a38	124	318a1e314b41cff8
PL0AX.PAC	0x5	801c8ab4	124	9853c7d295fb77e7
PL0AX.PAC	0x5	801c8b30	68	a9a4d8411413a3df
PL0AX.PAC	0x5	801c8b74	276	73969ad34efb5789
PL0AX.PAC	0x5	801c8c88	72	1843007a0cd541f3
PL0AX.PAC	0x5	801c8cd0	8	c0b0db0a4fdd6d58
PL0AX.PAC	0x5	801c8cd8	12	623bc7ad00743c72
PL0AX.PAC	0x5	801c8ce4	36	33f5189ce7afec43
PL0AX.PAC	0x5	801c8d08	20	719d31a9c40f47bc
PL0AX.PAC	0x5	801c8d1c	20	719d31a9c40f47bc
PL0AX.PAC	0x5	801c8d30	20	719d31a9c40f47bc
PL0AX.PAC	0x5	801c8d44	496	2499020af7bf380e
PL0AX.PAC	0x5	801c8f34	252	93dd28e0df74c773
PL0AX.PAC	0x5	801c9030	148	0eb2884248a47487
PL0AX.PAC	0x5	801c90c4	80	27e96ba5d786abd7
PL0AX.PAC	0x5	801c9114	88	96b128e594c62769
PL0AX.PAC	0x5	801c916c	80	27e96ba5d786abd7
PL0AX.PAC	0x5	801c91bc	92	e4d5c1ca22396aca
PL0AX.PAC	0x5	801c9218	132	88081f2de535e29b
PL0AX.PAC	0x5	801c929c	132	e934b7919a3dd46d
PL0AX.PAC	0x5	801c9320	168	6bef93cde27ebd7b
PL0AX.PAC	0x5	801c93c8	96	8c3547473649e630
PL0AX.PAC	0x5	801c9428	100	e9a33a5b8fadb5dd
PL0AX.PAC	0x5	801c948c	68	be35bec8c1b01f5b
PL0AX.PAC	0x5	801c94d0	156	e0705ac343beead9
PL0AX.PAC	0x5	801c956c	156	631259b39e63a48f
PL0AX.PAC	0x5	801c9608	136	2b91f9e32d468ba7
PL0AX.PAC	0x5	801c9690	64	946de9087c599ba6
PL0AX.PAC	0x5	801c96d0	64	946de9087c599ba6
PL0AX.PAC	0x5	801c9710	64	f80a131af04e26d5
PL0AX.PAC	0x5	801c9750	192	c3fec78e1a29f94d
PL0AX.PAC	0x5	801c9810	124	d18a4f2ed14d63f4
PL0AX.PAC	0x5	801c988c	88	8a7e1f30f50ee210
PL0AX.PAC	0x5	801c98e4	64	f80a131af04e26d5
PL0AX.PAC	0x5	801c9924	64	f80a131af04e26d5
PL0AX.PAC	0x5	801c9964	320	139b2f6bf00a9a54
PL0AX.PAC	0x5	801c9aa4	88	54fba3fa31e05375
PL0AX.PAC	0x5	801c9afc	128	860129c3f76da8c4
PL0AX.PAC	0x5	801c9b7c	132	50121200a557bffd
PL0AX.PAC	0x5	801c9c00	72	d81cebf3788aaf99
PL0AX.PAC	0x5	801c9c48	160	204072b3f73f7a6f
PL0AX.PAC	0x5	801c9ce8	284	b10f16af2311f25b
PL0AX.PAC	0x5	801c9e04	104	7262b0c58102c5be
PL0AX.PAC	0x5	801c9e6c	232	4770f14ff58c614c
PL0AX.PAC	0x5	801c9f54	156	0bb481111e9a080c
PL0AX.PAC	0x5	801c9ff0	88	8a7e1f30f50ee210
PL0AX.PAC	0x5	801ca048	92	0ae84bbb4c871bd5
PL0AX.PAC	0x5	801ca0a4	64	f80a131af04e26d5
PL0AX.PAC	0x5	801ca0e4	116	885c31441d4be8ba
PL0AX.PAC	0x5	801ca158	336	b90cccb4cca08547
PL0AX.PAC	0x5	801ca2a8	116	7d2626817fcda305
PL0AX.PAC	0x5	801ca31c	64	f80a131af04e26d5
PL0AX.PAC	0x5	801ca35c	116	5a0311e93d141c3c
PL0AX.PAC	0x5	801ca3d0	108	963839b0c0b4da72
PL0AX.PAC	0x5	801ca43c	240	3e13e92cf84532b5
PL0AX.PAC	0x5	801ca52c	144	b0244811260503a0
PL0AX.PAC	0x5	801ca5bc	64	f80a131af04e26d5
PL0AX.PAC	0x5	801ca5fc	200	1271bac85c10984b
PL0AX.PAC	0x5	801ca6c4	320	3fc442dae472187c
PL0AX.PAC	0x5	801ca804	220	e92e62243c94f3de
PL0AX.PAC	0x5	801ca8e0	80	c7dbb8357a1447bf
PL0AX.PAC	0x5	801ca930	64	f80a131af04e26d5
PL0AX.PAC	0x5	801ca970	200	7e0b42e08d83674f
PL0AX.PAC	0x5	801caa38	296	7fea715cfe5ec871
PL0AX.PAC	0x5	801cab60	148	d079d7a773fe9426
PL0AX.PAC	0x5	801cabf4	88	bcfa08f9b76558be
PL0AX.PAC	0x5	801cac4c	148	3b0be8669e04a6c1
PL0AX.PAC	0x5	801cace0	68	dca67caccd54c4a5
PL0AX.PAC	0x5	801cad24	64	f80a131af04e26d5
PL0AX.PAC	0x5	801cad64	64	f80a131af04e26d5
PL0AX.PAC	0x5	801cada4	288	f949066ce8a08f91
PL0AX.PAC	0x5	801caec4	88	54fba3fa31e05375
PL0AX.PAC	0x5	801caf1c	312	4fc7001ff81266e0
PL0AX.PAC	0x5	801cb054	76	f3da721276f96630
PL0AX.PAC	0x5	801cb0a0	72	3398bc34d60de327
PL0AX.PAC	0x5	801cb0e8	176	e832eb74368cd9f0
PL0AX.PAC	0x5	801cb198	68	0bb40224f760bb40
PL0AX.PAC	0x5	801cb1dc	64	f80a131af04e26d5
PL0AX.PAC	0x5	801cb21c	44	bcf4190d5cbba29f
PL0AX.PAC	0x5	801cb248	108	26e0e59191d1ecba
PL0AX.PAC	0x5	801cb2b4	68	0021e22aaad340ae
PL0AX.PAC	0x5	801cb2f8	64	f80a131af04e26d5
PL0AX.PAC	0x5	801cb338	104	2da0fa8882e7a3b8
PL0AX.PAC	0x5	801cb3a0	68	a9a4d8411413a3df
PL0AX.PAC	0x5	801cb3e4	64	f80a131af04e26d5
PL0AX.PAC	0x5	801cb424	84	5de016156c242d40
PL0AX.PAC	0x5	801cb478	68	a9a4d8411413a3df
PL0AX.PAC	0x5	801cb4bc	64	f80a131af04e26d5
PL0AX.PAC	0x5	801cb4fc	44	bcf4190d5cbba29f
PL0AX.PAC	0x5	801cb528	248	949b827ceea62374
PL0AX.PAC	0x5	801cb620	188	a93ee92b9f3fb41a
PL0AX.PAC	0x5	801cb6dc	108	6eecd692ae77f4bf
PL0AX.PAC	0x5	801cb748	64	f80a131af04e26d5
PL0AX.PAC	0x5	801cb788	116	2a8520eeba232c77
PL0AX.PAC	0x5	801cb7fc	152	5cea60fb6ac51394
PL0AX.PAC	0x5	801cb894	140	cbc72538d5ce670c
PL0AX.PAC	0x5	801cb920	240	2453aeeb7c54865d
PL0AX.PAC	0x5	801cba10	64	43e1e4cd9f294bf3
PL0AX.PAC	0x5	801cba50	64	f80a131af04e26d5
PL0AX.PAC	0x5	801cba90	172	00e58055f6ec539b
PL0AX.PAC	0x5	801cbb3c	100	554e65d8ab68843d
PL0AX.PAC	0x5	801cbba0	80	547cebdf054190f1
PL0AX.PAC	0x5	801cbbf0	68	5bda351f6575676d
PL0AX.PAC	0x5	801cbc34	64	f80a131af04e26d5
PL0AX.PAC	0x5	801cbc74	92	e6b7df1b005e9199
PL0AX.PAC	0x5	801cbcd0	216	31e9348f9cfec086
PL0AX.PAC	0x5	801cbda8	88	b976838d82a55615
PL0AX.PAC	0x5	801cbe00	68	20f65dd8f07c2c8a
PL0AX.PAC	0x5	801cbe44	36	e975c8a8ba63f4d7
PL0AX.PAC	0x5	801cbe68	168	e7bbf874dac95a3a
PL0AX.PAC	0x5	801cbf10	32	633c2327198dfef9
PL0AX.PAC	0x5	801cbf30	32	20c3a8daad2ca1ef
PL0AX.PAC	0x5	801cbf50	8	6d64edf91449c1b1
PL0AX.PAC	0x5	801cbf58	36	b58afa730b2eab6f
PL0AX.PAC	0x5	801cbf7c	84	6e8f7800b7f951e5
PL0AX.PAC	0x5	801cbfd0	68	a8832706d4fb6584
PL0AX.PAC	0x5	801cc014	64	36d10b5e7bf2e0d2
PL0AX.PAC	0x5	801cc054	268	6555372f020e1987
PL0AX.PAC	0x5	801cc160	64	8c33c089170d1f9b
PL0AX.PAC	0x5	801cc1a0	32	20c3a8daad2ca1ef
PL0AX.PAC	0x5	801cc1c0	32	20c3a8daad2ca1ef
PL0AX.PAC	0x5	801cc1e0	32	20c3a8daad2ca1ef
PL0AX.PAC	0x5	801cc200	32	20c3a8daad2ca1ef
PL0AX.PAC	0x5	801cc220	32	20c3a8daad2ca1ef
PL0AX.PAC	0x5	801cc240	132	3a69ab2f08b3a36f
PL0AX.PAC	0x5	801cc2c4	112	6f707a85330fafec
PL0AX.PAC	0x5	801cc334	52	ec36064e6986dcd0
PL0AX.PAC	0x5	801cc368	64	ca9c4c0a9eec24c8
PL0AX.PAC	0x5	801cc3a8	96	ed5e995db8cdb2a5
PL0AX.PAC	0x5	801cc408	328	0db1280d3b75c791
PL0AX.PAC	0x5	801cc550	20	469ab567c4e2c3e0
PL0AX.PAC	0x5	801cc564	52	ff4a86c1d74e147f
PL0AX.PAC	0x5	801cc598	64	32d8675844ff1048
PL0AX.PAC	0x5	801cc5d8	64	2299f4a0a44e4410
PL0AX.PAC	0x5	801cc618	64	f80a131af04e26d5
PL0AX.PAC	0x5	801cc658	144	ccdce6895db1295f
PL0AX.PAC	0x5	801cc6e8	104	40b6f04ee86a9f17
PL0AX.PAC	0x5	801cc750	64	f80a131af04e26d5
PL0AX.PAC	0x5	801cc790	48	5a5ddea2cfd5c3b7
PL0AX.PAC	0x5	801cc7c0	104	40b6f04ee86a9f17
PL0AX.PAC	0x5	801cc828	64	331193ca9e0ef830
PL0AX.PAC	0x5	801cc868	64	d811b143200dc5e7
PL0AX.PAC	0x5	801cc8a8	56	095aba7859e6c12d
PL0AX.PAC	0x5	801cc8e0	104	40b6f04ee86a9f17
PL0AX.PAC	0x5	801cc948	64	9b4a80b5df82b7de
PL0AX.PAC	0x5	801cc988	64	d811b143200dc5e7
PL0AX.PAC	0x5	801cc9c8	56	095aba7859e6c12d
PL0AX.PAC	0x5	801cca00	104	40b6f04ee86a9f17
PL0AX.PAC	0x5	801cca68	64	f80a131af04e26d5
PL0AX.PAC	0x5	801ccaa8	92	c461c4708e124ef9
PL0AX.PAC	0x5	801ccb04	100	a590075825667f06
PL0AX.PAC	0x5	801ccb68	188	e7f5b81c8179521f
PL0AX.PAC	0x5	801ccc24	68	a9a4d8411413a3df
PL0AX.PAC	0x5	801ccc68	132	0c50b666f5e6ed2d
PL0AX.PAC	0x5	801cccec	64	36d10b5e7bf2e0d2
PL0AX.PAC	0x5	801ccd2c	52	7a087558684d6aee
PL0AX.PAC	0x5	801ccd60	184	360da920539dc290
PL0AX.PAC	0x5	801cce18	32	20c3a8daad2ca1ef
PL0AX.PAC	0x5	801cce38	440	b5c6c6822013bfe8
PL0AX.PAC	0x5	801ccff0	8	6d64edf91449c1b1
PL0AX.PAC	0x5	801ccff8	8	6d64edf91449c1b1
PL0AX.PAC	0x5	801cd000	8	6d64edf91449c1b1
PL0AX.PAC	0x5	801cd008	64	36d10b5e7bf2e0d2
PL0AX.PAC	0x5	801cd048	172	611cb7527f9cd878
PL0AX.PAC	0x5	801cd0f4	96	1fb7fad0bbad3767
PL0AX.PAC	0x5	801cd154	32	20c3a8daad2ca1ef
PL0B.PAC	0x4	801b0000	680	46d3be8ad1132508
PL0B.PAC	0x4	801b02a8	64	ed0908076f86c2dd
PL0B.PAC	0x4	801b02e8	84	cedc6765857e02ca
PL0B.PAC	0x4	801b033c	64	f80a131af04e26d5
PL0B.PAC	0x4	801b037c	44	6de488692703aebf
PL0B.PAC	0x4	801b03a8	80	9d61248bbb4bcb60
PL0B.PAC	0x4	801b03f8	132	7ca1c638c6501c59
PL0B.PAC	0x4	801b047c	108	b53ad2c79fd87fc4
PL0B.PAC	0x4	801b04e8	104	c42493fc05a40092
PL0B.PAC	0x4	801b0550	64	f80a131af04e26d5
PL0B.PAC	0x4	801b0590	44	d56457d9b24d1cf1
PL0B.PAC	0x4	801b05bc	8	6d64edf91449c1b1
PL0B.PAC	0x4	801b05c4	8	6d64edf91449c1b1
PL0B.PAC	0x4	801b05cc	64	ed0908076f86c2dd
PL0B.PAC	0x4	801b060c	52	98c4e69364aef7ab
PL0B.PAC	0x4	801b0640	80	b7aa45574ae4dd80
PL0B.PAC	0x4	801b0690	152	536a7906f785ecb0
PL0B.PAC	0x4	801b0728	100	e5eeed45e67b2577
PL0B.PAC	0x4	801b078c	64	32d8675844ff1048
PL0B.PAC	0x4	801b07cc	64	2299f4a0a44e4410
PL0B.PAC	0x4	801b080c	64	f80a131af04e26d5
PL0B.PAC	0x4	801b084c	136	30427a0c9d20f6d1
PL0B.PAC	0x4	801b08d4	32	20c3a8daad2ca1ef
PL0B.PAC	0x4	801b08f4	68	530b6b66584bdbab
PL0B.PAC	0x4	801b0938	64	f80a131af04e26d5
PL0B.PAC	0x4	801b0978	48	5a5ddea2cfd5c3b7
PL0B.PAC	0x4	801b09a8	32	20c3a8daad2ca1ef
PL0B.PAC	0x4	801b09c8	64	f80a131af04e26d5
PL0B.PAC	0x4	801b0a08	48	5a5ddea2cfd5c3b7
PL0B.PAC	0x4	801b0a38	124	95c3b386b6d5f2fb
PL0B.PAC	0x4	801b0ab4	32	20c3a8daad2ca1ef
PL0B.PAC	0x4	801b0ad4	68	bc0afff0e487516f
PL0B.PAC	0x4	801b0b18	48	5a5ddea2cfd5c3b7
PL0B.PAC	0x4	801b0b48	32	20c3a8daad2ca1ef
PL0B.PAC	0x4	801b0b68	148	e7a5ecd0c05f7001
PL0B.PAC	0x4	801b0bfc	424	4cec7afdb1ddd980
PL0B.PAC	0x4	801b0da4	252	93dd28e0df74c773
PL0B.PAC	0x4	801b0ea0	144	5f1c47da6eecad75
PL0B.PAC	0x4	801b0f30	80	27e96ba5d786abd7
PL0B.PAC	0x4	801b0f80	136	e78b07f176008a37
PL0B.PAC	0x4	801b1008	80	27e96ba5d786abd7
PL0B.PAC	0x4	801b1058	132	07716c5eeb9ccdf9
PL0B.PAC	0x4	801b10dc	116	579f8b7e8499b0c1
PL0B.PAC	0x4	801b1150	148	c907875a0659ed9b
PL0B.PAC	0x4	801b11e4	152	2272137ceaf31feb
PL0B.PAC	0x4	801b127c	120	1fbcc381ecd9f0c3
PL0B.PAC	0x4	801b12f4	140	6162f1f37d265452
PL0B.PAC	0x4	801b1380	140	32ebbc7bf5add6a4
PL0B.PAC	0x4	801b140c	160	20c98ad801d30597
PL0B.PAC	0x4	801b14ac	72	1843007a0cd541f3
PL0B.PAC	0x4	801b14f4	12	267f6a23f7aec3f5
PL0B.PAC	0x4	801b1500	20	719d31a9c40f47bc
PL0B.PAC	0x4	801b1514	40	6019b953ae9ee996
PL0B.PAC	0x4	801b153c	12	623bc7ad00743c72
PL0B.PAC	0x4	801b1548	8	c0b0db0a4fdd6d58
PL0B.PAC	0x4	801b1550	64	946de9087c599ba6
PL0B.PAC	0x4	801b1590	64	f80a131af04e26d5
PL0B.PAC	0x4	801b15d0	232	d953d8399f06a7b8
PL0B.PAC	0x4	801b16b8	64	87fc1018ee463769
PL0B.PAC	0x4	801b16f8	164	7d98cc64058a0562
PL0B.PAC	0x4	801b179c	176	e5d4dc4bb320cbde
PL0B.PAC	0x4	801b184c	92	b5a46cbfe7b33fba
PL0B.PAC	0x4	801b18a8	80	40c55c40ca0dadc5
PL0B.PAC	0x4	801b18f8	64	f80a131af04e26d5
PL0B.PAC	0x4	801b1938	128	d649c06bc74c71cc
PL0B.PAC	0x4	801b19b8	96	9e30c0d7626699b2
PL0B.PAC	0x4	801b1a18	308	f5fc65bb2ff5be00
PL0B.PAC	0x4	801b1b4c	116	7cbb354d70d3c562
PL0B.PAC	0x4	801b1bc0	64	f80a131af04e26d5
PL0B.PAC	0x4	801b1c00	136	88f8b78b46a801ce
PL0B.PAC	0x4	801b1c88	96	9e30c0d7626699b2
PL0B.PAC	0x4	801b1ce8	316	c52fe4a62db2b6ba
PL0B.PAC	0x4	801b1e24	116	7cbb354d70d3c562
PL0B.PAC	0x4	801b1e98	64	f80a131af04e26d5
PL0B.PAC	0x4	801b1ed8	232	0cd7a94643336fc8
PL0B.PAC	0x4	801b1fc0	108	a20b8c5741073238
PL0B.PAC	0x4	801b202c	132	1646a30cb23b1724
PL0B.PAC	0x4	801b20b0	132	7d408e3afd210426
PL0B.PAC	0x4	801b2134	92	b5a46cbfe7b33fba
PL0B.PAC	0x4	801b2190	64	f80a131af04e26d5
PL0B.PAC	0x4	801b21d0	136	54c32baf09fe3db2
PL0B.PAC	0x4	801b2258	148	4acd650473d91d0f
PL0B.PAC	0x4	801b22ec	152	d27485589f35b915
PL0B.PAC	0x4	801b2384	116	7576872fb3d3a396
PL0B.PAC	0x4	801b23f8	104	7ddb6b4908d5eee7
PL0B.PAC	0x4	801b2460	104	93df0ca875fafbc5
PL0B.PAC	0x4	801b24c8	72	6d82b0e5b9c9d586
PL0B.PAC	0x4	801b2510	68	72320fc165af5618
PL0B.PAC	0x4	801b2554	64	f80a131af04e26d5
PL0B.PAC	0x4	801b2594	144	ac4fc44e73b0d8c7
PL0B.PAC	0x4	801b2624	148	406edd624749030e
PL0B.PAC	0x4	801b26b8	128	6d3ab66675a7b894
PL0B.PAC	0x4	801b2738	148	4dd52629d5995f0f
PL0B.PAC	0x4	801b27cc	112	99696133da20fbdd
PL0B.PAC	0x4	801b283c	132	c12fda5fb9d21f96
PL0B.PAC	0x4	801b28c0	172	ae0eff22b981240f
PL0B.PAC	0x4	801b296c	176	cb694d11b84d8cc5
PL0B.PAC	0x4	801b2a1c	172	54029f6836630ffd
PL0B.PAC	0x4	801b2ac8	72	6d82b0e5b9c9d586
PL0B.PAC	0x4	801b2b10	64	f80a131af04e26d5
PL0B.PAC	0x4	801b2b50	92	0aaed5b2c715bf84
PL0B.PAC	0x4	801b2bac	132	9ea9e11198582843
PL0B.PAC	0x4	801b2c30	132	19b558b79aac910e
PL0B.PAC	0x4	801b2cb4	316	71974fe8feafa83b
PL0B.PAC	0x4	801b2df0	68	4ced1f062d07b927
PL0B.PAC	0x4	801b2e34	72	6d82b0e5b9c9d586
PL0B.PAC	0x4	801b2e7c	64	f80a131af04e26d5
PL0B.PAC	0x4	801b2ebc	52	8800ac69ff1e952f
PL0B.PAC	0x4	801b2ef0	132	3ed3760f5841d9a9
PL0B.PAC	0x4	801b2f74	176	cb694d11b84d8cc5
PL0B.PAC	0x4	801b3024	108	c9bb3ef2475c168e
PL0B.PAC	0x4	801b3090	72	6d82b0e5b9c9d586
PL0B.PAC	0x4	801b30d8	64	f80a131af04e26d5
PL0B.PAC	0x4	801b3118	84	52a1e423bda4367e
PL0B.PAC	0x4	801b316c	68	a9a4d8411413a3df
PL0B.PAC	0x4	801b31b0	64	f80a131af04e26d5
PL0B.PAC	0x4	801b31f0	120	118f6072a23dfe96
PL0B.PAC	0x4	801b3268	152	036288263a5bc2e3
PL0B.PAC	0x4	801b3300	140	6fbb69e265e6e2e2
PL0B.PAC	0x4	801b338c	208	30a275a61b211188
PL0B.PAC	0x4	801b345c	64	f80a131af04e26d5
PL0B.PAC	0x4	801b349c	104	6ac5bc450782f932
PL0B.PAC	0x4	801b3504	76	9b3bfe9e656e97f8
PL0B.PAC	0x4	801b3550	392	b4c780a288224d64
PL0B.PAC	0x4	801b36d8	104	e33886c431488e52
PL0B.PAC	0x4	801b3740	104	5d18065fffee1cb6
PL0B.PAC	0x4	801b37a8	68	a9a4d8411413a3df
PL0B.PAC	0x4	801b37ec	36	ef11deace4384d0c
PL0B.PAC	0x4	801b3810	64	36d10b5e7bf2e0d2
PL0B.PAC	0x4	801b3850	416	7ff6b60d72ff6b78
PL0B.PAC	0x4	801b39f0	64	8c33c089170d1f9b
PL0B.PAC	0x4	801b3a30	152	77aae1ba90f84fe2
PL0B.PAC	0x4	801b3ac8	116	68f879b8f3f2d20b
PL0B.PAC	0x4	801b3b3c	72	b47cf830f0383c8e
PL0B.PAC	0x4	801b3b84	56	b1f7f0a880d399fa
PL0B.PAC	0x4	801b3bbc	32	20c3a8daad2ca1ef
PL0B.PAC	0x4	801b3bdc	32	20c3a8daad2ca1ef
PL0B.PAC	0x4	801b3bfc	116	68f879b8f3f2d20b
PL0B.PAC	0x4	801b3c70	80	d01c1a9714dd733e
PL0B.PAC	0x4	801b3cc0	132	7b8dd45453ccd00e
PL0B.PAC	0x4	801b3d44	84	febaee0386ebdd4e
PL0B.PAC	0x4	801b3d98	68	3d6720688014e60b
PL0B.PAC	0x4	801b3ddc	64	14a9ad5a6a8ca5c8
PL0B.PAC	0x4	801b3e1c	108	c034c181eac58e3d
PL0B.PAC	0x4	801b3e88	116	5283fd1071ef59df
PL0B.PAC	0x4	801b3efc	64	ca9c4c0a9eec24c8
PL0B.PAC	0x4	801b3f3c	92	fda822539f28d621
PL0B.PAC	0x4	801b3f98	276	53f167f163b6f6f3
PL0B.PAC	0x4	801b40ac	20	469ab567c4e2c3e0
PL0B.PAC	0x4	801b40c0	52	ff4a86c1d74e147f
PL0B.PAC	0x4	801b40f4	64	32d8675844ff1048
PL0B.PAC	0x4	801b4134	64	2299f4a0a44e4410
PL0B.PAC	0x4	801b4174	64	f80a131af04e26d5
PL0B.PAC	0x4	801b41b4	144	9d07ac022246a100
PL0B.PAC	0x4	801b4244	104	40b6f04ee86a9f17
PL0B.PAC	0x4	801b42ac	64	f80a131af04e26d5
PL0B.PAC	0x4	801b42ec	56	095aba7859e6c12d
PL0B.PAC	0x4	801b4324	104	40b6f04ee86a9f17
PL0B.PAC	0x4	801b438c	68	bc0afff0e487516f
PL0B.PAC	0x4	801b43d0	56	095aba7859e6c12d
PL0B.PAC	0x4	801b4408	104	40b6f04ee86a9f17
PL0B.PAC	0x4	801b4470	140	236e4e9cd3950100
PL0B.PAC	0x4	801b44fc	80	01b38db6e51a6e2c
PL0B.PAC	0x4	801b454c	236	f7b3e8ec559be9d5
PL0B.PAC	0x4	801b4638	64	32a11589aa197860
PL0B.PAC	0x4	801b4678	64	8c33c089170d1f9b
PL0B.PAC	0x4	801b46b8	112	5b21c9311dd3ff71
PL0B.PAC	0x4	801b4728	80	6dcbabe9f985c20f
PL0B.PAC	0x4	801b4778	64	8c33c089170d1f9b
PL0B.PAC	0x4	801b47b8	88	5c8fe1eda44d454c
PL0B.PAC	0x4	801b4810	280	b91d6eb47b6ed3eb
PL0B.PAC	0x4	801b4928	152	3d9151a19e3f940c
PL0B.PAC	0x4	801b49c0	204	01e98331ddd6a9e7
PL0B.PAC	0x4	801b4a8c	64	8c33c089170d1f9b
PL0B.PAC	0x4	801b4acc	88	329ddf83367359b8
PL0B.PAC	0x4	801b4b24	260	d8391da3e4f7b362
PL0B.PAC	0x4	801b4c28	368	37ae69ded74e5d32
PL0B.PAC	0x4	801b4d98	32	20c3a8daad2ca1ef
PL0B.PAC	0x4	801b4db8	84	e0771b9e6e0655fc
PL0B.PAC	0x4	801b4e0c	80	c198a47798617e8a
PL0BX.PAC	0x5	801c8000	680	46d3be8ad1132508
PL0BX.PAC	0x5	801c82a8	64	ed0908076f86c2dd
PL0BX.PAC	0x5	801c82e8	84	cedc6765857e02ca
PL0BX.PAC	0x5	801c833c	64	f80a131af04e26d5
PL0BX.PAC	0x5	801c837c	44	6de488692703aebf
PL0BX.PAC	0x5	801c83a8	80	9d61248bbb4bcb60
PL0BX.PAC	0x5	801c83f8	132	7ca1c638c6501c59
PL0BX.PAC	0x5	801c847c	108	b53ad2c79fd87fc4
PL0BX.PAC	0x5	801c84e8	104	c42493fc05a40092
PL0BX.PAC	0x5	801c8550	64	f80a131af04e26d5
PL0BX.PAC	0x5	801c8590	44	d56457d9b24d1cf1
PL0BX.PAC	0x5	801c85bc	8	6d64edf91449c1b1
PL0BX.PAC	0x5	801c85c4	8	6d64edf91449c1b1
PL0BX.PAC	0x5	801c85cc	64	ed0908076f86c2dd
PL0BX.PAC	0x5	801c860c	52	98c4e69364aef7ab
PL0BX.PAC	0x5	801c8640	80	b7aa45574ae4dd80
PL0BX.PAC	0x5	801c8690	152	536a7906f785ecb0
PL0BX.PAC	0x5	801c8728	100	e5eeed45e67b2577
PL0BX.PAC	0x5	801c878c	64	32d8675844ff1048
PL0BX.PAC	0x5	801c87cc	64	2299f4a0a44e4410
PL0BX.PAC	0x5	801c880c	64	f80a131af04e26d5
PL0BX.PAC	0x5	801c884c	136	30427a0c9d20f6d1
PL0BX.PAC	0x5	801c88d4	32	20c3a8daad2ca1ef
PL0BX.PAC	0x5	801c88f4	68	530b6b66584bdbab
PL0BX.PAC	0x5	801c8938	64	f80a131af04e26d5
PL0BX.PAC	0x5	801c8978	48	5a5ddea2cfd5c3b7
PL0BX.PAC	0x5	801c89a8	32	20c3a8daad2ca1ef
PL0BX.PAC	0x5	801c89c8	64	f80a131af04e26d5
PL0BX.PAC	0x5	801c8a08	48	5a5ddea2cfd5c3b7
PL0BX.PAC	0x5	801c8a38	124	95c3b386b6d5f2fb
PL0BX.PAC	0x5	801c8ab4	32	20c3a8daad2ca1ef
PL0BX.PAC	0x5	801c8ad4	68	bc0afff0e487516f
PL0BX.PAC	0x5	801c8b18	48	5a5ddea2cfd5c3b7
PL0BX.PAC	0x5	801c8b48	32	20c3a8daad2ca1ef
PL0BX.PAC	0x5	801c8b68	148	e7a5ecd0c05f7001
PL0BX.PAC	0x5	801c8bfc	424	4cec7afdb1ddd980
PL0BX.PAC	0x5	801c8da4	252	93dd28e0df74c773
PL0BX.PAC	0x5	801c8ea0	144	5f1c47da6eecad75
PL0BX.PAC	0x5	801c8f30	80	27e96ba5d786abd7
PL0BX.PAC	0x5	801c8f80	136	e78b07f176008a37
PL0BX.PAC	0x5	801c9008	80	27e96ba5d786abd7
PL0BX.PAC	0x5	801c9058	132	07716c5eeb9ccdf9
PL0BX.PAC	0x5	801c90dc	116	579f8b7e8499b0c1
PL0BX.PAC	0x5	801c9150	148	c907875a0659ed9b
PL0BX.PAC	0x5	801c91e4	152	2272137ceaf31feb
PL0BX.PAC	0x5	801c927c	120	1fbcc381ecd9f0c3
PL0BX.PAC	0x5	801c92f4	140	6162f1f37d265452
PL0BX.PAC	0x5	801c9380	140	32ebbc7bf5add6a4
PL0BX.PAC	0x5	801c940c	160	20c98ad801d30597
PL0BX.PAC	0x5	801c94ac	72	1843007a0cd541f3
PL0BX.PAC	0x5	801c94f4	12	267f6a23f7aec3f5
PL0BX.PAC	0x5	801c9500	20	719d31a9c40f47bc
PL0BX.PAC	0x5	801c9514	40	6019b953ae9ee996
PL0BX.PAC	0x5	801c953c	12	623bc7ad00743c72
PL0BX.PAC	0x5	801c9548	8	c0b0db0a4fdd6d58
PL0BX.PAC	0x5	801c9550	64	946de9087c599ba6
PL0BX.PAC	0x5	801c9590	64	f80a131af04e26d5
PL0BX.PAC	0x5	801c95d0	232	d953d8399f06a7b8
PL0BX.PAC	0x5	801c96b8	64	87fc1018ee463769
PL0BX.PAC	0x5	801c96f8	164	7d98cc64058a0562
PL0BX.PAC	0x5	801c979c	176	e5d4dc4bb320cbde
PL0BX.PAC	0x5	801c984c	92	b5a46cbfe7b33fba
PL0BX.PAC	0x5	801c98a8	80	40c55c40ca0dadc5
PL0BX.PAC	0x5	801c98f8	64	f80a131af04e26d5
PL0BX.PAC	0x5	801c9938	128	d649c06bc74c71cc
PL0BX.PAC	0x5	801c99b8	96	9e30c0d7626699b2
PL0BX.PAC	0x5	801c9a18	308	f5fc65bb2ff5be00
PL0BX.PAC	0x5	801c9b4c	116	7cbb354d70d3c562
PL0BX.PAC	0x5	801c9bc0	64	f80a131af04e26d5
PL0BX.PAC	0x5	801c9c00	136	88f8b78b46a801ce
PL0BX.PAC	0x5	801c9c88	96	9e30c0d7626699b2
PL0BX.PAC	0x5	801c9ce8	316	c52fe4a62db2b6ba
PL0BX.PAC	0x5	801c9e24	116	7cbb354d70d3c562
PL0BX.PAC	0x5	801c9e98	64	f80a131af04e26d5
PL0BX.PAC	0x5	801c9ed8	232	0cd7a94643336fc8
PL0BX.PAC	0x5	801c9fc0	108	a20b8c5741073238
PL0BX.PAC	0x5	801ca02c	132	1646a30cb23b1724
PL0BX.PAC	0x5	801ca0b0	132	7d408e3afd210426
PL0BX.PAC	0x5	801ca134	92	b5a46cbfe7b33fba
PL0BX.PAC	0x5	801ca190	64	f80a131af04e26d5
PL0BX.PAC	0x5	801ca1d0	136	54c32baf09fe3db2
PL0BX.PAC	0x5	801ca258	148	4acd650473d91d0f
PL0BX.PAC	0x5	801ca2ec	152	d27485589f35b915
PL0BX.PAC	0x5	801ca384	116	7576872fb3d3a396
PL0BX.PAC	0x5	801ca3f8	104	7ddb6b4908d5eee7
PL0BX.PAC	0x5	801ca460	104	93df0ca875fafbc5
PL0BX.PAC	0x5	801ca4c8	72	6d82b0e5b9c9d586
PL0BX.PAC	0x5	801ca510	68	72320fc165af5618
PL0BX.PAC	0x5	801ca554	64	f80a131af04e26d5
PL0BX.PAC	0x5	801ca594	144	ac4fc44e73b0d8c7
PL0BX.PAC	0x5	801ca624	148	406edd624749030e
PL0BX.PAC	0x5	801ca6b8	128	6d3ab66675a7b894
PL0BX.PAC	0x5	801ca738	148	4dd52629d5995f0f
PL0BX.PAC	0x5	801ca7cc	112	99696133da20fbdd
PL0BX.PAC	0x5	801ca83c	132	c12fda5fb9d21f96
PL0BX.PAC	0x5	801ca8c0	172	ae0eff22b981240f
PL0BX.PAC	0x5	801ca96c	176	cb694d11b84d8cc5
PL0BX.PAC	0x5	801caa1c	172	54029f6836630ffd
PL0BX.PAC	0x5	801caac8	72	6d82b0e5b9c9d586
PL0BX.PAC	0x5	801cab10	64	f80a131af04e26d5
PL0BX.PAC	0x5	801cab50	92	0aaed5b2c715bf84
PL0BX.PAC	0x5	801cabac	132	9ea9e11198582843
PL0BX.PAC	0x5	801cac30	132	19b558b79aac910e
PL0BX.PAC	0x5	801cacb4	316	71974fe8feafa83b
PL0BX.PAC	0x5	801cadf0	68	4ced1f062d07b927
PL0BX.PAC	0x5	801cae34	72	6d82b0e5b9c9d586
PL0BX.PAC	0x5	801cae7c	64	f80a131af04e26d5
PL0BX.PAC	0x5	801caebc	52	8800ac69ff1e952f
PL0BX.PAC	0x5	801caef0	132	3ed3760f5841d9a9
PL0BX.PAC	0x5	801caf74	176	cb694d11b84d8cc5
PL0BX.PAC	0x5	801cb024	108	c9bb3ef2475c168e
PL0BX.PAC	0x5	801cb090	72	6d82b0e5b9c9d586
PL0BX.PAC	0x5	801cb0d8	64	f80a131af04e26d5
PL0BX.PAC	0x5	801cb118	84	52a1e423bda4367e
PL0BX.PAC	0x5	801cb16c	68	a9a4d8411413a3df
PL0BX.PAC	0x5	801cb1b0	64	f80a131af04e26d5
PL0BX.PAC	0x5	801cb1f0	120	118f6072a23dfe96
PL0BX.PAC	0x5	801cb268	152	036288263a5bc2e3
PL0BX.PAC	0x5	801cb300	140	6fbb69e265e6e2e2
PL0BX.PAC	0x5	801cb38c	208	30a275a61b211188
PL0BX.PAC	0x5	801cb45c	64	f80a131af04e26d5
PL0BX.PAC	0x5	801cb49c	104	6ac5bc450782f932
PL0BX.PAC	0x5	801cb504	76	9b3bfe9e656e97f8
PL0BX.PAC	0x5	801cb550	392	b4c780a288224d64
PL0BX.PAC	0x5	801cb6d8	104	e33886c431488e52
PL0BX.PAC	0x5	801cb740	104	5d18065fffee1cb6
PL0BX.PAC	0x5	801cb7a8	68	a9a4d8411413a3df
PL0BX.PAC	0x5	801cb7ec	36	ef11deace4384d0c
PL0BX.PAC	0x5	801cb810	64	36d10b5e7bf2e0d2
PL0BX.PAC	0x5	801cb850	416	7ff6b60d72ff6b78
PL0BX.PAC	0x5	801cb9f0	64	8c33c089170d1f9b
PL0BX.PAC	0x5	801cba30	152	77aae1ba90f84fe2
PL0BX.PAC	0x5	801cbac8	116	68f879b8f3f2d20b
PL0BX.PAC	0x5	801cbb3c	72	b47cf830f0383c8e
PL0BX.PAC	0x5	801cbb84	56	b1f7f0a880d399fa
PL0BX.PAC	0x5	801cbbbc	32	20c3a8daad2ca1ef
PL0BX.PAC	0x5	801cbbdc	32	20c3a8daad2ca1ef
PL0BX.PAC	0x5	801cbbfc	116	68f879b8f3f2d20b
PL0BX.PAC	0x5	801cbc70	80	d01c1a9714dd733e
PL0BX.PAC	0x5	801cbcc0	132	7b8dd45453ccd00e
PL0BX.PAC	0x5	801cbd44	84	febaee0386ebdd4e
PL0BX.PAC	0x5	801cbd98	68	3d6720688014e60b
PL0BX.PAC	0x5	801cbddc	64	14a9ad5a6a8ca5c8
PL0BX.PAC	0x5	801cbe1c	108	c034c181eac58e3d
PL0BX.PAC	0x5	801cbe88	116	5283fd1071ef59df
PL0BX.PAC	0x5	801cbefc	64	ca9c4c0a9eec24c8
PL0BX.PAC	0x5	801cbf3c	92	fda822539f28d621
PL0BX.PAC	0x5	801cbf98	276	53f167f163b6f6f3
PL0BX.PAC	0x5	801cc0ac	20	469ab567c4e2c3e0
PL0BX.PAC	0x5	801cc0c0	52	ff4a86c1d74e147f
PL0BX.PAC	0x5	801cc0f4	64	32d8675844ff1048
PL0BX.PAC	0x5	801cc134	64	2299f4a0a44e4410
PL0BX.PAC	0x5	801cc174	64	f80a131af04e26d5
PL0BX.PAC	0x5	801cc1b4	144	9d07ac022246a100
PL0BX.PAC	0x5	801cc244	104	40b6f04ee86a9f17
PL0BX.PAC	0x5	801cc2ac	64	f80a131af04e26d5
PL0BX.PAC	0x5	801cc2ec	56	095aba7859e6c12d
PL0BX.PAC	0x5	801cc324	104	40b6f04ee86a9f17
PL0BX.PAC	0x5	801cc38c	68	bc0afff0e487516f
PL0BX.PAC	0x5	801cc3d0	56	095aba7859e6c12d
PL0BX.PAC	0x5	801cc408	104	40b6f04ee86a9f17
PL0BX.PAC	0x5	801cc470	140	236e4e9cd3950100
PL0BX.PAC	0x5	801cc4fc	80	01b38db6e51a6e2c
PL0BX.PAC	0x5	801cc54c	236	f7b3e8ec559be9d5
PL0BX.PAC	0x5	801cc638	64	32a11589aa197860
PL0BX.PAC	0x5	801cc678	64	8c33c089170d1f9b
PL0BX.PAC	0x5	801cc6b8	112	5b21c9311dd3ff71
PL0BX.PAC	0x5	801cc728	80	6dcbabe9f985c20f
PL0BX.PAC	0x5	801cc778	64	8c33c089170d1f9b
PL0BX.PAC	0x5	801cc7b8	88	5c8fe1eda44d454c
PL0BX.PAC	0x5	801cc810	280	b91d6eb47b6ed3eb
PL0BX.PAC	0x5	801cc928	152	3d9151a19e3f940c
PL0BX.PAC	0x5	801cc9c0	204	01e98331ddd6a9e7
PL0BX.PAC	0x5	801cca8c	64	8c33c089170d1f9b
PL0BX.PAC	0x5	801ccacc	88	329ddf83367359b8
PL0BX.PAC	0x5	801ccb24	260	d8391da3e4f7b362
PL0BX.PAC	0x5	801ccc28	368	37ae69ded74e5d32
PL0BX.PAC	0x5	801ccd98	32	20c3a8daad2ca1ef
PL0BX.PAC	0x5	801ccdb8	84	e0771b9e6e0655fc
PL0BX.PAC	0x5	801cce0c	80	c198a47798617e8a
PL0C.PAC	0x4	801b0000	316	554bb960988b470d
PL0C.PAC	0x4	801b013c	64	ed0908076f86c2dd
PL0C.PAC	0x4	801b017c	48	50fc02f851e91a41
PL0C.PAC	0x4	801b01ac	180	365651cfcb571040
PL0C.PAC	0x4	801b0260	96	7d53a15c6a08fd37
PL0C.PAC	0x4	801b02c0	64	32d8675844ff1048
PL0C.PAC	0x4	801b0300	64	2299f4a0a44e4410
PL0C.PAC	0x4	801b0340	64	f80a131af04e26d5
PL0C.PAC	0x4	801b0380	144	24180e83e7538cc0
PL0C.PAC	0x4	801b0410	32	20c3a8daad2ca1ef
PL0C.PAC	0x4	801b0430	116	7d1b86f011b41aae
PL0C.PAC	0x4	801b04a4	76	b339d837caac229f
PL0C.PAC	0x4	801b04f0	32	20c3a8daad2ca1ef
PL0C.PAC	0x4	801b0510	128	a18ef6c07ad8555d
PL0C.PAC	0x4	801b0590	68	bc0afff0e487516f
PL0C.PAC	0x4	801b05d4	48	5a5ddea2cfd5c3b7
PL0C.PAC	0x4	801b0604	32	20c3a8daad2ca1ef
PL0C.PAC	0x4	801b0624	148	e7a5ecd0c05f7001
PL0C.PAC	0x4	801b06b8	540	b067f5f0892b8401
PL0C.PAC	0x4	801b08d4	132	8b0c0f1123e874d9
PL0C.PAC	0x4	801b0958	100	12eba83d00f5386f
PL0C.PAC	0x4	801b09bc	104	ea812b63f231278e
PL0C.PAC	0x4	801b0a24	24	5e119bf6e6c46025
PL0C.PAC	0x4	801b0a3c	244	0e9e39276630b56d
PL0C.PAC	0x4	801b0b30	196	414f8fa336bfddcb
PL0C.PAC	0x4	801b0bf4	140	61c676433a0dd0ba
PL0C.PAC	0x4	801b0c80	156	37cbdde2a503796f
PL0C.PAC	0x4	801b0d1c	140	19cd7e7355afab66
PL0C.PAC	0x4	801b0da8	80	27e96ba5d786abd7
PL0C.PAC	0x4	801b0df8	104	affd301a3c4a532a
PL0C.PAC	0x4	801b0e60	80	27e96ba5d786abd7
PL0C.PAC	0x4	801b0eb0	104	ef7707e45cee5697
PL0C.PAC	0x4	801b0f18	132	566d770dbe94d705
PL0C.PAC	0x4	801b0f9c	116	579f8b7e8499b0c1
PL0C.PAC	0x4	801b1010	120	1fbcc381ecd9f0c3
PL0C.PAC	0x4	801b1088	72	1843007a0cd541f3
PL0C.PAC	0x4	801b10d0	12	623bc7ad00743c72
PL0C.PAC	0x4	801b10dc	8	c0b0db0a4fdd6d58
PL0C.PAC	0x4	801b10e4	40	f924c15796d0c9b6
PL0C.PAC	0x4	801b110c	20	719d31a9c40f47bc
PL0C.PAC	0x4	801b1120	64	946de9087c599ba6
PL0C.PAC	0x4	801b1160	64	f80a131af04e26d5
PL0C.PAC	0x4	801b11a0	428	13d36fbcd5104ac5
PL0C.PAC	0x4	801b134c	84	a721e67227f42cb6
PL0C.PAC	0x4	801b13a0	140	076954ff1181aedb
PL0C.PAC	0x4	801b142c	132	2a10eaf11203f978
PL0C.PAC	0x4	801b14b0	96	f58662bd96d63a4d
PL0C.PAC	0x4	801b1510	76	3afd18c278beffdf
PL0C.PAC	0x4	801b155c	64	f80a131af04e26d5
PL0C.PAC	0x4	801b159c	128	9de6f053f072630c
PL0C.PAC	0x4	801b161c	312	3c7dfdda337186d7
PL0C.PAC	0x4	801b1754	128	339b95ff6839ae1a
PL0C.PAC	0x4	801b17d4	104	1ae7313980e6b237
PL0C.PAC	0x4	801b183c	64	f80a131af04e26d5
PL0C.PAC	0x4	801b187c	128	3f0a082a86a5c299
PL0C.PAC	0x4	801b18fc	188	28354dd6b09d4eae
PL0C.PAC	0x4	801b19b8	188	7d5306271cb1d63c
PL0C.PAC	0x4	801b1a74	88	8a7e1f30f50ee210
PL0C.PAC	0x4	801b1acc	64	f80a131af04e26d5
PL0C.PAC	0x4	801b1b0c	84	75a9382a9ce49149
PL0C.PAC	0x4	801b1b60	132	c03c6931910a32e6
PL0C.PAC	0x4	801b1be4	112	1c90b08585727561
PL0C.PAC	0x4	801b1c54	380	ec86b0527b9470dd
PL0C.PAC	0x4	801b1dd0	64	f80a131af04e26d5
PL0C.PAC	0x4	801b1e10	96	a352317bea1301e2
PL0C.PAC	0x4	801b1e70	76	ef55ac992456ee56
PL0C.PAC	0x4	801b1ebc	64	f80a131af04e26d5
PL0C.PAC	0x4	801b1efc	136	24f6daa0cfc85e40
PL0C.PAC	0x4	801b1f84	128	3520404daa63b861
PL0C.PAC	0x4	801b2004	244	0ea0d7bee6620b12
PL0C.PAC	0x4	801b20f8	172	66b3eb695308e492
PL0C.PAC	0x4	801b21a4	108	6117101c1eb7584b
PL0C.PAC	0x4	801b2210	152	1da6e261d1201202
PL0C.PAC	0x4	801b22a8	68	a9a4d8411413a3df
PL0C.PAC	0x4	801b22ec	64	f80a131af04e26d5
PL0C.PAC	0x4	801b232c	188	f22bd4e5ba31d08f
PL0C.PAC	0x4	801b23e8	108	d6b921a4495783a5
PL0C.PAC	0x4	801b2454	64	f80a131af04e26d5
PL0C.PAC	0x4	801b2494	120	118f6072a23dfe96
PL0C.PAC	0x4	801b250c	160	b35ca37b9df55aec
PL0C.PAC	0x4	801b25ac	140	6fbb69e265e6e2e2
PL0C.PAC	0x4	801b2638	208	30a275a61b211188
PL0C.PAC	0x4	801b2708	64	f80a131af04e26d5
PL0C.PAC	0x4	801b2748	92	5617b1fa99436cd6
PL0C.PAC	0x4	801b27a4	48	29bd63da14e6476d
PL0C.PAC	0x4	801b27d4	60	a15c68e4af00b2c9
PL0C.PAC	0x4	801b2810	64	f80a131af04e26d5
PL0C.PAC	0x4	801b2850	116	fd5f3abfbe36b20c
PL0C.PAC	0x4	801b28c4	156	0f8700b9cefe0ec0
PL0C.PAC	0x4	801b2960	76	ef55ac992456ee56
PL0C.PAC	0x4	801b29ac	72	1fe1c2bba6f40d93
PL0C.PAC	0x4	801b29f4	64	f80a131af04e26d5
PL0C.PAC	0x4	801b2a34	100	8eef92941028605b
PL0C.PAC	0x4	801b2a98	128	7c52073403db5599
PL0C.PAC	0x4	801b2b18	140	c12dce41eeeac1b5
PL0C.PAC	0x4	801b2ba4	72	27ed6d2ab9778615
PL0C.PAC	0x4	801b2bec	192	9cec766143131c54
PL0C.PAC	0x4	801b2cac	172	ef28953d959419ed
PL0C.PAC	0x4	801b2d58	152	1da6e261d1201202
PL0C.PAC	0x4	801b2df0	68	a9a4d8411413a3df
PL0C.PAC	0x4	801b2e34	64	f80a131af04e26d5
PL0C.PAC	0x4	801b2e74	116	337a1ab13687bec3
PL0C.PAC	0x4	801b2ee8	112	93ca8387f63e610e
PL0C.PAC	0x4	801b2f58	88	113767d1eea3f46d
PL0C.PAC	0x4	801b2fb0	140	c73580677bf30fd2
PL0C.PAC	0x4	801b303c	280	ba4d72a7f11c1add
PL0C.PAC	0x4	801b3154	96	e50ef23d3c51fca2
PL0C.PAC	0x4	801b31b4	128	c373bcccb727724b
PL0C.PAC	0x4	801b3234	252	67ddfea691fdb780
PL0C.PAC	0x4	801b3330	76	ef55ac992456ee56
PL0C.PAC	0x4	801b337c	68	f45d19ce9c7b8314
PL0C.PAC	0x4	801b33c0	64	f80a131af04e26d5
PL0C.PAC	0x4	801b3400	128	a95c370caeda5d8e
PL0C.PAC	0x4	801b3480	100	675dc635baae4024
PL0C.PAC	0x4	801b34e4	80	22579d7343306d5f
PL0C.PAC	0x4	801b3534	64	ed0908076f86c2dd
PL0C.PAC	0x4	801b3574	52	98c4e69364aef7ab
PL0C.PAC	0x4	801b35a8	88	12a219f87b59abaf
PL0C.PAC	0x4	801b3600	332	f397ae478cf92c10
PL0C.PAC	0x4	801b374c	100	eeafc980fb739e5c
PL0C.PAC	0x4	801b37b0	64	ed0908076f86c2dd
PL0C.PAC	0x4	801b37f0	52	98c4e69364aef7ab
PL0C.PAC	0x4	801b3824	72	f1465ea0eca9573a
PL0C.PAC	0x4	801b386c	84	70ec4eb03177f68a
PL0C.PAC	0x4	801b38c0	252	12f1110900056622
PL0C.PAC	0x4	801b39bc	36	c54f04c517aa0972
PL0C.PAC	0x4	801b39e0	64	36d10b5e7bf2e0d2
PL0C.PAC	0x4	801b3a20	312	c03ab512953298ea
PL0C.PAC	0x4	801b3b58	36	700175137d965fea
PL0C.PAC	0x4	801b3b7c	64	8c33c089170d1f9b
PL0C.PAC	0x4	801b3bbc	120	4ee29be2ea418ad6
PL0C.PAC	0x4	801b3c34	112	1069c0b284256fe1
PL0C.PAC	0x4	801b3ca4	72	b47cf830f0383c8e
PL0C.PAC	0x4	801b3cec	80	842f2f0b2d04e8f3
PL0C.PAC	0x4	801b3d3c	32	20c3a8daad2ca1ef
PL0C.PAC	0x4	801b3d5c	48	29bd63da14e6476d
PL0C.PAC	0x4	801b3d8c	48	29bd63da14e6476d
PL0C.PAC	0x4	801b3dbc	84	febaee0386ebdd4e
PL0C.PAC	0x4	801b3e10	52	c52b044980fe4a2a
PL0C.PAC	0x4	801b3e44	68	46063dfa2f598871
PL0C.PAC	0x4	801b3e88	72	3df03ea0a889b61e
PL0C.PAC	0x4	801b3ed0	132	a8658db44b0ca319
PL0C.PAC	0x4	801b3f54	64	ca9c4c0a9eec24c8
PL0C.PAC	0x4	801b3f94	92	fda822539f28d621
PL0C.PAC	0x4	801b3ff0	216	882ac74703c8f16d
PL0C.PAC	0x4	801b40c8	20	469ab567c4e2c3e0
PL0C.PAC	0x4	801b40dc	52	ff4a86c1d74e147f
PL0C.PAC	0x4	801b4110	64	32d8675844ff1048
PL0C.PAC	0x4	801b4150	64	2299f4a0a44e4410
PL0C.PAC	0x4	801b4190	64	f80a131af04e26d5
PL0C.PAC	0x4	801b41d0	144	4b32205fb6aedcf3
PL0C.PAC	0x4	801b4260	104	40b6f04ee86a9f17
PL0C.PAC	0x4	801b42c8	64	f80a131af04e26d5
PL0C.PAC	0x4	801b4308	112	50de9f11f830f84d
PL0C.PAC	0x4	801b4378	104	40b6f04ee86a9f17
PL0C.PAC	0x4	801b43e0	124	0d072d1cd8b93dbb
PL0C.PAC	0x4	801b445c	68	bc0afff0e487516f
PL0C.PAC	0x4	801b44a0	56	095aba7859e6c12d
PL0C.PAC	0x4	801b44d8	104	40b6f04ee86a9f17
PL0C.PAC	0x4	801b4540	140	236e4e9cd3950100
PL0C.PAC	0x4	801b45cc	64	36d10b5e7bf2e0d2
PL0C.PAC	0x4	801b460c	196	2e2a15e59d563644
PL0C.PAC	0x4	801b46d0	116	936dc6a1679d8bd8
PL0C.PAC	0x4	801b4744	140	002e228ee27fb12e
PL0C.PAC	0x4	801b47d0	52	7abcb954c0aa3343
PL0C.PAC	0x4	801b4804	32	20c3a8daad2ca1ef
PL0CX.PAC	0x5	801c8000	316	554bb960988b470d
PL0CX.PAC	0x5	801c813c	64	ed0908076f86c2dd
PL0CX.PAC	0x5	801c817c	48	50fc02f851e91a41
PL0CX.PAC	0x5	801c81ac	180	365651cfcb571040
PL0CX.PAC	0x5	801c8260	96	7d53a15c6a08fd37
PL0CX.PAC	0x5	801c82c0	64	32d8675844ff1048
PL0CX.PAC	0x5	801c8300	64	2299f4a0a44e4410
PL0CX.PAC	0x5	801c8340	64	f80a131af04e26d5
PL0CX.PAC	0x5	801c8380	144	24180e83e7538cc0
PL0CX.PAC	0x5	801c8410	32	20c3a8daad2ca1ef
PL0CX.PAC	0x5	801c8430	116	7d1b86f011b41aae
PL0CX.PAC	0x5	801c84a4	76	b339d837caac229f
PL0CX.PAC	0x5	801c84f0	32	20c3a8daad2ca1ef
PL0CX.PAC	0x5	801c8510	128	a18ef6c07ad8555d
PL0CX.PAC	0x5	801c8590	68	bc0afff0e487516f
PL0CX.PAC	0x5	801c85d4	48	5a5ddea2cfd5c3b7
PL0CX.PAC	0x5	801c8604	32	20c3a8daad2ca1ef
PL0CX.PAC	0x5	801c8624	148	e7a5ecd0c05f7001
PL0CX.PAC	0x5	801c86b8	540	b067f5f0892b8401
PL0CX.PAC	0x5	801c88d4	132	8b0c0f1123e874d9
PL0CX.PAC	0x5	801c8958	100	12eba83d00f5386f
PL0CX.PAC	0x5	801c89bc	104	ea812b63f231278e
PL0CX.PAC	0x5	801c8a24	24	5e119bf6e6c46025
PL0CX.PAC	0x5	801c8a3c	244	0e9e39276630b56d
PL0CX.PAC	0x5	801c8b30	196	414f8fa336bfddcb
PL0CX.PAC	0x5	801c8bf4	140	61c676433a0dd0ba
PL0CX.PAC	0x5	801c8c80	156	37cbdde2a503796f
PL0CX.PAC	0x5	801c8d1c	140	19cd7e7355afab66
PL0CX.PAC	0x5	801c8da8	80	27e96ba5d786abd7
PL0CX.PAC	0x5	801c8df8	104	affd301a3c4a532a
PL0CX.PAC	0x5	801c8e60	80	27e96ba5d786abd7
PL0CX.PAC	0x5	801c8eb0	104	ef7707e45cee5697
PL0CX.PAC	0x5	801c8f18	132	566d770dbe94d705
PL0CX.PAC	0x5	801c8f9c	116	579f8b7e8499b0c1
PL0CX.PAC	0x5	801c9010	120	1fbcc381ecd9f0c3
PL0CX.PAC	0x5	801c9088	72	1843007a0cd541f3
PL0CX.PAC	0x5	801c90d0	12	623bc7ad00743c72
PL0CX.PAC	0x5	801c90dc	8	c0b0db0a4fdd6d58
PL0CX.PAC	0x5	801c90e4	40	f924c15796d0c9b6
PL0CX.PAC	0x5	801c910c	20	719d31a9c40f47bc
PL0CX.PAC	0x5	801c9120	64	946de9087c599ba6
PL0CX.PAC	0x5	801c9160	64	f80a131af04e26d5
PL0CX.PAC	0x5	801c91a0	428	13d36fbcd5104ac5
PL0CX.PAC	0x5	801c934c	84	a721e67227f42cb6
PL0CX.PAC	0x5	801c93a0	140	076954ff1181aedb
PL0CX.PAC	0x5	801c942c	132	2a10eaf11203f978
PL0CX.PAC	0x5	801c94b0	96	f58662bd96d63a4d
PL0CX.PAC	0x5	801c9510	76	3afd18c278beffdf
PL0CX.PAC	0x5	801c955c	64	f80a131af04e26d5
PL0CX.PAC	0x5	801c959c	128	9de6f053f072630c
PL0CX.PAC	0x5	801c961c	312	3c7dfdda337186d7
PL0CX.PAC	0x5	801c9754	128	339b95ff6839ae1a
PL0CX.PAC	0x5	801c97d4	104	1ae7313980e6b237
PL0CX.PAC	0x5	801c983c	64	f80a131af04e26d5
PL0CX.PAC	0x5	801c987c	128	3f0a082a86a5c299
PL0CX.PAC	0x5	801c98fc	188	28354dd6b09d4eae
PL0CX.PAC	0x5	801c99b8	188	7d5306271cb1d63c
PL0CX.PAC	0x5	801c9a74	88	8a7e1f30f50ee210
PL0CX.PAC	0x5	801c9acc	64	f80a131af04e26d5
PL0CX.PAC	0x5	801c9b0c	84	75a9382a9ce49149
PL0CX.PAC	0x5	801c9b60	132	c03c6931910a32e6
PL0CX.PAC	0x5	801c9be4	112	1c90b08585727561
PL0CX.PAC	0x5	801c9c54	380	ec86b0527b9470dd
PL0CX.PAC	0x5	801c9dd0	64	f80a131af04e26d5
PL0CX.PAC	0x5	801c9e10	96	a352317bea1301e2
PL0CX.PAC	0x5	801c9e70	76	ef55ac992456ee56
PL0CX.PAC	0x5	801c9ebc	64	f80a131af04e26d5
PL0CX.PAC	0x5	801c9efc	136	24f6daa0cfc85e40
PL0CX.PAC	0x5	801c9f84	128	3520404daa63b861
PL0CX.PAC	0x5	801ca004	244	0ea0d7bee6620b12
PL0CX.PAC	0x5	801ca0f8	172	66b3eb695308e492
PL0CX.PAC	0x5	801ca1a4	108	6117101c1eb7584b
PL0CX.PAC	0x5	801ca210	152	1da6e261d1201202
PL0CX.PAC	0x5	801ca2a8	68	a9a4d8411413a3df
PL0CX.PAC	0x5	801ca2ec	64	f80a131af04e26d5
PL0CX.PAC	0x5	801ca32c	188	f22bd4e5ba31d08f
PL0CX.PAC	0x5	801ca3e8	108	d6b921a4495783a5
PL0CX.PAC	0x5	801ca454	64	f80a131af04e26d5
PL0CX.PAC	0x5	801ca494	120	118f6072a23dfe96
PL0CX.PAC	0x5	801ca50c	160	b35ca37b9df55aec
PL0CX.PAC	0x5	801ca5ac	140	6fbb69e265e6e2e2
PL0CX.PAC	0x5	801ca638	208	30a275a61b211188
PL0CX.PAC	0x5	801ca708	64	f80a131af04e26d5
PL0CX.PAC	0x5	801ca748	92	5617b1fa99436cd6
PL0CX.PAC	0x5	801ca7a4	48	29bd63da14e6476d
PL0CX.PAC	0x5	801ca7d4	60	a15c68e4af00b2c9
PL0CX.PAC	0x5	801ca810	64	f80a131af04e26d5
PL0CX.PAC	0x5	801ca850	116	fd5f3abfbe36b20c
PL0CX.PAC	0x5	801ca8c4	156	0f8700b9cefe0ec0
PL0CX.PAC	0x5	801ca960	76	ef55ac992456ee56
PL0CX.PAC	0x5	801ca9ac	72	1fe1c2bba6f40d93
PL0CX.PAC	0x5	801ca9f4	64	f80a131af04e26d5
PL0CX.PAC	0x5	801caa34	100	8eef92941028605b
PL0CX.PAC	0x5	801caa98	128	7c52073403db5599
PL0CX.PAC	0x5	801cab18	140	c12dce41eeeac1b5
PL0CX.PAC	0x5	801caba4	72	27ed6d2ab9778615
PL0CX.PAC	0x5	801cabec	192	9cec766143131c54
PL0CX.PAC	0x5	801cacac	172	ef28953d959419ed
PL0CX.PAC	0x5	801cad58	152	1da6e261d1201202
PL0CX.PAC	0x5	801cadf0	68	a9a4d8411413a3df
PL0CX.PAC	0x5	801cae34	64	f80a131af04e26d5
PL0CX.PAC	0x5	801cae74	116	337a1ab13687bec3
PL0CX.PAC	0x5	801caee8	112	93ca8387f63e610e
PL0CX.PAC	0x5	801caf58	88	113767d1eea3f46d
PL0CX.PAC	0x5	801cafb0	140	c73580677bf30fd2
PL0CX.PAC	0x5	801cb03c	280	ba4d72a7f11c1add
PL0CX.PAC	0x5	801cb154	96	e50ef23d3c51fca2
PL0CX.PAC	0x5	801cb1b4	128	c373bcccb727724b
PL0CX.PAC	0x5	801cb234	252	67ddfea691fdb780
PL0CX.PAC	0x5	801cb330	76	ef55ac992456ee56
PL0CX.PAC	0x5	801cb37c	68	f45d19ce9c7b8314
PL0CX.PAC	0x5	801cb3c0	64	f80a131af04e26d5
PL0CX.PAC	0x5	801cb400	128	a95c370caeda5d8e
PL0CX.PAC	0x5	801cb480	100	675dc635baae4024
PL0CX.PAC	0x5	801cb4e4	80	22579d7343306d5f
PL0CX.PAC	0x5	801cb534	64	ed0908076f86c2dd
PL0CX.PAC	0x5	801cb574	52	98c4e69364aef7ab
PL0CX.PAC	0x5	801cb5a8	88	12a219f87b59abaf
PL0CX.PAC	0x5	801cb600	332	f397ae478cf92c10
PL0CX.PAC	0x5	801cb74c	100	eeafc980fb739e5c
PL0CX.PAC	0x5	801cb7b0	64	ed0908076f86c2dd
PL0CX.PAC	0x5	801cb7f0	52	98c4e69364aef7ab
PL0CX.PAC	0x5	801cb824	72	f1465ea0eca9573a
PL0CX.PAC	0x5	801cb86c	84	70ec4eb03177f68a
PL0CX.PAC	0x5	801cb8c0	252	12f1110900056622
PL0CX.PAC	0x5	801cb9bc	36	c54f04c517aa0972
PL0CX.PAC	0x5	801cb9e0	64	36d10b5e7bf2e0d2
PL0CX.PAC	0x5	801cba20	312	c03ab512953298ea
PL0CX.PAC	0x5	801cbb58	36	700175137d965fea
PL0CX.PAC	0x5	801cbb7c	64	8c33c089170d1f9b
PL0CX.PAC	0x5	801cbbbc	120	4ee29be2ea418ad6
PL0CX.PAC	0x5	801cbc34	112	1069c0b284256fe1
PL0CX.PAC	0x5	801cbca4	72	b47cf830f0383c8e
PL0CX.PAC	0x5	801cbcec	80	842f2f0b2d04e8f3
PL0CX.PAC	0x5	801cbd3c	32	20c3a8daad2ca1ef
PL0CX.PAC	0x5	801cbd5c	48	29bd63da14e6476d
PL0CX.PAC	0x5	801cbd8c	48	29bd63da14e6476d
PL0CX.PAC	0x5	801cbdbc	84	febaee0386ebdd4e
PL0CX.PAC	0x5	801cbe10	52	c52b044980fe4a2a
PL0CX.PAC	0x5	801cbe44	68	46063dfa2f598871
PL0CX.PAC	0x5	801cbe88	72	3df03ea0a889b61e
PL0CX.PAC	0x5	801cbed0	132	a8658db44b0ca319
PL0CX.PAC	0x5	801cbf54	64	ca9c4c0a9eec24c8
PL0CX.PAC	0x5	801cbf94	92	fda822539f28d621
PL0CX.PAC	0x5	801cbff0	216	882ac74703c8f16d
PL0CX.PAC	0x5	801cc0c8	20	469ab567c4e2c3e0
PL0CX.PAC	0x5	801cc0dc	52	ff4a86c1d74e147f
PL0CX.PAC	0x5	801cc110	64	32d8675844ff1048
PL0CX.PAC	0x5	801cc150	64	2299f4a0a44e4410
PL0CX.PAC	0x5	801cc190	64	f80a131af04e26d5
PL0CX.PAC	0x5	801cc1d0	144	4b32205fb6aedcf3
PL0CX.PAC	0x5	801cc260	104	40b6f04ee86a9f17
PL0CX.PAC	0x5	801cc2c8	64	f80a131af04e26d5
PL0CX.PAC	0x5	801cc308	112	50de9f11f830f84d
PL0CX.PAC	0x5	801cc378	104	40b6f04ee86a9f17
PL0CX.PAC	0x5	801cc3e0	124	0d072d1cd8b93dbb
PL0CX.PAC	0x5	801cc45c	68	bc0afff0e487516f
PL0CX.PAC	0x5	801cc4a0	56	095aba7859e6c12d
PL0CX.PAC	0x5	801cc4d8	104	40b6f04ee86a9f17
PL0CX.PAC	0x5	801cc540	140	236e4e9cd3950100
PL0CX.PAC	0x5	801cc5cc	64	36d10b5e7bf2e0d2
PL0CX.PAC	0x5	801cc60c	196	2e2a15e59d563644
PL0CX.PAC	0x5	801cc6d0	116	936dc6a1679d8bd8
PL0CX.PAC	0x5	801cc744	140	002e228ee27fb12e
PL0CX.PAC	0x5	801cc7d0	52	7abcb954c0aa3343
PL0CX.PAC	0x5	801cc804	32	20c3a8daad2ca1ef
PL0D.PAC	0x4	801b0000	320	d9f2c4a145ef6acd
PL0D.PAC	0x4	801b0140	64	ed0908076f86c2dd
PL0D.PAC	0x4	801b0180	140	cb6b7b354ae1a205
PL0D.PAC	0x4	801b020c	172	8c2aeec6c17ab655
PL0D.PAC	0x4	801b02b8	80	41156d6cb723efb7
PL0D.PAC	0x4	801b0308	128	8ac20dae8e2b799d
PL0D.PAC	0x4	801b0388	64	43e1e4cd9f294bf3
PL0D.PAC	0x4	801b03c8	64	7ec1257c5bc0f60d
PL0D.PAC	0x4	801b0408	68	530b6b66584bdbab
PL0D.PAC	0x4	801b044c	64	f80a131af04e26d5
PL0D.PAC	0x4	801b048c	64	f80a131af04e26d5
PL0D.PAC	0x4	801b04cc	136	45a2a253fd7111ca
PL0D.PAC	0x4	801b0554	32	20c3a8daad2ca1ef
PL0D.PAC	0x4	801b0574	136	329dc36e3373eaca
PL0D.PAC	0x4	801b05fc	88	16d407c2528105d3
PL0D.PAC	0x4	801b0654	64	13414143bc705b78
PL0D.PAC	0x4	801b0694	68	530b6b66584bdbab
PL0D.PAC	0x4	801b06d8	64	f80a131af04e26d5
PL0D.PAC	0x4	801b0718	264	96a064aee0400123
PL0D.PAC	0x4	801b0820	32	20c3a8daad2ca1ef
PL0D.PAC	0x4	801b0840	124	39ce474f3986de36
PL0D.PAC	0x4	801b08bc	68	bc0afff0e487516f
PL0D.PAC	0x4	801b0900	48	5a5ddea2cfd5c3b7
PL0D.PAC	0x4	801b0930	32	20c3a8daad2ca1ef
PL0D.PAC	0x4	801b0950	136	0adc09a12fd1952a
PL0D.PAC	0x4	801b09d8	452	fbb132bef4e19247
PL0D.PAC	0x4	801b0b9c	128	2bd13bb8a08f23c3
PL0D.PAC	0x4	801b0c1c	236	d53489b06a45d8b4
PL0D.PAC	0x4	801b0d08	64	072b0c3799191132
PL0D.PAC	0x4	801b0d48	104	3b558f419abfb4b3
PL0D.PAC	0x4	801b0db0	64	072b0c3799191132
PL0D.PAC	0x4	801b0df0	104	cec7cda4120c01c5
PL0D.PAC	0x4	801b0e58	112	eab83019e8403da3
PL0D.PAC	0x4	801b0ec8	112	376374d62cc58474
PL0D.PAC	0x4	801b0f38	136	4570c514ee4ff6d0
PL0D.PAC	0x4	801b0fc0	136	94b897600f866c00
PL0D.PAC	0x4	801b1048	132	ad6662e5c82875c9
PL0D.PAC	0x4	801b10cc	140	1df19efa44516db1
PL0D.PAC	0x4	801b1158	72	1843007a0cd541f3
PL0D.PAC	0x4	801b11a0	12	7af2433601e2eac3
PL0D.PAC	0x4	801b11ac	20	719d31a9c40f47bc
PL0D.PAC	0x4	801b11c0	8	c0b0db0a4fdd6d58
PL0D.PAC	0x4	801b11c8	12	267f6a23f7aec3f5
PL0D.PAC	0x4	801b11d4	64	946de9087c599ba6
PL0D.PAC	0x4	801b1214	64	946de9087c599ba6
PL0D.PAC	0x4	801b1254	64	f80a131af04e26d5
PL0D.PAC	0x4	801b1294	204	4631b8119c614e57
PL0D.PAC	0x4	801b1360	84	489d3d9a16425e7d
PL0D.PAC	0x4	801b13b4	64	f80a131af04e26d5
PL0D.PAC	0x4	801b13f4	100	c9edea52447ad640
PL0D.PAC	0x4	801b1458	232	5815ee81ee2c9073
PL0D.PAC	0x4	801b1540	100	3bf88204ed5ec9c9
PL0D.PAC	0x4	801b15a4	340	b1c2955b8854ac12
PL0D.PAC	0x4	801b16f8	136	9366c116dd2b7b49
PL0D.PAC	0x4	801b1780	64	f80a131af04e26d5
PL0D.PAC	0x4	801b17c0	108	5f1400e17683f7d7
PL0D.PAC	0x4	801b182c	164	e8f2c7e45c98a7c6
PL0D.PAC	0x4	801b18d0	140	6fbb69e265e6e2e2
PL0D.PAC	0x4	801b195c	156	c741791fbfabf524
PL0D.PAC	0x4	801b19f8	108	274ca87ab53d8d1f
PL0D.PAC	0x4	801b1a64	64	f80a131af04e26d5
PL0D.PAC	0x4	801b1aa4	112	7dee08f712e1c797
PL0D.PAC	0x4	801b1b14	104	514a0c7970cd4e4c
PL0D.PAC	0x4	801b1b7c	156	8e75b1a94ab899cd
PL0D.PAC	0x4	801b1c18	68	ade39b0441d6af50
PL0D.PAC	0x4	801b1c5c	64	f80a131af04e26d5
PL0D.PAC	0x4	801b1c9c	112	bdda9ec2379c3d5e
PL0D.PAC	0x4	801b1d0c	64	13414143bc705b78
PL0D.PAC	0x4	801b1d4c	64	f80a131af04e26d5
PL0D.PAC	0x4	801b1d8c	148	c9099c1bc233c5cd
PL0D.PAC	0x4	801b1e20	216	0293dbedacb649d2
PL0D.PAC	0x4	801b1ef8	196	7cb0131be93bf6e8
PL0D.PAC	0x4	801b1fbc	92	d36353eb53e7a179
PL0D.PAC	0x4	801b2018	88	67a34e46442f1f75
PL0D.PAC	0x4	801b2070	64	f80a131af04e26d5
PL0D.PAC	0x4	801b20b0	124	330b430d16fa5cdf
PL0D.PAC	0x4	801b212c	180	6019156ed69d8607
PL0D.PAC	0x4	801b21e0	216	1709b24263133533
PL0D.PAC	0x4	801b22b8	92	d36353eb53e7a179
PL0D.PAC	0x4	801b2314	64	f80a131af04e26d5
PL0D.PAC	0x4	801b2354	96	e5b0042cc41c1b74
PL0D.PAC	0x4	801b23b4	140	673b83fa707c6fc0
PL0D.PAC	0x4	801b2440	152	ce39b1f065d9648a
PL0D.PAC	0x4	801b24d8	328	dddef26cbcd53bcd
PL0D.PAC	0x4	801b2620	64	13414143bc705b78
PL0D.PAC	0x4	801b2660	64	f80a131af04e26d5
PL0D.PAC	0x4	801b26a0	120	4023bb81f4bd52f1
PL0D.PAC	0x4	801b2718	124	a2f562ec4ec04a36
PL0D.PAC	0x4	801b2794	356	299929597ddfebe4
PL0D.PAC	0x4	801b28f8	172	a9e286d0fb6455e7
PL0D.PAC	0x4	801b29a4	88	0da5a95d18faefc3
PL0D.PAC	0x4	801b29fc	160	ddcc610a2bc47a2c
PL0D.PAC	0x4	801b2a9c	68	d44127bd19628afc
PL0D.PAC	0x4	801b2ae0	64	f80a131af04e26d5
PL0D.PAC	0x4	801b2b20	104	231923636a71ecf9
PL0D.PAC	0x4	801b2b88	116	9f5def04cb1999e0
PL0D.PAC	0x4	801b2bfc	144	07179988385674d5
PL0D.PAC	0x4	801b2c8c	92	55abbcf04528dfd8
PL0D.PAC	0x4	801b2ce8	88	731be71242c9bc21
PL0D.PAC	0x4	801b2d40	76	048347bbf1afbbe2
PL0D.PAC	0x4	801b2d8c	64	f80a131af04e26d5
PL0D.PAC	0x4	801b2dcc	80	8ba26bfd1f665fb5
PL0D.PAC	0x4	801b2e1c	64	13414143bc705b78
PL0D.PAC	0x4	801b2e5c	64	2aaf8d7718c53cdb
PL0D.PAC	0x4	801b2e9c	64	f80a131af04e26d5
PL0D.PAC	0x4	801b2edc	112	b44721b19456c751
PL0D.PAC	0x4	801b2f4c	232	9625f4f7bcfe25f6
PL0D.PAC	0x4	801b3034	140	1ba89750712750dd
PL0D.PAC	0x4	801b30c0	140	31d004601de4b2c2
PL0D.PAC	0x4	801b314c	156	87fcb5ca6a32634e
PL0D.PAC	0x4	801b31e8	156	33cb3915dc2f106e
PL0D.PAC	0x4	801b3284	120	bbd653b89fdd01c3
PL0D.PAC	0x4	801b32fc	76	07477b9beb7c7b1a
PL0D.PAC	0x4	801b3348	120	f518d174d9bd06f3
PL0D.PAC	0x4	801b33c0	64	f80a131af04e26d5
PL0D.PAC	0x4	801b3400	124	d031f42acee44214
PL0D.PAC	0x4	801b347c	276	08da7853e916984b
PL0D.PAC	0x4	801b3590	124	8e8873eb7e4f75b8
PL0D.PAC	0x4	801b360c	120	8f50304be597d10e
PL0D.PAC	0x4	801b3684	64	13414143bc705b78
PL0D.PAC	0x4	801b36c4	52	5e28173def70bf05
PL0D.PAC	0x4	801b36f8	32	20c3a8daad2ca1ef
PL0D.PAC	0x4	801b3718	32	20c3a8daad2ca1ef
PL0D.PAC	0x4	801b3738	64	ed0908076f86c2dd
PL0D.PAC	0x4	801b3778	52	98c4e69364aef7ab
PL0D.PAC	0x4	801b37ac	60	8edcc0aa591b2ad8
PL0D.PAC	0x4	801b37e8	248	3426722c9d5df640
PL0D.PAC	0x4	801b38e0	64	865297f38344de9f
PL0D.PAC	0x4	801b3920	112	008f2b41d0c113ce
PL0D.PAC	0x4	801b3990	56	154b3651e14fb221
PL0D.PAC	0x4	801b39c8	76	17c9174780d5d210
PL0D.PAC	0x4	801b3a14	344	e660860bd4f8588b
PL0D.PAC	0x4	801b3b6c	36	57f311538929a4c6
PL0D.PAC	0x4	801b3b90	64	36d10b5e7bf2e0d2
PL0D.PAC	0x4	801b3bd0	316	6757501fd964cd1d
PL0D.PAC	0x4	801b3d0c	44	e92b466f586485b3
PL0D.PAC	0x4	801b3d38	64	8c33c089170d1f9b
PL0D.PAC	0x4	801b3d78	152	fcb2eb2ba367bfa2
PL0D.PAC	0x4	801b3e10	104	c5c20ffa34a04250
PL0D.PAC	0x4	801b3e78	72	74c6c9eb6a014178
PL0D.PAC	0x4	801b3ec0	60	58077df7b533c571
PL0D.PAC	0x4	801b3efc	32	20c3a8daad2ca1ef
PL0D.PAC	0x4	801b3f1c	48	29bd63da14e6476d
PL0D.PAC	0x4	801b3f4c	48	29bd63da14e6476d
PL0D.PAC	0x4	801b3f7c	84	febaee0386ebdd4e
PL0D.PAC	0x4	801b3fd0	96	48564def2efe85f5
PL0D.PAC	0x4	801b4030	64	14a9ad5a6a8ca5c8
PL0D.PAC	0x4	801b4070	76	34c82447390402c1
PL0D.PAC	0x4	801b40bc	84	0f90625ede1e325d
PL0D.PAC	0x4	801b4110	80	01b38db6e51a6e2c
PL0D.PAC	0x4	801b4160	140	91c1383c4a764918
PL0D.PAC	0x4	801b41ec	180	5c1b90f2aa82aa6d
PL0D.PAC	0x4	801b42a0	20	469ab567c4e2c3e0
PL0D.PAC	0x4	801b42b4	60	166c6009818e6ac6
PL0D.PAC	0x4	801b42f0	8	b8b8afcd3d768f52
PL0D.PAC	0x4	801b42f8	60	3d8d1633520ee744
PL0D.PAC	0x4	801b4334	64	43e1e4cd9f294bf3
PL0D.PAC	0x4	801b4374	64	7ec1257c5bc0f60d
PL0D.PAC	0x4	801b43b4	68	530b6b66584bdbab
PL0D.PAC	0x4	801b43f8	64	f80a131af04e26d5
PL0D.PAC	0x4	801b4438	144	9a781833695c625c
PL0D.PAC	0x4	801b44c8	100	3d55b71f9b5bcad5
PL0D.PAC	0x4	801b452c	64	f80a131af04e26d5
PL0D.PAC	0x4	801b456c	132	f9db1b08a4e65f48
PL0D.PAC	0x4	801b45f0	128	453cca50a470d80b
PL0D.PAC	0x4	801b4670	100	c63d50ed22e63cfa
PL0D.PAC	0x4	801b46d4	68	530b6b66584bdbab
PL0D.PAC	0x4	801b4718	64	f80a131af04e26d5
PL0D.PAC	0x4	801b4758	220	c5079207c7abe0ab
PL0D.PAC	0x4	801b4834	100	3d55b71f9b5bcad5
PL0D.PAC	0x4	801b4898	116	5f2b618aad765bec
PL0D.PAC	0x4	801b490c	72	9811f0a9b7239b75
PL0D.PAC	0x4	801b4954	64	f80a131af04e26d5
PL0D.PAC	0x4	801b4994	56	095aba7859e6c12d
PL0D.PAC	0x4	801b49cc	100	c63d50ed22e63cfa
PL0D.PAC	0x4	801b4a30	136	f4f5be12b2ff94b4
PL0D.PAC	0x4	801b4ab8	64	36d10b5e7bf2e0d2
PL0D.PAC	0x4	801b4af8	112	da798eb293580610
PL0D.PAC	0x4	801b4b68	120	f527bd450f5e15b8
PL0D.PAC	0x4	801b4be0	156	405c4463866fb965
PL0D.PAC	0x4	801b4c7c	60	ba0592c9a8ab3d43
PL0D.PAC	0x4	801b4cb8	160	fa0a4edc684e18cb
PL0D.PAC	0x4	801b4d58	32	20c3a8daad2ca1ef
PL0D.PAC	0x4	801b4d78	20	469ab567c4e2c3e0
PL0D.PAC	0x4	801b4d8c	32	20c3a8daad2ca1ef
PL0DX.PAC	0x5	801c8000	320	d9f2c4a145ef6acd
PL0DX.PAC	0x5	801c8140	64	ed0908076f86c2dd
PL0DX.PAC	0x5	801c8180	140	cb6b7b354ae1a205
PL0DX.PAC	0x5	801c820c	172	8c2aeec6c17ab655
PL0DX.PAC	0x5	801c82b8	80	41156d6cb723efb7
PL0DX.PAC	0x5	801c8308	128	8ac20dae8e2b799d
PL0DX.PAC	0x5	801c8388	64	43e1e4cd9f294bf3
PL0DX.PAC	0x5	801c83c8	64	7ec1257c5bc0f60d
PL0DX.PAC	0x5	801c8408	68	530b6b66584bdbab
PL0DX.PAC	0x5	801c844c	64	f80a131af04e26d5
PL0DX.PAC	0x5	801c848c	64	f80a131af04e26d5
PL0DX.PAC	0x5	801c84cc	136	45a2a253fd7111ca
PL0DX.PAC	0x5	801c8554	32	20c3a8daad2ca1ef
PL0DX.PAC	0x5	801c8574	136	329dc36e3373eaca
PL0DX.PAC	0x5	801c85fc	88	16d407c2528105d3
PL0DX.PAC	0x5	801c8654	64	13414143bc705b78
PL0DX.PAC	0x5	801c8694	68	530b6b66584bdbab
PL0DX.PAC	0x5	801c86d8	64	f80a131af04e26d5
PL0DX.PAC	0x5	801c8718	264	96a064aee0400123
PL0DX.PAC	0x5	801c8820	32	20c3a8daad2ca1ef
PL0DX.PAC	0x5	801c8840	124	39ce474f3986de36
PL0DX.PAC	0x5	801c88bc	68	bc0afff0e487516f
PL0DX.PAC	0x5	801c8900	48	5a5ddea2cfd5c3b7
PL0DX.PAC	0x5	801c8930	32	20c3a8daad2ca1ef
PL0DX.PAC	0x5	801c8950	136	0adc09a12fd1952a
PL0DX.PAC	0x5	801c89d8	452	fbb132bef4e19247
PL0DX.PAC	0x5	801c8b9c	128	2bd13bb8a08f23c3
PL0DX.PAC	0x5	801c8c1c	236	d53489b06a45d8b4
PL0DX.PAC	0x5	801c8d08	64	072b0c3799191132
PL0DX.PAC	0x5	801c8d48	104	3b558f419abfb4b3
PL0DX.PAC	0x5	801c8db0	64	072b0c3799191132
PL0DX.PAC	0x5	801c8df0	104	cec7cda4120c01c5
PL0DX.PAC	0x5	801c8e58	112	eab83019e8403da3
PL0DX.PAC	0x5	801c8ec8	112	376374d62cc58474
PL0DX.PAC	0x5	801c8f38	136	4570c514ee4ff6d0
PL0DX.PAC	0x5	801c8fc0	136	94b897600f866c00
PL0DX.PAC	0x5	801c9048	132	ad6662e5c82875c9
PL0DX.PAC	0x5	801c90cc	140	1df19efa44516db1
PL0DX.PAC	0x5	801c9158	72	1843007a0cd541f3
PL0DX.PAC	0x5	801c91a0	12	7af2433601e2eac3
PL0DX.PAC	0x5	801c91ac	20	719d31a9c40f47bc
PL0DX.PAC	0x5	801c91c0	8	c0b0db0a4fdd6d58
PL0DX.PAC	0x5	801c91c8	12	267f6a23f7aec3f5
PL0DX.PAC	0x5	801c91d4	64	946de9087c599ba6
PL0DX.PAC	0x5	801c9214	64	946de9087c599ba6
PL0DX.PAC	0x5	801c9254	64	f80a131af04e26d5
PL0DX.PAC	0x5	801c9294	204	4631b8119c614e57
PL0DX.PAC	0x5	801c9360	84	489d3d9a16425e7d
PL0DX.PAC	0x5	801c93b4	64	f80a131af04e26d5
PL0DX.PAC	0x5	801c93f4	100	c9edea52447ad640
PL0DX.PAC	0x5	801c9458	232	5815ee81ee2c9073
PL0DX.PAC	0x5	801c9540	100	3bf88204ed5ec9c9
PL0DX.PAC	0x5	801c95a4	340	b1c2955b8854ac12
PL0DX.PAC	0x5	801c96f8	136	9366c116dd2b7b49
PL0DX.PAC	0x5	801c9780	64	f80a131af04e26d5
PL0DX.PAC	0x5	801c97c0	108	5f1400e17683f7d7
PL0DX.PAC	0x5	801c982c	164	e8f2c7e45c98a7c6
PL0DX.PAC	0x5	801c98d0	140	6fbb69e265e6e2e2
PL0DX.PAC	0x5	801c995c	156	c741791fbfabf524
PL0DX.PAC	0x5	801c99f8	108	274ca87ab53d8d1f
PL0DX.PAC	0x5	801c9a64	64	f80a131af04e26d5
PL0DX.PAC	0x5	801c9aa4	112	7dee08f712e1c797
PL0DX.PAC	0x5	801c9b14	104	514a0c7970cd4e4c
PL0DX.PAC	0x5	801c9b7c	156	8e75b1a94ab899cd
PL0DX.PAC	0x5	801c9c18	68	ade39b0441d6af50
PL0DX.PAC	0x5	801c9c5c	64	f80a131af04e26d5
PL0DX.PAC	0x5	801c9c9c	112	bdda9ec2379c3d5e
PL0DX.PAC	0x5	801c9d0c	64	13414143bc705b78
PL0DX.PAC	0x5	801c9d4c	64	f80a131af04e26d5
PL0DX.PAC	0x5	801c9d8c	148	c9099c1bc233c5cd
PL0DX.PAC	0x5	801c9e20	216	0293dbedacb649d2
PL0DX.PAC	0x5	801c9ef8	196	7cb0131be93bf6e8
PL0DX.PAC	0x5	801c9fbc	92	d36353eb53e7a179
PL0DX.PAC	0x5	801ca018	88	67a34e46442f1f75
PL0DX.PAC	0x5	801ca070	64	f80a131af04e26d5
PL0DX.PAC	0x5	801ca0b0	124	330b430d16fa5cdf
PL0DX.PAC	0x5	801ca12c	180	6019156ed69d8607
PL0DX.PAC	0x5	801ca1e0	216	1709b24263133533
PL0DX.PAC	0x5	801ca2b8	92	d36353eb53e7a179
PL0DX.PAC	0x5	801ca314	64	f80a131af04e26d5
PL0DX.PAC	0x5	801ca354	96	e5b0042cc41c1b74
PL0DX.PAC	0x5	801ca3b4	140	673b83fa707c6fc0
PL0DX.PAC	0x5	801ca440	152	ce39b1f065d9648a
PL0DX.PAC	0x5	801ca4d8	328	dddef26cbcd53bcd
PL0DX.PAC	0x5	801ca620	64	13414143bc705b78
PL0DX.PAC	0x5	801ca660	64	f80a131af04e26d5
PL0DX.PAC	0x5	801ca6a0	120	4023bb81f4bd52f1
PL0DX.PAC	0x5	801ca718	124	a2f562ec4ec04a36
PL0DX.PAC	0x5	801ca794	356	299929597ddfebe4
PL0DX.PAC	0x5	801ca8f8	172	a9e286d0fb6455e7
PL0DX.PAC	0x5	801ca9a4	88	0da5a95d18faefc3
PL0DX.PAC	0x5	801ca9fc	160	ddcc610a2bc47a2c
PL0DX.PAC	0x5	801caa9c	68	d44127bd19628afc
PL0DX.PAC	0x5	801caae0	64	f80a131af04e26d5
PL0DX.PAC	0x5	801cab20	104	231923636a71ecf9
PL0DX.PAC	0x5	801cab88	116	9f5def04cb1999e0
PL0DX.PAC	0x5	801cabfc	144	07179988385674d5
PL0DX.PAC	0x5	801cac8c	92	55abbcf04528dfd8
PL0DX.PAC	0x5	801cace8	88	731be71242c9bc21
PL0DX.PAC	0x5	801cad40	76	048347bbf1afbbe2
PL0DX.PAC	0x5	801cad8c	64	f80a131af04e26d5
PL0DX.PAC	0x5	801cadcc	80	8ba26bfd1f665fb5
PL0DX.PAC	0x5	801cae1c	64	13414143bc705b78
PL0DX.PAC	0x5	801cae5c	64	2aaf8d7718c53cdb
PL0DX.PAC	0x5	801cae9c	64	f80a131af04e26d5
PL0DX.PAC	0x5	801caedc	112	b44721b19456c751
PL0DX.PAC	0x5	801caf4c	232	9625f4f7bcfe25f6
PL0DX.PAC	0x5	801cb034	140	1ba89750712750dd
PL0DX.PAC	0x5	801cb0c0	140	31d004601de4b2c2
PL0DX.PAC	0x5	801cb14c	156	87fcb5ca6a32634e
PL0DX.PAC	0x5	801cb1e8	156	33cb3915dc2f106e
PL0DX.PAC	0x5	801cb284	120	bbd653b89fdd01c3
PL0DX.PAC	0x5	801cb2fc	76	07477b9beb7c7b1a
PL0DX.PAC	0x5	801cb348	120	f518d174d9bd06f3
PL0DX.PAC	0x5	801cb3c0	64	f80a131af04e26d5
PL0DX.PAC	0x5	801cb400	124	d031f42acee44214
PL0DX.PAC	0x5	801cb47c	276	08da7853e916984b
PL0DX.PAC	0x5	801cb590	124	8e8873eb7e4f75b8
PL0DX.PAC	0x5	801cb60c	120	8f50304be597d10e
PL0DX.PAC	0x5	801cb684	64	13414143bc705b78
PL0DX.PAC	0x5	801cb6c4	52	5e28173def70bf05
PL0DX.PAC	0x5	801cb6f8	32	20c3a8daad2ca1ef
PL0DX.PAC	0x5	801cb718	32	20c3a8daad2ca1ef
PL0DX.PAC	0x5	801cb738	64	ed0908076f86c2dd
PL0DX.PAC	0x5	801cb778	52	98c4e69364aef7ab
PL0DX.PAC	0x5	801cb7ac	60	8edcc0aa591b2ad8
PL0DX.PAC	0x5	801cb7e8	248	3426722c9d5df640
PL0DX.PAC	0x5	801cb8e0	64	865297f38344de9f
PL0DX.PAC	0x5	801cb920	112	008f2b41d0c113ce
PL0DX.PAC	0x5	801cb990	56	154b3651e14fb221
PL0DX.PAC	0x5	801cb9c8	76	17c9174780d5d210
PL0DX.PAC	0x5	801cba14	344	e660860bd4f8588b
PL0DX.PAC	0x5	801cbb6c	36	57f311538929a4c6
PL0DX.PAC	0x5	801cbb90	64	36d10b5e7bf2e0d2
PL0DX.PAC	0x5	801cbbd0	316	6757501fd964cd1d
PL0DX.PAC	0x5	801cbd0c	44	e92b466f586485b3
PL0DX.PAC	0x5	801cbd38	64	8c33c089170d1f9b
PL0DX.PAC	0x5	801cbd78	152	fcb2eb2ba367bfa2
PL0DX.PAC	0x5	801cbe10	104	c5c20ffa34a04250
PL0DX.PAC	0x5	801cbe78	72	74c6c9eb6a014178
PL0DX.PAC	0x5	801cbec0	60	58077df7b533c571
PL0DX.PAC	0x5	801cbefc	32	20c3a8daad2ca1ef
PL0DX.PAC	0x5	801cbf1c	48	29bd63da14e6476d
PL0DX.PAC	0x5	801cbf4c	48	29bd63da14e6476d
PL0DX.PAC	0x5	801cbf7c	84	febaee0386ebdd4e
PL0DX.PAC	0x5	801cbfd0	96	48564def2efe85f5
PL0DX.PAC	0x5	801cc030	64	14a9ad5a6a8ca5c8
PL0DX.PAC	0x5	801cc070	76	34c82447390402c1
PL0DX.PAC	0x5	801cc0bc	84	0f90625ede1e325d
PL0DX.PAC	0x5	801cc110	80	01b38db6e51a6e2c
PL0DX.PAC	0x5	801cc160	140	91c1383c4a764918
PL0DX.PAC	0x5	801cc1ec	180	5c1b90f2aa82aa6d
PL0DX.PAC	0x5	801cc2a0	20	469ab567c4e2c3e0
PL0DX.PAC	0x5	801cc2b4	60	166c6009818e6ac6
PL0DX.PAC	0x5	801cc2f0	8	b8b8afcd3d768f52
PL0DX.PAC	0x5	801cc2f8	60	3d8d1633520ee744
PL0DX.PAC	0x5	801cc334	64	43e1e4cd9f294bf3
PL0DX.PAC	0x5	801cc374	64	7ec1257c5bc0f60d
PL0DX.PAC	0x5	801cc3b4	68	530b6b66584bdbab
PL0DX.PAC	0x5	801cc3f8	64	f80a131af04e26d5
PL0DX.PAC	0x5	801cc438	144	9a781833695c625c
PL0DX.PAC	0x5	801cc4c8	100	3d55b71f9b5bcad5
PL0DX.PAC	0x5	801cc52c	64	f80a131af04e26d5
PL0DX.PAC	0x5	801cc56c	132	f9db1b08a4e65f48
PL0DX.PAC	0x5	801cc5f0	128	453cca50a470d80b
PL0DX.PAC	0x5	801cc670	100	c63d50ed22e63cfa
PL0DX.PAC	0x5	801cc6d4	68	530b6b66584bdbab
PL0DX.PAC	0x5	801cc718	64	f80a131af04e26d5
PL0DX.PAC	0x5	801cc758	220	c5079207c7abe0ab
PL0DX.PAC	0x5	801cc834	100	3d55b71f9b5bcad5
PL0DX.PAC	0x5	801cc898	116	5f2b618aad765bec
PL0DX.PAC	0x5	801cc90c	72	9811f0a9b7239b75
PL0DX.PAC	0x5	801cc954	64	f80a131af04e26d5
PL0DX.PAC	0x5	801cc994	56	095aba7859e6c12d
PL0DX.PAC	0x5	801cc9cc	100	c63d50ed22e63cfa
PL0DX.PAC	0x5	801cca30	136	f4f5be12b2ff94b4
PL0DX.PAC	0x5	801ccab8	64	36d10b5e7bf2e0d2
PL0DX.PAC	0x5	801ccaf8	112	da798eb293580610
PL0DX.PAC	0x5	801ccb68	120	f527bd450f5e15b8
PL0DX.PAC	0x5	801ccbe0	156	405c4463866fb965
PL0DX.PAC	0x5	801ccc7c	60	ba0592c9a8ab3d43
PL0DX.PAC	0x5	801cccb8	160	fa0a4edc684e18cb
PL0DX.PAC	0x5	801ccd58	32	20c3a8daad2ca1ef
PL0DX.PAC	0x5	801ccd78	20	469ab567c4e2c3e0
PL0DX.PAC	0x5	801ccd8c	32	20c3a8daad2ca1ef
PL0E.PAC	0x2b	80077000	64	43e1e4cd9f294bf3
PL0E.PAC	0x2b	80077040	64	7ec1257c5bc0f60d
PL0E.PAC	0x2b	80077080	68	530b6b66584bdbab
PL0E.PAC	0x2b	800770c4	64	f80a131af04e26d5
PL0E.PAC	0x2b	80077104	144	e94cf395d84c5dbe
PL0E.PAC	0x2b	80077194	100	3d55b71f9b5bcad5
PL0E.PAC	0x2b	800771f8	64	2b2bf31a7e8af8c8
PL0E.PAC	0x2b	80077238	68	530b6b66584bdbab
PL0E.PAC	0x2b	8007727c	64	f80a131af04e26d5
PL0E.PAC	0x2b	800772bc	228	8e9847bf3d8fc726
PL0E.PAC	0x2b	800773a0	100	3d55b71f9b5bcad5
PL0E.PAC	0x2b	80077404	64	76f913059aaff8ff
PL0E.PAC	0x2b	80077444	64	a8c2321748a5bc3f
PL0E.PAC	0x2b	80077484	68	530b6b66584bdbab
PL0E.PAC	0x2b	800774c8	64	f80a131af04e26d5
PL0E.PAC	0x2b	80077508	56	095aba7859e6c12d
PL0E.PAC	0x2b	80077540	100	3d55b71f9b5bcad5
PL0E.PAC	0x2b	800775a4	68	530b6b66584bdbab
PL0E.PAC	0x2b	800775e8	64	f80a131af04e26d5
PL0E.PAC	0x2b	80077628	56	095aba7859e6c12d
PL0E.PAC	0x2b	80077660	100	3d55b71f9b5bcad5
PL0E.PAC	0x2b	800776c4	64	f80a131af04e26d5
PL0E.PAC	0x2b	80077704	116	4ab044b0bd6d0c27
PL0E.PAC	0x2b	80077778	80	01b3ff54034df04e
PL0E.PAC	0x2b	800777c8	96	25799272ae2d2338
PL0E.PAC	0x2b	80077828	64	13414143bc705b78
PL0E.PAC	0x2b	80077868	160	59445214e2127229
PL0E.PAC	0x2b	80077908	68	b83c48dae7afe13c
PL0E.PAC	0x2b	8007794c	88	6006adc2f9216ed6
PL0E.PAC	0x2b	800779a4	344	432ff968dd657274
PL0E.PAC	0x2b	80077afc	64	8c33c089170d1f9b
PL0E.PAC	0x2b	80077b3c	188	57fbe7e6e524bda4
PL0E.PAC	0x2b	80077bf8	32	20c3a8daad2ca1ef
PL0E.PAC	0x2b	80077c18	32	20c3a8daad2ca1ef
PL0E.PAC	0x2b	80077c38	108	e88f334f68249083
PL0E.PAC	0x2b	80077ca4	96	2e4723765237738a
PL0E.PAC	0x2b	80077d04	100	6356d04f6790dc19
PL0E.PAC	0x2b	80077d68	108	e88f334f68249083
PL0E.PAC	0x2b	80077dd4	124	7b8a3b36febb7ac9
PL0E.PAC	0x2b	80077e50	128	d52ec139c61a550c
PL0E.PAC	0x2b	80077ed0	108	c7066b483500917f
PL0E.PAC	0x2b	80077f3c	144	d070ea258109a393
PL0E.PAC	0x2b	80077fcc	132	ad19379ab44aaabf
PL0E.PAC	0x2b	80078050	112	f867c5d638fadae3
PL0E.PAC	0x2b	800780c0	76	34c82447390402c1
PL0E.PAC	0x2b	8007810c	92	934675f8b960b46e
PL0E.PAC	0x2b	80078168	280	d7c076b8e9d76607
PL0E.PAC	0x2b	80078280	64	8c33c089170d1f9b
PL0E.PAC	0x2b	800782c0	120	b6fe3fa6bee05482
PL0E.PAC	0x2b	80078338	132	69c85afcfeaace2c
PL0E.PAC	0x2b	800783bc	128	ab422d01322eb076
PL0E.PAC	0x2b	8007843c	64	13414143bc705b78
PL0E.PAC	0x2b	8007847c	28	bab37aa764256f0e
PL0E.PAC	0x2b	80078498	28	bab37aa764256f0e
PL0E.PAC	0x2b	800784b4	28	bab37aa764256f0e
PL0E.PAC	0x2b	800784d0	28	bab37aa764256f0e
PL0E.PAC	0x2b	800784ec	44	4d7dee1eeb9bcb52
PL0E.PAC	0x2b	80078518	60	8b31ba6f4a851ce7
PL0E.PAC	0x2b	80078554	68	20f65dd8f07c2c8a
PL0E.PAC	0x2b	80078598	80	01b38db6e51a6e2c
PL0E.PAC	0x2b	800785e8	108	7a67a811ff19d7df
PL0E.PAC	0x2b	80078654	224	1c85a1267a32060f
PL0E.PAC	0x2b	80078734	20	469ab567c4e2c3e0
PL0E.PAC	0x2b	80078748	60	9ee63ce3f2bd3abb
PL0E.PAC	0x2b	80078784	8	b8b8afcd3d768f52
PL0E.PAC	0x2b	8007878c	60	3d8d1633520ee744
PL0E.PAC	0x2b	800787c8	80	01b38db6e51a6e2c
PL0E.PAC	0x2b	80078818	160	8ca98cf40740a030
PL0E.PAC	0x2b	800788b8	56	532f314da78b101c
PL0E.PAC	0x2b	800788f0	44	79db90f3463a6d81
PL0E.PAC	0x2b	8007891c	32	20c3a8daad2ca1ef
PL0E.PAC	0x2b	8007893c	60	7884c941acba5d83
PL0E.PAC	0x2b	80078978	104	ddb9819f78e4be67
PL0E.PAC	0x2b	800789e0	52	d1a782081143a2e2
PL0E.PAC	0x2b	80078a14	104	9dc96ce0add2373a
PL0E.PAC	0x2b	80078a7c	76	1e8d6a6a580e8d2b
PL0E.PAC	0x2b	80078ac8	136	e7fec4c5e2fd4ef7
PL0E.PAC	0x2b	80078b50	64	8c33c089170d1f9b
PL0E.PAC	0x2b	80078b90	32	20c3a8daad2ca1ef
PL0E.PAC	0x2b	80078bb0	44	a11f8be527b450cd
PL0E.PAC	0x2b	80078bdc	64	2ad851fdc68730c6
PL0E.PAC	0x2b	80078c1c	64	2ad851fdc68730c6
PL0E.PAC	0x2b	80078c5c	64	8c33c089170d1f9b
PL0E.PAC	0x2b	80078c9c	160	85331beb16a1a58f
PL0E.PAC	0x2b	80078d3c	160	0657f0094f99cd5a
PL0E.PAC	0x2b	80078ddc	148	a4ee72bd6e0e0f71
PL0E.PAC	0x2b	80078e70	64	8c33c089170d1f9b
PL0E.PAC	0x2b	80078eb0	92	2980ffe73a954094
PL0E.PAC	0x2b	80078f0c	32	20c3a8daad2ca1ef
PL0E.PAC	0x2b	80078f2c	32	20c3a8daad2ca1ef
PL0E.PAC	0x2b	80078f4c	64	8c33c089170d1f9b
PL0E.PAC	0x2b	80078f8c	272	a24d5311c7ee5f52
PL0E.PAC	0x2b	8007909c	68	b117fafe41c5fc2c
PL0E.PAC	0x2b	800790e0	100	035fbf033798c863
PL0E.PAC	0x2b	80079144	196	f1790a3efc0eed4d
PL0E.PAC	0x2b	80079208	76	6d7f614fda86ca79
PL0E.PAC	0x2b	80079254	64	8c33c089170d1f9b
PL0E.PAC	0x2b	80079294	160	6df020603f8be63a
PL0E.PAC	0x2b	80079334	160	7852e9a3a62a51a8
PL0E.PAC	0x2b	800793d4	204	09faa96e41448399
PL0E.PAC	0x2b	800794a0	64	2ad851fdc68730c6
PL0E.PAC	0x2b	800794e0	148	a4ee72bd6e0e0f71
PL0E.PAC	0x2b	80079574	32	20c3a8daad2ca1ef
PL0E.PAC	0x2b	80079594	32	20c3a8daad2ca1ef
PL0E.PAC	0x2b	800795b4	68	20f65dd8f07c2c8a
PL0E.PAC	0x2b	800795f8	236	cb3aa879f54191b2
PL0E.PAC	0x2b	800796e4	288	29dabd52b0a630a2
PL0E.PAC	0x4	801b0000	348	7ab3adad9009c4d0
PL0E.PAC	0x4	801b015c	64	ed0908076f86c2dd
PL0E.PAC	0x4	801b019c	76	b3ad06d9087bd2d0
PL0E.PAC	0x4	801b01e8	156	0cbc438adafceefd
PL0E.PAC	0x4	801b0284	80	0cb42b3cbc9670e3
PL0E.PAC	0x4	801b02d4	64	ed0908076f86c2dd
PL0E.PAC	0x4	801b0314	52	98c4e69364aef7ab
PL0E.PAC	0x4	801b0348	244	2ceff70bda0d516d
PL0E.PAC	0x4	801b043c	140	9e976f4cd7976e86
PL0E.PAC	0x4	801b04c8	336	7dd6f0b8eae6ea4e
PL0E.PAC	0x4	801b0618	84	ed7b8d3486506dee
PL0E.PAC	0x4	801b066c	276	0ab8b4d858807064
PL0E.PAC	0x4	801b0780	60	c67e7a56c9025d5c
PL0E.PAC	0x4	801b07bc	152	caf928fc965526b9
PL0E.PAC	0x4	801b0854	168	865778698203b890
PL0E.PAC	0x4	801b08fc	120	78f9e2840bd96896
PL0E.PAC	0x4	801b0974	136	ab45fd020b0bf548
PL0E.PAC	0x4	801b09fc	36	303c4ec2ea313bab
PL0E.PAC	0x4	801b0a20	72	19b744ff1aa04efc
PL0E.PAC	0x4	801b0a68	44	b2910c87677999b2
PL0E.PAC	0x4	801b0a94	124	eeca9dca6839f0da
PL0E.PAC	0x4	801b0b10	168	b6490453c26e0fe7
PL0E.PAC	0x4	801b0bb8	32	20c3a8daad2ca1ef
PL0E.PAC	0x4	801b0bd8	240	59d803f33226d6ac
PL0E.PAC	0x4	801b0cc8	8	6d64edf91449c1b1
PL0E.PAC	0x4	801b0cd0	116	be9b83ba71618454
PL0E.PAC	0x4	801b0d44	64	ed0908076f86c2dd
PL0E.PAC	0x4	801b0d84	52	98c4e69364aef7ab
PL0E.PAC	0x4	801b0db8	60	8edcc0aa591b2ad8
PL0E.PAC	0x4	801b0df4	76	7f25897057da2207
PL0E.PAC	0x4	801b0e40	156	7958967edaf88b6f
PL0E.PAC	0x4	801b0edc	276	d7293edff3d271e2
PL0E.PAC	0x4	801b0ff0	84	dcb12a15f6cc4c68
PL0E.PAC	0x4	801b1044	144	c65384ee0c002f75
PL0E.PAC	0x4	801b10d4	140	7ee93af3b808b9a1
PL0E.PAC	0x4	801b1160	100	c7da16f14e729d40
PL0E.PAC	0x4	801b11c4	100	b365a065da8a85b6
PL0E.PAC	0x4	801b1228	8	6d64edf91449c1b1
PL0E.PAC	0x4	801b1230	64	43e1e4cd9f294bf3
PL0E.PAC	0x4	801b1270	64	7ec1257c5bc0f60d
PL0E.PAC	0x4	801b12b0	68	530b6b66584bdbab
PL0E.PAC	0x4	801b12f4	64	f80a131af04e26d5
PL0E.PAC	0x4	801b1334	136	fc92ffa031265831
PL0E.PAC	0x4	801b13bc	140	da6e55f34fb81bee
PL0E.PAC	0x4	801b1448	64	2b2bf31a7e8af8c8
PL0E.PAC	0x4	801b1488	68	530b6b66584bdbab
PL0E.PAC	0x4	801b14cc	64	f80a131af04e26d5
PL0E.PAC	0x4	801b150c	248	1fd6097178e985c9
PL0E.PAC	0x4	801b1604	140	e9dffcacd60912c6
PL0E.PAC	0x4	801b1690	64	76f913059aaff8ff
PL0E.PAC	0x4	801b16d0	64	a8c2321748a5bc3f
PL0E.PAC	0x4	801b1710	68	530b6b66584bdbab
PL0E.PAC	0x4	801b1754	64	f80a131af04e26d5
PL0E.PAC	0x4	801b1794	48	5a5ddea2cfd5c3b7
PL0E.PAC	0x4	801b17c4	140	e9dffcacd60912c6
PL0E.PAC	0x4	801b1850	68	530b6b66584bdbab
PL0E.PAC	0x4	801b1894	64	f80a131af04e26d5
PL0E.PAC	0x4	801b18d4	48	5a5ddea2cfd5c3b7
PL0E.PAC	0x4	801b1904	140	e9dffcacd60912c6
PL0E.PAC	0x4	801b1990	64	f80a131af04e26d5
PL0E.PAC	0x4	801b19d0	128	8d5b590532775ee2
PL0E.PAC	0x4	801b1a50	80	e5cecacf64c093bb
PL0E.PAC	0x4	801b1aa0	96	25799272ae2d2338
PL0E.PAC	0x4	801b1b00	64	13414143bc705b78
PL0E.PAC	0x4	801b1b40	188	acd3c08232888c03
PL0E.PAC	0x4	801b1bfc	68	cb96e3ff9348f955
PL0E.PAC	0x4	801b1c40	68	3094f770136cdf6d
PL0E.PAC	0x4	801b1c84	576	7656b05831caeded
PL0E.PAC	0x4	801b1ec4	120	f0762f9e4dd7da49
PL0E.PAC	0x4	801b1f3c	100	b882356d991fb724
PL0E.PAC	0x4	801b1fa0	104	1a748f4d3dea90b7
PL0E.PAC	0x4	801b2008	180	1991138794100fe5
PL0E.PAC	0x4	801b20bc	128	71f330775cacdf08
PL0E.PAC	0x4	801b213c	152	625dfa1696208e0c
PL0E.PAC	0x4	801b21d4	136	cc3152e736052ce4
PL0E.PAC	0x4	801b225c	136	5cc0512d4a5d095b
PL0E.PAC	0x4	801b22e4	100	2ffc71c328180220
PL0E.PAC	0x4	801b2348	104	7e11304d811a872e
PL0E.PAC	0x4	801b23b0	120	da9242b54b399d8a
PL0E.PAC	0x4	801b2428	120	43a432139e7fb269
PL0E.PAC	0x4	801b24a0	156	771d89332c875b4f
PL0E.PAC	0x4	801b253c	172	53e38d5e6682f574
PL0E.PAC	0x4	801b25e8	112	8e520a4a1a4b7bda
PL0E.PAC	0x4	801b2658	80	7155c682104c271c
PL0E.PAC	0x4	801b26a8	72	1843007a0cd541f3
PL0E.PAC	0x4	801b26f0	12	623bc7ad00743c72
PL0E.PAC	0x4	801b26fc	8	c0b0db0a4fdd6d58
PL0E.PAC	0x4	801b2704	8	207819bf4ebe3078
PL0E.PAC	0x4	801b270c	20	719d31a9c40f47bc
PL0E.PAC	0x4	801b2720	36	30fc0b35da55364a
PL0E.PAC	0x4	801b2744	8	207819bf4ebe3078
PL0E.PAC	0x4	801b274c	64	946de9087c599ba6
PL0E.PAC	0x4	801b278c	64	f80a131af04e26d5
PL0E.PAC	0x4	801b27cc	144	d871ad771f3bfca0
PL0E.PAC	0x4	801b285c	180	b9aba2312610fc6c
PL0E.PAC	0x4	801b2910	208	114ea05fff1c208d
PL0E.PAC	0x4	801b29e0	352	4edbcaff22f0db3e
PL0E.PAC	0x4	801b2b40	104	d23931b5d09685c9
PL0E.PAC	0x4	801b2ba8	88	86c68598c30b3cd4
PL0E.PAC	0x4	801b2c00	80	b208da85b642aeac
PL0E.PAC	0x4	801b2c50	84	66ea1cfbcb1a4785
PL0E.PAC	0x4	801b2ca4	104	7a7193d71e166bfb
PL0E.PAC	0x4	801b2d0c	64	f80a131af04e26d5
PL0E.PAC	0x4	801b2d4c	136	312e08a01a82e589
PL0E.PAC	0x4	801b2dd4	184	e74ccc22940f39ee
PL0E.PAC	0x4	801b2e8c	204	05e43ceabbc7e7d7
PL0E.PAC	0x4	801b2f58	80	1d4ec1695ea671f3
PL0E.PAC	0x4	801b2fa8	164	6bff9993ab8aa535
PL0E.PAC	0x4	801b304c	176	0814b2dfedcc815a
PL0E.PAC	0x4	801b30fc	100	bcfbf817a3414a5f
PL0E.PAC	0x4	801b3160	88	f47bfac4aa073f52
PL0E.PAC	0x4	801b31b8	72	c7041f3a75d72e7d
PL0E.PAC	0x4	801b3200	132	c7ae1285d5f35057
PL0E.PAC	0x4	801b3284	116	b6cd90c9f3c2b53b
PL0E.PAC	0x4	801b32f8	64	f80a131af04e26d5
PL0E.PAC	0x4	801b3338	100	e44d86604bd9465c
PL0E.PAC	0x4	801b339c	180	5f969d19baf2df3d
PL0E.PAC	0x4	801b3450	196	6aa80af44cc2f48e
PL0E.PAC	0x4	801b3514	120	6171224ee10321c9
PL0E.PAC	0x4	801b358c	64	13414143bc705b78
PL0E.PAC	0x4	801b35cc	64	f80a131af04e26d5
PL0E.PAC	0x4	801b360c	132	3b32062a9aa1be9b
PL0E.PAC	0x4	801b3690	236	9f70d4299aec0109
PL0E.PAC	0x4	801b377c	64	f80a131af04e26d5
PL0E.PAC	0x4	801b37bc	84	8bebf1421f7b528c
PL0E.PAC	0x4	801b3810	148	5db9becefa6d0cc4
PL0E.PAC	0x4	801b38a4	64	f80a131af04e26d5
PL0E.PAC	0x4	801b38e4	108	1a48bb72c7e4099b
PL0E.PAC	0x4	801b3950	336	67a2e740d7e64e90
PL0E.PAC	0x4	801b3aa0	160	c889b5ce907ed22e
PL0E.PAC	0x4	801b3b40	64	13414143bc705b78
PL0E.PAC	0x4	801b3b80	284	32ef9edc440418c1
PL0E.PAC	0x4	801b3c9c	64	f80a131af04e26d5
PL0E.PAC	0x4	801b3cdc	140	49b6431f9e5b121d
PL0E.PAC	0x4	801b3d68	328	addd521b0e26c6b2
PL0E.PAC	0x4	801b3eb0	592	f379eeeb1e566e9e
PL0E.PAC	0x4	801b4100	268	1156a2eed4b18aa6
PL0E.PAC	0x4	801b420c	256	295b00ec54ba037a
PL0E.PAC	0x4	801b430c	68	530b6b66584bdbab
PL0E.PAC	0x4	801b4350	64	865297f38344de9f
PL0E.PAC	0x4	801b4390	128	9309efa75f70a99f
PL0E.PAC	0x4	801b4410	72	68541826581be7b6
PL0E.PAC	0x4	801b4458	100	db063b54e3374ac4
PL0E.PAC	0x4	801b44bc	128	7b7bd8a3d5e9c437
PL0E.PAC	0x4	801b453c	172	26f2d376a2dbabd5
PL0E.PAC	0x4	801b45e8	144	20537163a49a44c6
PL0E.PAC	0x4	801b4678	268	f8497c09b158a691
PL0E.PAC	0x4	801b4784	336	4164712c7491fbc6
PL0E.PAC	0x4	801b48d4	64	13414143bc705b78
PL0E.PAC	0x4	801b4914	68	20f65dd8f07c2c8a
PL0E.PAC	0x4	801b4958	112	39420e21f38a156c
PL0E.PAC	0x4	801b49c8	116	79c5324786a4e0ec
PL0E.PAC	0x4	801b4a3c	260	21130ce70c49e258
PL0E.PAC	0x4	801b4b40	368	c30134801d4d4609
PL0E.PAC	0x4	801b4cb0	64	f80a131af04e26d5
PL0E.PAC	0x4	801b4cf0	136	e1a657f36861a9d6
PL0E.PAC	0x4	801b4d78	188	4ac02f8861298d6d
PL0E.PAC	0x4	801b4e34	176	298010236ec5b87b
PL0E.PAC	0x4	801b4ee4	96	953ad95b65c1f0d6
PL0E.PAC	0x4	801b4f44	68	f496ac54f0f44504
PL0E.PAC	0x4	801b4f88	92	c21b60d075048876
PL0E.PAC	0x4	801b4fe4	104	8b2848bff617674b
PL0E.PAC	0x4	801b504c	60	b0559e85098ec134
PL0E.PAC	0x4	801b5088	44	77f9e9c2c967351f
PL0E.PAC	0x4	801b50b4	64	f80a131af04e26d5
PL0E.PAC	0x4	801b50f4	80	ef1f40718fc0f1ac
PL0E.PAC	0x4	801b5144	284	8a5e7beb1c5414ea
PL0E.PAC	0x4	801b5260	64	0203a583e225c28f
PL0E.PAC	0x4	801b52a0	64	f80a131af04e26d5
PL0E.PAC	0x4	801b52e0	76	296018353f909068
PL0E.PAC	0x4	801b532c	84	66ea1cfbcb1a4785
PL0E.PAC	0x4	801b5380	64	f80a131af04e26d5
PL0E.PAC	0x4	801b53c0	76	305010c984b7c192
PL0E.PAC	0x4	801b540c	140	99eff57d28d4d003
PL0E.PAC	0x4	801b5498	116	e4a14b7fa632955c
PL0E.PAC	0x4	801b550c	64	f80a131af04e26d5
PL0E.PAC	0x4	801b554c	108	5f1400e17683f7d7
PL0E.PAC	0x4	801b55b8	168	26a8df81a9e416f3
PL0E.PAC	0x4	801b5660	136	19192a00344d297c
PL0E.PAC	0x4	801b56e8	148	193ada9159ac554b
PL0E.PAC	0x4	801b577c	108	ead844bf49833fe9
PL0E.PAC	0x4	801b57e8	64	f80a131af04e26d5
PL0E.PAC	0x4	801b5828	176	21488304059e9631
PL0E.PAC	0x4	801b58d8	224	d46d3b905906a4d7
PL0E.PAC	0x4	801b59b8	184	68c74ad9538f322d
PL0E.PAC	0x4	801b5a70	128	c375eca83b469948
PL0E.PAC	0x4	801b5af0	84	66ea1cfbcb1a4785
PL0E.PAC	0x4	801b5b44	76	e36b713a0d43b8f9
PL0E.PAC	0x4	801b5b90	64	f80a131af04e26d5
PL0E.PAC	0x4	801b5bd0	120	77f1f24c0b9cccce
PL0E.PAC	0x4	801b5c48	132	6f86fb599eeabbfe
PL0E.PAC	0x4	801b5ccc	188	e0de3bff8bc0c929
PL0E.PAC	0x4	801b5d88	172	1b5ed6d5578783e5
PL0E.PAC	0x4	801b5e34	244	28844fd0757abb56
PL0E.PAC	0x4	801b5f28	32	9fdad6f6abeeb244
PL0E.PAC	0x4	801b5f48	132	64e8efeaf7f86a65
PL0E.PAC	0x4	801b5fcc	204	fd1ae3580d445f77
PL0E.PAC	0x4	801b6098	144	5e2f8708403c66ab
PL0E.PAC	0x4	801b6128	64	5eda29be4b80fc3a
PL0E.PAC	0x4	801b6168	80	923b3a9cac0ad029
PL0E.PAC	0x4	801b61b8	128	5ce794bbdebf6509
PL0E.PAC	0x4	801b6238	84	66ea1cfbcb1a4785
PL0E.PAC	0x4	801b628c	168	070c5d4758a8b172
PL0E.PAC	0x4	801b6334	64	2aaf8d7718c53cdb
PL0E.PAC	0x4	801b6374	64	f80a131af04e26d5
PL0E.PAC	0x4	801b63b4	168	82376390034da541
PL0E.PAC	0x4	801b645c	100	28a55ca34dc2feb5
PL0E.PAC	0x4	801b64c0	76	07477b9beb7c7b1a
PL0E.PAC	0x4	801b650c	64	f80a131af04e26d5
PL0E.PAC	0x4	801b654c	176	7c1846470d981393
PL0E.PAC	0x4	801b65fc	156	08345f0f73d9d552
PL0E.PAC	0x4	801b6698	224	07a5831271a0ebce
PL0E.PAC	0x4	801b6778	144	c781430de8c816f3
PL0E.PAC	0x4	801b6808	116	be9b83ba71618454
PL0E.PAC	0x4	801b687c	32	20c3a8daad2ca1ef
PL0E.PAC	0x4	801b689c	124	04038a3516a4851e
PL0E.PAC	0x4	801b6918	156	13203f42c5a159fd
PL0E.PAC	0x4	801b69b4	124	9cd6bdfd84152458
PL0E.PAC	0x4	801b6a30	76	07477b9beb7c7b1a
PL0E.PAC	0x4	801b6a7c	116	bd28d1b4aef70eee
PL0E.PAC	0x4	801b6af0	12	9db1331825ac4d9d
PL0E.PAC	0x4	801b6afc	68	b83c48dae7afe13c
PL0E.PAC	0x4	801b6b40	36	00fced5d84d71c02
PL0E.PAC	0x4	801b6b64	112	bd8dbcda09b2776a
PL0E.PAC	0x4	801b6bd4	72	1168877d1612009f
PL0E.PAC	0x4	801b6c1c	60	0cacc37940dd7377
PL0E.PAC	0x4	801b6c58	8	207819bf4ebe3078
PL0E.PAC	0x4	801b6c60	8	c0b0db0a4fdd6d58
PL0E.PAC	0x4	801b6c68	12	94d3013bad119d7f
PL0E.PAC	0x4	801b6c74	124	4088e4df84dbbf01
PL0E.PAC	0x4	801b6cf0	140	edf6f89af3432e3d
PL0E.PAC	0x4	801b6d7c	84	23f55128305dc456
PL0E.PAC	0x4	801b6dd0	48	29bd63da14e6476d
PL0E.PAC	0x4	801b6e00	8	6d64edf91449c1b1
PL0E.PAC	0x4	801b6e08	16	a8d5db1de92e2756
PL0E.PAC	0x4	801b6e18	32	20c3a8daad2ca1ef
PL0E.PAC	0x4	801b6e38	100	f4ec774a79d4c0ac
PL0E.PAC	0x4	801b6e9c	124	3b7d58a91b629e32
PL0E.PAC	0x4	801b6f18	72	b5f7d9738ce01072
PL0EX.PAC	0x2c	8008bf00	64	43e1e4cd9f294bf3
PL0EX.PAC	0x2c	8008bf40	64	7ec1257c5bc0f60d
PL0EX.PAC	0x2c	8008bf80	68	530b6b66584bdbab
PL0EX.PAC	0x2c	8008bfc4	64	f80a131af04e26d5
PL0EX.PAC	0x2c	8008c004	144	e94cf395d84c5dbe
PL0EX.PAC	0x2c	8008c094	100	3d55b71f9b5bcad5
PL0EX.PAC	0x2c	8008c0f8	64	2b2bf31a7e8af8c8
PL0EX.PAC	0x2c	8008c138	68	530b6b66584bdbab
PL0EX.PAC	0x2c	8008c17c	64	f80a131af04e26d5
PL0EX.PAC	0x2c	8008c1bc	228	8e9847bf3d8fc726
PL0EX.PAC	0x2c	8008c2a0	100	3d55b71f9b5bcad5
PL0EX.PAC	0x2c	8008c304	64	76f913059aaff8ff
PL0EX.PAC	0x2c	8008c344	64	a8c2321748a5bc3f
PL0EX.PAC	0x2c	8008c384	68	530b6b66584bdbab
PL0EX.PAC	0x2c	8008c3c8	64	f80a131af04e26d5
PL0EX.PAC	0x2c	8008c408	56	095aba7859e6c12d
PL0EX.PAC	0x2c	8008c440	100	3d55b71f9b5bcad5
PL0EX.PAC	0x2c	8008c4a4	68	530b6b66584bdbab
PL0EX.PAC	0x2c	8008c4e8	64	f80a131af04e26d5
PL0EX.PAC	0x2c	8008c528	56	095aba7859e6c12d
PL0EX.PAC	0x2c	8008c560	100	3d55b71f9b5bcad5
PL0EX.PAC	0x2c	8008c5c4	64	f80a131af04e26d5
PL0EX.PAC	0x2c	8008c604	116	4ab044b0bd6d0c27
PL0EX.PAC	0x2c	8008c678	80	01b3ff54034df04e
PL0EX.PAC	0x2c	8008c6c8	96	25799272ae2d2338
PL0EX.PAC	0x2c	8008c728	64	13414143bc705b78
PL0EX.PAC	0x2c	8008c768	160	59445214e2127229
PL0EX.PAC	0x2c	8008c808	68	b83c48dae7afe13c
PL0EX.PAC	0x2c	8008c84c	88	6006adc2f9216ed6
PL0EX.PAC	0x2c	8008c8a4	344	432ff968dd657274
PL0EX.PAC	0x2c	8008c9fc	64	8c33c089170d1f9b
PL0EX.PAC	0x2c	8008ca3c	188	57fbe7e6e524bda4
PL0EX.PAC	0x2c	8008caf8	32	20c3a8daad2ca1ef
PL0EX.PAC	0x2c	8008cb18	32	20c3a8daad2ca1ef
PL0EX.PAC	0x2c	8008cb38	108	e88f334f68249083
PL0EX.PAC	0x2c	8008cba4	96	2e4723765237738a
PL0EX.PAC	0x2c	8008cc04	100	6356d04f6790dc19
PL0EX.PAC	0x2c	8008cc68	108	e88f334f68249083
PL0EX.PAC	0x2c	8008ccd4	124	7b8a3b36febb7ac9
PL0EX.PAC	0x2c	8008cd50	128	d52ec139c61a550c
PL0EX.PAC	0x2c	8008cdd0	108	c7066b483500917f
PL0EX.PAC	0x2c	8008ce3c	144	d070ea258109a393
PL0EX.PAC	0x2c	8008cecc	132	ad19379ab44aaabf
PL0EX.PAC	0x2c	8008cf50	112	f867c5d638fadae3
PL0EX.PAC	0x2c	8008cfc0	76	34c82447390402c1
PL0EX.PAC	0x2c	8008d00c	92	934675f8b960b46e
PL0EX.PAC	0x2c	8008d068	280	d7c076b8e9d76607
PL0EX.PAC	0x2c	8008d180	64	8c33c089170d1f9b
PL0EX.PAC	0x2c	8008d1c0	120	b6fe3fa6bee05482
PL0EX.PAC	0x2c	8008d238	132	69c85afcfeaace2c
PL0EX.PAC	0x2c	8008d2bc	128	ab422d01322eb076
PL0EX.PAC	0x2c	8008d33c	64	13414143bc705b78
PL0EX.PAC	0x2c	8008d37c	28	bab37aa764256f0e
PL0EX.PAC	0x2c	8008d398	28	bab37aa764256f0e
PL0EX.PAC	0x2c	8008d3b4	28	bab37aa764256f0e
PL0EX.PAC	0x2c	8008d3d0	28	bab37aa764256f0e
PL0EX.PAC	0x2c	8008d3ec	44	4d7dee1eeb9bcb52
PL0EX.PAC	0x2c	8008d418	60	8b31ba6f4a851ce7
PL0EX.PAC	0x2c	8008d454	68	20f65dd8f07c2c8a
PL0EX.PAC	0x2c	8008d498	80	01b38db6e51a6e2c
PL0EX.PAC	0x2c	8008d4e8	108	7a67a811ff19d7df
PL0EX.PAC	0x2c	8008d554	224	1c85a1267a32060f
PL0EX.PAC	0x2c	8008d634	20	469ab567c4e2c3e0
PL0EX.PAC	0x2c	8008d648	60	9ee63ce3f2bd3abb
PL0EX.PAC	0x2c	8008d684	8	b8b8afcd3d768f52
PL0EX.PAC	0x2c	8008d68c	60	3d8d1633520ee744
PL0EX.PAC	0x2c	8008d6c8	80	01b38db6e51a6e2c
PL0EX.PAC	0x2c	8008d718	160	8ca98cf40740a030
PL0EX.PAC	0x2c	8008d7b8	56	532f314da78b101c
PL0EX.PAC	0x2c	8008d7f0	44	79db90f3463a6d81
PL0EX.PAC	0x2c	8008d81c	32	20c3a8daad2ca1ef
PL0EX.PAC	0x2c	8008d83c	60	7884c941acba5d83
PL0EX.PAC	0x2c	8008d878	104	ddb9819f78e4be67
PL0EX.PAC	0x2c	8008d8e0	52	d1a782081143a2e2
PL0EX.PAC	0x2c	8008d914	104	9dc96ce0add2373a
PL0EX.PAC	0x2c	8008d97c	76	1e8d6a6a580e8d2b
PL0EX.PAC	0x2c	8008d9c8	136	e7fec4c5e2fd4ef7
PL0EX.PAC	0x2c	8008da50	64	8c33c089170d1f9b
PL0EX.PAC	0x2c	8008da90	32	20c3a8daad2ca1ef
PL0EX.PAC	0x2c	8008dab0	44	a11f8be527b450cd
PL0EX.PAC	0x2c	8008dadc	64	2ad851fdc68730c6
PL0EX.PAC	0x2c	8008db1c	64	2ad851fdc68730c6
PL0EX.PAC	0x2c	8008db5c	64	8c33c089170d1f9b
PL0EX.PAC	0x2c	8008db9c	160	85331beb16a1a58f
PL0EX.PAC	0x2c	8008dc3c	160	0657f0094f99cd5a
PL0EX.PAC	0x2c	8008dcdc	148	a4ee72bd6e0e0f71
PL0EX.PAC	0x2c	8008dd70	64	8c33c089170d1f9b
PL0EX.PAC	0x2c	8008ddb0	92	2980ffe73a954094
PL0EX.PAC	0x2c	8008de0c	32	20c3a8daad2ca1ef
PL0EX.PAC	0x2c	8008de2c	32	20c3a8daad2ca1ef
PL0EX.PAC	0x2c	8008de4c	64	8c33c089170d1f9b
PL0EX.PAC	0x2c	8008de8c	272	a24d5311c7ee5f52
PL0EX.PAC	0x2c	8008df9c	68	b117fafe41c5fc2c
PL0EX.PAC	0x2c	8008dfe0	100	035fbf033798c863
PL0EX.PAC	0x2c	8008e044	196	f1790a3efc0eed4d
PL0EX.PAC	0x2c	8008e108	76	6d7f614fda86ca79
PL0EX.PAC	0x2c	8008e154	64	8c33c089170d1f9b
PL0EX.PAC	0x2c	8008e194	160	6df020603f8be63a
PL0EX.PAC	0x2c	8008e234	160	7852e9a3a62a51a8
PL0EX.PAC	0x2c	8008e2d4	204	09faa96e41448399
PL0EX.PAC	0x2c	8008e3a0	64	2ad851fdc68730c6
PL0EX.PAC	0x2c	8008e3e0	148	a4ee72bd6e0e0f71
PL0EX.PAC	0x2c	8008e474	32	20c3a8daad2ca1ef
PL0EX.PAC	0x2c	8008e494	32	20c3a8daad2ca1ef
PL0EX.PAC	0x2c	8008e4b4	68	20f65dd8f07c2c8a
PL0EX.PAC	0x2c	8008e4f8	236	cb3aa879f54191b2
PL0EX.PAC	0x2c	8008e5e4	288	29dabd52b0a630a2
PL0EX.PAC	0x5	801c8000	348	7ab3adad9009c4d0
PL0EX.PAC	0x5	801c815c	64	ed0908076f86c2dd
PL0EX.PAC	0x5	801c819c	76	b3ad06d9087bd2d0
PL0EX.PAC	0x5	801c81e8	156	0cbc438adafceefd
PL0EX.PAC	0x5	801c8284	80	0cb42b3cbc9670e3
PL0EX.PAC	0x5	801c82d4	64	ed0908076f86c2dd
PL0EX.PAC	0x5	801c8314	52	98c4e69364aef7ab
PL0EX.PAC	0x5	801c8348	244	2ceff70bda0d516d
PL0EX.PAC	0x5	801c843c	140	9e976f4cd7976e86
PL0EX.PAC	0x5	801c84c8	336	7dd6f0b8eae6ea4e
PL0EX.PAC	0x5	801c8618	84	ed7b8d3486506dee
PL0EX.PAC	0x5	801c866c	276	0ab8b4d858807064
PL0EX.PAC	0x5	801c8780	60	c67e7a56c9025d5c
PL0EX.PAC	0x5	801c87bc	152	caf928fc965526b9
PL0EX.PAC	0x5	801c8854	168	865778698203b890
PL0EX.PAC	0x5	801c88fc	120	78f9e2840bd96896
PL0EX.PAC	0x5	801c8974	136	ab45fd020b0bf548
PL0EX.PAC	0x5	801c89fc	36	303c4ec2ea313bab
PL0EX.PAC	0x5	801c8a20	72	19b744ff1aa04efc
PL0EX.PAC	0x5	801c8a68	44	b2910c87677999b2
PL0EX.PAC	0x5	801c8a94	124	eeca9dca6839f0da
PL0EX.PAC	0x5	801c8b10	168	b6490453c26e0fe7
PL0EX.PAC	0x5	801c8bb8	32	20c3a8daad2ca1ef
PL0EX.PAC	0x5	801c8bd8	240	59d803f33226d6ac
PL0EX.PAC	0x5	801c8cc8	8	6d64edf91449c1b1
PL0EX.PAC	0x5	801c8cd0	116	be9b83ba71618454
PL0EX.PAC	0x5	801c8d44	64	ed0908076f86c2dd
PL0EX.PAC	0x5	801c8d84	52	98c4e69364aef7ab
PL0EX.PAC	0x5	801c8db8	60	8edcc0aa591b2ad8
PL0EX.PAC	0x5	801c8df4	76	7f25897057da2207
PL0EX.PAC	0x5	801c8e40	156	7958967edaf88b6f
PL0EX.PAC	0x5	801c8edc	276	d7293edff3d271e2
PL0EX.PAC	0x5	801c8ff0	84	dcb12a15f6cc4c68
PL0EX.PAC	0x5	801c9044	144	c65384ee0c002f75
PL0EX.PAC	0x5	801c90d4	140	7ee93af3b808b9a1
PL0EX.PAC	0x5	801c9160	100	c7da16f14e729d40
PL0EX.PAC	0x5	801c91c4	100	b365a065da8a85b6
PL0EX.PAC	0x5	801c9228	8	6d64edf91449c1b1
PL0EX.PAC	0x5	801c9230	64	43e1e4cd9f294bf3
PL0EX.PAC	0x5	801c9270	64	7ec1257c5bc0f60d
PL0EX.PAC	0x5	801c92b0	68	530b6b66584bdbab
PL0EX.PAC	0x5	801c92f4	64	f80a131af04e26d5
PL0EX.PAC	0x5	801c9334	136	fc92ffa031265831
PL0EX.PAC	0x5	801c93bc	140	da6e55f34fb81bee
PL0EX.PAC	0x5	801c9448	64	2b2bf31a7e8af8c8
PL0EX.PAC	0x5	801c9488	68	530b6b66584bdbab
PL0EX.PAC	0x5	801c94cc	64	f80a131af04e26d5
PL0EX.PAC	0x5	801c950c	248	1fd6097178e985c9
PL0EX.PAC	0x5	801c9604	140	e9dffcacd60912c6
PL0EX.PAC	0x5	801c9690	64	76f913059aaff8ff
PL0EX.PAC	0x5	801c96d0	64	a8c2321748a5bc3f
PL0EX.PAC	0x5	801c9710	68	530b6b66584bdbab
PL0EX.PAC	0x5	801c9754	64	f80a131af04e26d5
PL0EX.PAC	0x5	801c9794	48	5a5ddea2cfd5c3b7
PL0EX.PAC	0x5	801c97c4	140	e9dffcacd60912c6
PL0EX.PAC	0x5	801c9850	68	530b6b66584bdbab
PL0EX.PAC	0x5	801c9894	64	f80a131af04e26d5
PL0EX.PAC	0x5	801c98d4	48	5a5ddea2cfd5c3b7
PL0EX.PAC	0x5	801c9904	140	e9dffcacd60912c6
PL0EX.PAC	0x5	801c9990	64	f80a131af04e26d5
PL0EX.PAC	0x5	801c99d0	128	8d5b590532775ee2
PL0EX.PAC	0x5	801c9a50	80	e5cecacf64c093bb
PL0EX.PAC	0x5	801c9aa0	96	25799272ae2d2338
PL0EX.PAC	0x5	801c9b00	64	13414143bc705b78
PL0EX.PAC	0x5	801c9b40	188	acd3c08232888c03
PL0EX.PAC	0x5	801c9bfc	68	cb96e3ff9348f955
PL0EX.PAC	0x5	801c9c40	68	3094f770136cdf6d
PL0EX.PAC	0x5	801c9c84	576	7656b05831caeded
PL0EX.PAC	0x5	801c9ec4	120	f0762f9e4dd7da49
PL0EX.PAC	0x5	801c9f3c	100	b882356d991fb724
PL0EX.PAC	0x5	801c9fa0	104	1a748f4d3dea90b7
PL0EX.PAC	0x5	801ca008	180	1991138794100fe5
PL0EX.PAC	0x5	801ca0bc	128	71f330775cacdf08
PL0EX.PAC	0x5	801ca13c	152	625dfa1696208e0c
PL0EX.PAC	0x5	801ca1d4	136	cc3152e736052ce4
PL0EX.PAC	0x5	801ca25c	136	5cc0512d4a5d095b
PL0EX.PAC	0x5	801ca2e4	100	2ffc71c328180220
PL0EX.PAC	0x5	801ca348	104	7e11304d811a872e
PL0EX.PAC	0x5	801ca3b0	120	da9242b54b399d8a
PL0EX.PAC	0x5	801ca428	120	43a432139e7fb269
PL0EX.PAC	0x5	801ca4a0	156	771d89332c875b4f
PL0EX.PAC	0x5	801ca53c	172	53e38d5e6682f574
PL0EX.PAC	0x5	801ca5e8	112	8e520a4a1a4b7bda
PL0EX.PAC	0x5	801ca658	80	7155c682104c271c
PL0EX.PAC	0x5	801ca6a8	72	1843007a0cd541f3
PL0EX.PAC	0x5	801ca6f0	12	623bc7ad00743c72
PL0EX.PAC	0x5	801ca6fc	8	c0b0db0a4fdd6d58
PL0EX.PAC	0x5	801ca704	8	207819bf4ebe3078
PL0EX.PAC	0x5	801ca70c	20	719d31a9c40f47bc
PL0EX.PAC	0x5	801ca720	36	30fc0b35da55364a
PL0EX.PAC	0x5	801ca744	8	207819bf4ebe3078
PL0EX.PAC	0x5	801ca74c	64	946de9087c599ba6
PL0EX.PAC	0x5	801ca78c	64	f80a131af04e26d5
PL0EX.PAC	0x5	801ca7cc	144	d871ad771f3bfca0
PL0EX.PAC	0x5	801ca85c	180	b9aba2312610fc6c
PL0EX.PAC	0x5	801ca910	208	114ea05fff1c208d
PL0EX.PAC	0x5	801ca9e0	352	4edbcaff22f0db3e
PL0EX.PAC	0x5	801cab40	104	d23931b5d09685c9
PL0EX.PAC	0x5	801caba8	88	86c68598c30b3cd4
PL0EX.PAC	0x5	801cac00	80	b208da85b642aeac
PL0EX.PAC	0x5	801cac50	84	66ea1cfbcb1a4785
PL0EX.PAC	0x5	801caca4	104	7a7193d71e166bfb
PL0EX.PAC	0x5	801cad0c	64	f80a131af04e26d5
PL0EX.PAC	0x5	801cad4c	136	312e08a01a82e589
PL0EX.PAC	0x5	801cadd4	184	e74ccc22940f39ee
PL0EX.PAC	0x5	801cae8c	204	05e43ceabbc7e7d7
PL0EX.PAC	0x5	801caf58	80	1d4ec1695ea671f3
PL0EX.PAC	0x5	801cafa8	164	6bff9993ab8aa535
PL0EX.PAC	0x5	801cb04c	176	0814b2dfedcc815a
PL0EX.PAC	0x5	801cb0fc	100	bcfbf817a3414a5f
PL0EX.PAC	0x5	801cb160	88	f47bfac4aa073f52
PL0EX.PAC	0x5	801cb1b8	72	c7041f3a75d72e7d
PL0EX.PAC	0x5	801cb200	132	c7ae1285d5f35057
PL0EX.PAC	0x5	801cb284	116	b6cd90c9f3c2b53b
PL0EX.PAC	0x5	801cb2f8	64	f80a131af04e26d5
PL0EX.PAC	0x5	801cb338	100	e44d86604bd9465c
PL0EX.PAC	0x5	801cb39c	180	5f969d19baf2df3d
PL0EX.PAC	0x5	801cb450	196	6aa80af44cc2f48e
PL0EX.PAC	0x5	801cb514	120	6171224ee10321c9
PL0EX.PAC	0x5	801cb58c	64	13414143bc705b78
PL0EX.PAC	0x5	801cb5cc	64	f80a131af04e26d5
PL0EX.PAC	0x5	801cb60c	132	3b32062a9aa1be9b
PL0EX.PAC	0x5	801cb690	236	9f70d4299aec0109
PL0EX.PAC	0x5	801cb77c	64	f80a131af04e26d5
PL0EX.PAC	0x5	801cb7bc	84	8bebf1421f7b528c
PL0EX.PAC	0x5	801cb810	148	5db9becefa6d0cc4
PL0EX.PAC	0x5	801cb8a4	64	f80a131af04e26d5
PL0EX.PAC	0x5	801cb8e4	108	1a48bb72c7e4099b
PL0EX.PAC	0x5	801cb950	336	67a2e740d7e64e90
PL0EX.PAC	0x5	801cbaa0	160	c889b5ce907ed22e
PL0EX.PAC	0x5	801cbb40	64	13414143bc705b78
PL0EX.PAC	0x5	801cbb80	284	32ef9edc440418c1
PL0EX.PAC	0x5	801cbc9c	64	f80a131af04e26d5
PL0EX.PAC	0x5	801cbcdc	140	49b6431f9e5b121d
PL0EX.PAC	0x5	801cbd68	328	addd521b0e26c6b2
PL0EX.PAC	0x5	801cbeb0	592	f379eeeb1e566e9e
PL0EX.PAC	0x5	801cc100	268	1156a2eed4b18aa6
PL0EX.PAC	0x5	801cc20c	256	295b00ec54ba037a
PL0EX.PAC	0x5	801cc30c	68	530b6b66584bdbab
PL0EX.PAC	0x5	801cc350	64	865297f38344de9f
PL0EX.PAC	0x5	801cc390	128	9309efa75f70a99f
PL0EX.PAC	0x5	801cc410	72	68541826581be7b6
PL0EX.PAC	0x5	801cc458	100	db063b54e3374ac4
PL0EX.PAC	0x5	801cc4bc	128	7b7bd8a3d5e9c437
PL0EX.PAC	0x5	801cc53c	172	26f2d376a2dbabd5
PL0EX.PAC	0x5	801cc5e8	144	20537163a49a44c6
PL0EX.PAC	0x5	801cc678	268	f8497c09b158a691
PL0EX.PAC	0x5	801cc784	336	4164712c7491fbc6
PL0EX.PAC	0x5	801cc8d4	64	13414143bc705b78
PL0EX.PAC	0x5	801cc914	68	20f65dd8f07c2c8a
PL0EX.PAC	0x5	801cc958	112	39420e21f38a156c
PL0EX.PAC	0x5	801cc9c8	116	79c5324786a4e0ec
PL0EX.PAC	0x5	801cca3c	260	21130ce70c49e258
PL0EX.PAC	0x5	801ccb40	368	c30134801d4d4609
PL0EX.PAC	0x5	801cccb0	64	f80a131af04e26d5
PL0EX.PAC	0x5	801cccf0	136	e1a657f36861a9d6
PL0EX.PAC	0x5	801ccd78	188	4ac02f8861298d6d
PL0EX.PAC	0x5	801cce34	176	298010236ec5b87b
PL0EX.PAC	0x5	801ccee4	96	953ad95b65c1f0d6
PL0EX.PAC	0x5	801ccf44	68	f496ac54f0f44504
PL0EX.PAC	0x5	801ccf88	92	c21b60d075048876
PL0EX.PAC	0x5	801ccfe4	104	8b2848bff617674b
PL0EX.PAC	0x5	801cd04c	60	b0559e85098ec134
PL0EX.PAC	0x5	801cd088	44	77f9e9c2c967351f
PL0EX.PAC	0x5	801cd0b4	64	f80a131af04e26d5
PL0EX.PAC	0x5	801cd0f4	80	ef1f40718fc0f1ac
PL0EX.PAC	0x5	801cd144	284	8a5e7beb1c5414ea
PL0EX.PAC	0x5	801cd260	64	0203a583e225c28f
PL0EX.PAC	0x5	801cd2a0	64	f80a131af04e26d5
PL0EX.PAC	0x5	801cd2e0	76	296018353f909068
PL0EX.PAC	0x5	801cd32c	84	66ea1cfbcb1a4785
PL0EX.PAC	0x5	801cd380	64	f80a131af04e26d5
PL0EX.PAC	0x5	801cd3c0	76	305010c984b7c192
PL0EX.PAC	0x5	801cd40c	140	99eff57d28d4d003
PL0EX.PAC	0x5	801cd498	116	e4a14b7fa632955c
PL0EX.PAC	0x5	801cd50c	64	f80a131af04e26d5
PL0EX.PAC	0x5	801cd54c	108	5f1400e17683f7d7
PL0EX.PAC	0x5	801cd5b8	168	26a8df81a9e416f3
PL0EX.PAC	0x5	801cd660	136	19192a00344d297c
PL0EX.PAC	0x5	801cd6e8	148	193ada9159ac554b
PL0EX.PAC	0x5	801cd77c	108	ead844bf49833fe9
PL0EX.PAC	0x5	801cd7e8	64	f80a131af04e26d5
PL0EX.PAC	0x5	801cd828	176	21488304059e9631
PL0EX.PAC	0x5	801cd8d8	224	d46d3b905906a4d7
PL0EX.PAC	0x5	801cd9b8	184	68c74ad9538f322d
PL0EX.PAC	0x5	801cda70	128	c375eca83b469948
PL0EX.PAC	0x5	801cdaf0	84	66ea1cfbcb1a4785
PL0EX.PAC	0x5	801cdb44	76	e36b713a0d43b8f9
PL0EX.PAC	0x5	801cdb90	64	f80a131af04e26d5
PL0EX.PAC	0x5	801cdbd0	120	77f1f24c0b9cccce
PL0EX.PAC	0x5	801cdc48	132	6f86fb599eeabbfe
PL0EX.PAC	0x5	801cdccc	188	e0de3bff8bc0c929
PL0EX.PAC	0x5	801cdd88	172	1b5ed6d5578783e5
PL0EX.PAC	0x5	801cde34	244	28844fd0757abb56
PL0EX.PAC	0x5	801cdf28	32	9fdad6f6abeeb244
PL0EX.PAC	0x5	801cdf48	132	64e8efeaf7f86a65
PL0EX.PAC	0x5	801cdfcc	204	fd1ae3580d445f77
PL0EX.PAC	0x5	801ce098	144	5e2f8708403c66ab
PL0EX.PAC	0x5	801ce128	64	5eda29be4b80fc3a
PL0EX.PAC	0x5	801ce168	80	923b3a9cac0ad029
PL0EX.PAC	0x5	801ce1b8	128	5ce794bbdebf6509
PL0EX.PAC	0x5	801ce238	84	66ea1cfbcb1a4785
PL0EX.PAC	0x5	801ce28c	168	070c5d4758a8b172
PL0EX.PAC	0x5	801ce334	64	2aaf8d7718c53cdb
PL0EX.PAC	0x5	801ce374	64	f80a131af04e26d5
PL0EX.PAC	0x5	801ce3b4	168	82376390034da541
PL0EX.PAC	0x5	801ce45c	100	28a55ca34dc2feb5
PL0EX.PAC	0x5	801ce4c0	76	07477b9beb7c7b1a
PL0EX.PAC	0x5	801ce50c	64	f80a131af04e26d5
PL0EX.PAC	0x5	801ce54c	176	7c1846470d981393
PL0EX.PAC	0x5	801ce5fc	156	08345f0f73d9d552
PL0EX.PAC	0x5	801ce698	224	07a5831271a0ebce
PL0EX.PAC	0x5	801ce778	144	c781430de8c816f3
PL0EX.PAC	0x5	801ce808	116	be9b83ba71618454
PL0EX.PAC	0x5	801ce87c	32	20c3a8daad2ca1ef
PL0EX.PAC	0x5	801ce89c	124	04038a3516a4851e
PL0EX.PAC	0x5	801ce918	156	13203f42c5a159fd
PL0EX.PAC	0x5	801ce9b4	124	9cd6bdfd84152458
PL0EX.PAC	0x5	801cea30	76	07477b9beb7c7b1a
PL0EX.PAC	0x5	801cea7c	116	bd28d1b4aef70eee
PL0EX.PAC	0x5	801ceaf0	12	9db1331825ac4d9d
PL0EX.PAC	0x5	801ceafc	68	b83c48dae7afe13c
PL0EX.PAC	0x5	801ceb40	36	00fced5d84d71c02
PL0EX.PAC	0x5	801ceb64	112	bd8dbcda09b2776a
PL0EX.PAC	0x5	801cebd4	72	1168877d1612009f
PL0EX.PAC	0x5	801cec1c	60	0cacc37940dd7377
PL0EX.PAC	0x5	801cec58	8	207819bf4ebe3078
PL0EX.PAC	0x5	801cec60	8	c0b0db0a4fdd6d58
PL0EX.PAC	0x5	801cec68	12	94d3013bad119d7f
PL0EX.PAC	0x5	801cec74	124	4088e4df84dbbf01
PL0EX.PAC	0x5	801cecf0	140	edf6f89af3432e3d
PL0EX.PAC	0x5	801ced7c	84	23f55128305dc456
PL0EX.PAC	0x5	801cedd0	48	29bd63da14e6476d
PL0EX.PAC	0x5	801cee00	8	6d64edf91449c1b1
PL0EX.PAC	0x5	801cee08	16	a8d5db1de92e2756
PL0EX.PAC	0x5	801cee18	32	20c3a8daad2ca1ef
PL0EX.PAC	0x5	801cee38	100	f4ec774a79d4c0ac
PL0EX.PAC	0x5	801cee9c	124	3b7d58a91b629e32
PL0EX.PAC	0x5	801cef18	72	b5f7d9738ce01072
PL0F.PAC	0x4	801b0000	188	ff85ed1d3d17cfb7
PL0F.PAC	0x4	801b00bc	64	ed0908076f86c2dd
PL0F.PAC	0x4	801b00fc	248	8864876d8055f4f4
PL0F.PAC	0x4	801b01f4	80	41156d6cb723efb7
PL0F.PAC	0x4	801b0244	68	d2480e91395a081b
PL0F.PAC	0x4	801b0288	64	7ec1257c5bc0f60d
PL0F.PAC	0x4	801b02c8	68	530b6b66584bdbab
PL0F.PAC	0x4	801b030c	64	f80a131af04e26d5
PL0F.PAC	0x4	801b034c	204	dcebe95da5dd9a65
PL0F.PAC	0x4	801b0418	32	20c3a8daad2ca1ef
PL0F.PAC	0x4	801b0438	32	20c3a8daad2ca1ef
PL0F.PAC	0x4	801b0458	216	20e986ac130097a0
PL0F.PAC	0x4	801b0530	64	8a55370c14285ce0
PL0F.PAC	0x4	801b0570	64	f80a131af04e26d5
PL0F.PAC	0x4	801b05b0	268	68086f93cc8ff590
PL0F.PAC	0x4	801b06bc	32	20c3a8daad2ca1ef
PL0F.PAC	0x4	801b06dc	32	20c3a8daad2ca1ef
PL0F.PAC	0x4	801b06fc	64	f80a131af04e26d5
PL0F.PAC	0x4	801b073c	196	73866417aa68416a
PL0F.PAC	0x4	801b0800	32	20c3a8daad2ca1ef
PL0F.PAC	0x4	801b0820	32	20c3a8daad2ca1ef
PL0F.PAC	0x4	801b0840	96	4849189abb15ec1a
PL0F.PAC	0x4	801b08a0	196	840ed8fb8d3daae5
PL0F.PAC	0x4	801b0964	32	20c3a8daad2ca1ef
PL0F.PAC	0x4	801b0984	32	20c3a8daad2ca1ef
PL0F.PAC	0x4	801b09a4	64	f80a131af04e26d5
PL0F.PAC	0x4	801b09e4	196	954ef85106242a61
PL0F.PAC	0x4	801b0aa8	32	20c3a8daad2ca1ef
PL0F.PAC	0x4	801b0ac8	104	4b1d297df17a459c
PL0F.PAC	0x4	801b0b30	80	00e4779bcc74e5f2
PL0F.PAC	0x4	801b0b80	112	07e6c4682852b2f3
PL0F.PAC	0x4	801b0bf0	68	a9a4d8411413a3df
PL0F.PAC	0x4	801b0c34	120	45bc6b108cd01870
PL0F.PAC	0x4	801b0cac	228	3c2cb8110bf4afac
PL0F.PAC	0x4	801b0d90	216	264e621a5dca022d
PL0F.PAC	0x4	801b0e68	64	f80a131af04e26d5
PL0F.PAC	0x4	801b0ea8	108	c43ac3f11fe48771
PL0F.PAC	0x4	801b0f14	164	425df4517ef61a0f
PL0F.PAC	0x4	801b0fb8	80	9f44915c5709a310
PL0F.PAC	0x4	801b1008	476	32d08e4f68ebbb18
PL0F.PAC	0x4	801b11e4	216	4bb311d83218aea1
PL0F.PAC	0x4	801b12bc	112	5e4cacc3c5c746b3
PL0F.PAC	0x4	801b132c	236	ea8651ab9585c9cb
PL0F.PAC	0x4	801b1418	152	dfaf6d55b33aa9f6
PL0F.PAC	0x4	801b14b0	128	16edd0e42ee535ee
PL0F.PAC	0x4	801b1530	140	ece4065f0ba53e58
PL0F.PAC	0x4	801b15bc	108	a371f9131fca7ce6
PL0F.PAC	0x4	801b1628	140	d6b9686e5cb4336a
PL0F.PAC	0x4	801b16b4	104	18f7cb5e6614f872
PL0F.PAC	0x4	801b171c	172	498e4f122d667e39
PL0F.PAC	0x4	801b17c8	180	99a8abce6549c567
PL0F.PAC	0x4	801b187c	68	53e35001b292d5cc
PL0F.PAC	0x4	801b18c0	152	2ade9cc0c11ee9a2
PL0F.PAC	0x4	801b1958	156	458d0316025930c5
PL0F.PAC	0x4	801b19f4	156	9932537805553b93
PL0F.PAC	0x4	801b1a90	72	1843007a0cd541f3
PL0F.PAC	0x4	801b1ad8	96	914f40e6633fec6d
PL0F.PAC	0x4	801b1b38	68	595bb8bcfaaf9690
PL0F.PAC	0x4	801b1b7c	48	6ddd07fda9b035fe
PL0F.PAC	0x4	801b1bac	52	e05a9517a130e383
PL0F.PAC	0x4	801b1be0	48	13e0c0ca337010c9
PL0F.PAC	0x4	801b1c10	100	7a037cb896f1ca94
PL0F.PAC	0x4	801b1c74	8	c0b0db0a4fdd6d58
PL0F.PAC	0x4	801b1c7c	8	207819bf4ebe3078
PL0F.PAC	0x4	801b1c84	64	946de9087c599ba6
PL0F.PAC	0x4	801b1cc4	64	946de9087c599ba6
PL0F.PAC	0x4	801b1d04	96	501752f8b44cb5d5
PL0F.PAC	0x4	801b1d64	120	0adb1c169b337331
PL0F.PAC	0x4	801b1ddc	92	1e34b312eae0fdbc
PL0F.PAC	0x4	801b1e38	144	cec2d5917a1c5770
PL0F.PAC	0x4	801b1ec8	116	146bc16be65fbb82
PL0F.PAC	0x4	801b1f3c	156	5b39eba85fcd33f2
PL0F.PAC	0x4	801b1fd8	64	f80a131af04e26d5
PL0F.PAC	0x4	801b2018	124	cc2804e579e00990
PL0F.PAC	0x4	801b2094	80	eb86dca237fa27e5
PL0F.PAC	0x4	801b20e4	132	fef911b9161a9eda
PL0F.PAC	0x4	801b2168	144	5907f2bd9fc40549
PL0F.PAC	0x4	801b21f8	120	d97e4d08d6fb66e3
PL0F.PAC	0x4	801b2270	124	42dc25571d0e640b
PL0F.PAC	0x4	801b22ec	84	7bbed72fce86c6a1
PL0F.PAC	0x4	801b2340	268	5ac2dc2de93fd828
PL0F.PAC	0x4	801b244c	64	f80a131af04e26d5
PL0F.PAC	0x4	801b248c	120	cd95e54cc8ac230c
PL0F.PAC	0x4	801b2504	320	34e432eef588bba9
PL0F.PAC	0x4	801b2644	136	2c1ba5dcbfb219c5
PL0F.PAC	0x4	801b26cc	64	f80a131af04e26d5
PL0F.PAC	0x4	801b270c	120	a7e6d9fff0d467fc
PL0F.PAC	0x4	801b2784	308	ebe20a7dc4913a2a
PL0F.PAC	0x4	801b28b8	76	416e64de31932d21
PL0F.PAC	0x4	801b2904	84	b0696940fd1ffa4f
PL0F.PAC	0x4	801b2958	64	f80a131af04e26d5
PL0F.PAC	0x4	801b2998	120	f2678c9cc9c82cfd
PL0F.PAC	0x4	801b2a10	332	d9307f8a2daccc88
PL0F.PAC	0x4	801b2b5c	76	80c8166a7d57c54a
PL0F.PAC	0x4	801b2ba8	124	d1d22fa199fa98cc
PL0F.PAC	0x4	801b2c24	64	f80a131af04e26d5
PL0F.PAC	0x4	801b2c64	108	6694016a459fb643
PL0F.PAC	0x4	801b2cd0	140	d28bb1015a55110b
PL0F.PAC	0x4	801b2d5c	136	1a0d8a959a6940c7
PL0F.PAC	0x4	801b2de4	224	32d454f5c4793ace
PL0F.PAC	0x4	801b2ec4	68	81a63fcbd48a1888
PL0F.PAC	0x4	801b2f08	64	f80a131af04e26d5
PL0F.PAC	0x4	801b2f48	80	ca9e554c87193aef
PL0F.PAC	0x4	801b2f98	80	f88f263ae5795d6c
PL0F.PAC	0x4	801b2fe8	64	2b2bf31a7e8af8c8
PL0F.PAC	0x4	801b3028	64	f80a131af04e26d5
PL0F.PAC	0x4	801b3068	184	0b1f3f8232b1c872
PL0F.PAC	0x4	801b3120	144	da30fc865bd28111
PL0F.PAC	0x4	801b31b0	120	1de308273b330d3f
PL0F.PAC	0x4	801b3228	88	63ef9263b4e4562a
PL0F.PAC	0x4	801b3280	64	cc1ed72e1bcfcddf
PL0F.PAC	0x4	801b32c0	64	f80a131af04e26d5
PL0F.PAC	0x4	801b3300	96	85903827340fe187
PL0F.PAC	0x4	801b3360	128	df80758f46f148ae
PL0F.PAC	0x4	801b33e0	164	438e3eecd9e3d01b
PL0F.PAC	0x4	801b3484	304	e7a424f59fef809a
PL0F.PAC	0x4	801b35b4	76	01963b4019bf6e63
PL0F.PAC	0x4	801b3600	64	2b2bf31a7e8af8c8
PL0F.PAC	0x4	801b3640	64	f80a131af04e26d5
PL0F.PAC	0x4	801b3680	96	ef26b13b738bc91a
PL0F.PAC	0x4	801b36e0	140	3b544b1bf79ef214
PL0F.PAC	0x4	801b376c	140	f8632bc73fbd7355
PL0F.PAC	0x4	801b37f8	120	b1f25926f8aeb1af
PL0F.PAC	0x4	801b3870	220	36d16b950a7cb7c5
PL0F.PAC	0x4	801b394c	84	6e3626cb53bf2b61
PL0F.PAC	0x4	801b39a0	116	a526038e59c53d06
PL0F.PAC	0x4	801b3a14	64	2b2bf31a7e8af8c8
PL0F.PAC	0x4	801b3a54	80	b11f836f5d81cd6b
PL0F.PAC	0x4	801b3aa4	136	04823bf261d3600c
PL0F.PAC	0x4	801b3b2c	232	30b0dfcf18298f75
PL0F.PAC	0x4	801b3c14	244	bc6dd86faa6f03b6
PL0F.PAC	0x4	801b3d08	124	9cd6dfe3de9ecd03
PL0F.PAC	0x4	801b3d84	64	2b2bf31a7e8af8c8
PL0F.PAC	0x4	801b3dc4	64	f80a131af04e26d5
PL0F.PAC	0x4	801b3e04	80	ca9e554c87193aef
PL0F.PAC	0x4	801b3e54	116	f637fcc20c3ded0c
PL0F.PAC	0x4	801b3ec8	80	01b3ff54034df04e
PL0F.PAC	0x4	801b3f18	104	7fb9cf7314ca3745
PL0F.PAC	0x4	801b3f80	64	2b2bf31a7e8af8c8
PL0F.PAC	0x4	801b3fc0	64	f80a131af04e26d5
PL0F.PAC	0x4	801b4000	84	c79fa3fa22e3862a
PL0F.PAC	0x4	801b4054	64	2b2bf31a7e8af8c8
PL0F.PAC	0x4	801b4094	64	f80a131af04e26d5
PL0F.PAC	0x4	801b40d4	136	2e97a2c9e460d6db
PL0F.PAC	0x4	801b415c	128	a51e278adc1796b1
PL0F.PAC	0x4	801b41dc	84	53e921aee1c8ec71
PL0F.PAC	0x4	801b4230	96	bb2fd8c7683b438a
PL0F.PAC	0x4	801b4290	96	bb2fd8c7683b438a
PL0F.PAC	0x4	801b42f0	104	b0bcaada9579fdee
PL0F.PAC	0x4	801b4358	392	097965b3d9de6a29
PL0F.PAC	0x4	801b44e0	136	88d97d954ff62d8e
PL0F.PAC	0x4	801b4568	64	2b2bf31a7e8af8c8
PL0F.PAC	0x4	801b45a8	64	f80a131af04e26d5
PL0F.PAC	0x4	801b45e8	116	926285bbb9fa0cc9
PL0F.PAC	0x4	801b465c	100	eb37429350acf94b
PL0F.PAC	0x4	801b46c0	76	6506c98f3ea52210
PL0F.PAC	0x4	801b470c	32	20c3a8daad2ca1ef
PL0F.PAC	0x4	801b472c	32	20c3a8daad2ca1ef
PL0F.PAC	0x4	801b474c	64	ed0908076f86c2dd
PL0F.PAC	0x4	801b478c	52	98c4e69364aef7ab
PL0F.PAC	0x4	801b47c0	88	12a219f87b59abaf
PL0F.PAC	0x4	801b4818	164	8e05f568f94fb211
PL0F.PAC	0x4	801b48bc	76	205da7f410a32d17
PL0F.PAC	0x4	801b4908	100	e5eeed45e67b2577
PL0F.PAC	0x4	801b496c	104	8bd741c9a7e3b4a2
PL0F.PAC	0x4	801b49d4	104	85442186ed5f1bdc
PL0F.PAC	0x4	801b4a3c	156	3745c7e977e5fdd3
PL0F.PAC	0x4	801b4ad8	396	0ea4a16dafe4ff13
PL0F.PAC	0x4	801b4c64	72	3732510744716543
PL0F.PAC	0x4	801b4cac	100	034c6388466e2fe4
PL0F.PAC	0x4	801b4d10	8	6d64edf91449c1b1
PL0F.PAC	0x4	801b4d18	80	080dfb76d1c7c5ef
PL0F.PAC	0x4	801b4d68	64	36d10b5e7bf2e0d2
PL0F.PAC	0x4	801b4da8	276	89757e355a7a3ec2
PL0F.PAC	0x4	801b4ebc	64	8c33c089170d1f9b
PL0F.PAC	0x4	801b4efc	212	9411cd26f6501eff
PL0F.PAC	0x4	801b4fd0	32	20c3a8daad2ca1ef
PL0F.PAC	0x4	801b4ff0	32	20c3a8daad2ca1ef
PL0F.PAC	0x4	801b5010	112	1069c0b284256fe1
PL0F.PAC	0x4	801b5080	80	d01c1a9714dd733e
PL0F.PAC	0x4	801b50d0	128	10d00dcab84ced7d
PL0F.PAC	0x4	801b5150	112	1069c0b284256fe1
PL0F.PAC	0x4	801b51c0	80	d01c1a9714dd733e
PL0F.PAC	0x4	801b5210	164	f9603986620eefe6
PL0F.PAC	0x4	801b52b4	84	febaee0386ebdd4e
PL0F.PAC	0x4	801b5308	52	1cfc8fb6451a3cb8
PL0F.PAC	0x4	801b533c	64	14a9ad5a6a8ca5c8
PL0F.PAC	0x4	801b537c	76	34c82447390402c1
PL0F.PAC	0x4	801b53c8	80	01b38db6e51a6e2c
PL0F.PAC	0x4	801b5418	208	aaabc8a9cb52eeeb
PL0F.PAC	0x4	801b54e8	64	8c33c089170d1f9b
PL0F.PAC	0x4	801b5528	208	db7c20affef2716f
PL0F.PAC	0x4	801b55f8	32	20c3a8daad2ca1ef
PL0F.PAC	0x4	801b5618	32	20c3a8daad2ca1ef
PL0F.PAC	0x4	801b5638	32	20c3a8daad2ca1ef
PL0F.PAC	0x4	801b5658	32	20c3a8daad2ca1ef
PL0F.PAC	0x4	801b5678	84	febaee0386ebdd4e
PL0F.PAC	0x4	801b56cc	60	d80b755281821572
PL0F.PAC	0x4	801b5708	64	14a9ad5a6a8ca5c8
PL0F.PAC	0x4	801b5748	108	c034c181eac58e3d
PL0F.PAC	0x4	801b57b4	124	b5c229a13f89919e
PL0F.PAC	0x4	801b5830	52	35a47d20002bd52b
PL0F.PAC	0x4	801b5864	80	01b38db6e51a6e2c
PL0F.PAC	0x4	801b58b4	164	4a1962c6e5167518
PL0F.PAC	0x4	801b5958	112	2b1b42ad3f55e3be
PL0F.PAC	0x4	801b59c8	96	0d4ffb1886a8dc59
PL0F.PAC	0x4	801b5a28	132	bd77532709ac79f6
PL0F.PAC	0x4	801b5aac	32	20c3a8daad2ca1ef
PL0F.PAC	0x4	801b5acc	32	20c3a8daad2ca1ef
PL0F.PAC	0x4	801b5aec	32	20c3a8daad2ca1ef
PL0F.PAC	0x4	801b5b0c	32	20c3a8daad2ca1ef
PL0F.PAC	0x4	801b5b2c	32	20c3a8daad2ca1ef
PL0F.PAC	0x4	801b5b4c	624	00eb6a8a955870dd
PL0F.PAC	0x4	801b5dbc	68	d2480e91395a081b
PL0F.PAC	0x4	801b5e00	64	7ec1257c5bc0f60d
PL0F.PAC	0x4	801b5e40	68	530b6b66584bdbab
PL0F.PAC	0x4	801b5e84	64	f80a131af04e26d5
PL0F.PAC	0x4	801b5ec4	32	20c3a8daad2ca1ef
PL0F.PAC	0x4	801b5ee4	32	20c3a8daad2ca1ef
PL0F.PAC	0x4	801b5f04	184	ffb7f6e9497563bb
PL0F.PAC	0x4	801b5fbc	96	e23c2cf66c9f9906
PL0F.PAC	0x4	801b601c	68	530b6b66584bdbab
PL0F.PAC	0x4	801b6060	64	f80a131af04e26d5
PL0F.PAC	0x4	801b60a0	32	20c3a8daad2ca1ef
PL0F.PAC	0x4	801b60c0	32	20c3a8daad2ca1ef
PL0F.PAC	0x4	801b60e0	116	d475a48f4e0b0722
PL0F.PAC	0x4	801b6154	96	e23c2cf66c9f9906
PL0F.PAC	0x4	801b61b4	64	a8c2321748a5bc3f
PL0F.PAC	0x4	801b61f4	68	530b6b66584bdbab
PL0F.PAC	0x4	801b6238	64	f80a131af04e26d5
PL0F.PAC	0x4	801b6278	32	20c3a8daad2ca1ef
PL0F.PAC	0x4	801b6298	32	20c3a8daad2ca1ef
PL0F.PAC	0x4	801b62b8	116	0f3b1e9636782737
PL0F.PAC	0x4	801b632c	96	e23c2cf66c9f9906
PL0F.PAC	0x4	801b638c	68	530b6b66584bdbab
PL0F.PAC	0x4	801b63d0	64	f80a131af04e26d5
PL0F.PAC	0x4	801b6410	32	20c3a8daad2ca1ef
PL0F.PAC	0x4	801b6430	32	20c3a8daad2ca1ef
PL0F.PAC	0x4	801b6450	128	06171db52a00e26f
PL0F.PAC	0x4	801b64d0	96	e23c2cf66c9f9906
PL0F.PAC	0x4	801b6530	104	d5f97d38a17c4677
PL0F.PAC	0x4	801b6598	68	53af7d5b9c4d37b1
PL0F.PAC	0x4	801b65dc	112	07e6c4682852b2f3
PL0F.PAC	0x4	801b664c	64	2b2bf31a7e8af8c8
PL0F.PAC	0x4	801b668c	32	20c3a8daad2ca1ef
PL0F.PAC	0x4	801b66ac	192	1f4294d40cc4c2b5
PL0F.PAC	0x4	801b676c	68	9d48a32ea50bffea
PL0F.PAC	0x4	801b67b0	104	05074b7aadc5b520
PL0F.PAC	0x4	801b6818	192	2ad81c8f7aee7258
PL0F.PAC	0x4	801b68d8	188	51e4f5f86b5cf8c7
PL0F.PAC	0x4	801b6994	80	01b38db6e51a6e2c
PL0F.PAC	0x4	801b69e4	100	58165c636bf1379f
PL0F.PAC	0x4	801b6a48	64	8c33c089170d1f9b
PL0F.PAC	0x4	801b6a88	88	9360a14003828705
PL0F.PAC	0x4	801b6ae0	112	3aec3f45c2f3bcea
PL0F.PAC	0x4	801b6b50	164	5c2be24fc28c85fa
PL0F.PAC	0x4	801b6bf4	32	20c3a8daad2ca1ef
PL0F.PAC	0x4	801b6c14	8	6d64edf91449c1b1
PL0F.PAC	0x4	801b6c1c	80	01b38db6e51a6e2c
PL0F.PAC	0x4	801b6c6c	136	48d7503289a4f13f
PL0F.PAC	0x4	801b6cf4	216	a6180ce5fc745555
PL0F.PAC	0x4	801b6dcc	140	4befcdd252a8d06e
PL0F.PAC	0x4	801b6e58	32	20c3a8daad2ca1ef
PL0F.PAC	0x4	801b6e78	36	921e1264ead69b23
PL0FX.PAC	0x5	801c8000	188	ff85ed1d3d17cfb7
PL0FX.PAC	0x5	801c80bc	64	ed0908076f86c2dd
PL0FX.PAC	0x5	801c80fc	248	8864876d8055f4f4
PL0FX.PAC	0x5	801c81f4	80	41156d6cb723efb7
PL0FX.PAC	0x5	801c8244	68	d2480e91395a081b
PL0FX.PAC	0x5	801c8288	64	7ec1257c5bc0f60d
PL0FX.PAC	0x5	801c82c8	68	530b6b66584bdbab
PL0FX.PAC	0x5	801c830c	64	f80a131af04e26d5
PL0FX.PAC	0x5	801c834c	204	dcebe95da5dd9a65
PL0FX.PAC	0x5	801c8418	32	20c3a8daad2ca1ef
PL0FX.PAC	0x5	801c8438	32	20c3a8daad2ca1ef
PL0FX.PAC	0x5	801c8458	216	20e986ac130097a0
PL0FX.PAC	0x5	801c8530	64	8a55370c14285ce0
PL0FX.PAC	0x5	801c8570	64	f80a131af04e26d5
PL0FX.PAC	0x5	801c85b0	268	68086f93cc8ff590
PL0FX.PAC	0x5	801c86bc	32	20c3a8daad2ca1ef
PL0FX.PAC	0x5	801c86dc	32	20c3a8daad2ca1ef
PL0FX.PAC	0x5	801c86fc	64	f80a131af04e26d5
PL0FX.PAC	0x5	801c873c	196	73866417aa68416a
PL0FX.PAC	0x5	801c8800	32	20c3a8daad2ca1ef
PL0FX.PAC	0x5	801c8820	32	20c3a8daad2ca1ef
PL0FX.PAC	0x5	801c8840	96	4849189abb15ec1a
PL0FX.PAC	0x5	801c88a0	196	840ed8fb8d3daae5
PL0FX.PAC	0x5	801c8964	32	20c3a8daad2ca1ef
PL0FX.PAC	0x5	801c8984	32	20c3a8daad2ca1ef
PL0FX.PAC	0x5	801c89a4	64	f80a131af04e26d5
PL0FX.PAC	0x5	801c89e4	196	954ef85106242a61
PL0FX.PAC	0x5	801c8aa8	32	20c3a8daad2ca1ef
PL0FX.PAC	0x5	801c8ac8	104	4b1d297df17a459c
PL0FX.PAC	0x5	801c8b30	80	00e4779bcc74e5f2
PL0FX.PAC	0x5	801c8b80	112	07e6c4682852b2f3
PL0FX.PAC	0x5	801c8bf0	68	a9a4d8411413a3df
PL0FX.PAC	0x5	801c8c34	120	45bc6b108cd01870
PL0FX.PAC	0x5	801c8cac	228	3c2cb8110bf4afac
PL0FX.PAC	0x5	801c8d90	216	264e621a5dca022d
PL0FX.PAC	0x5	801c8e68	64	f80a131af04e26d5
PL0FX.PAC	0x5	801c8ea8	108	c43ac3f11fe48771
PL0FX.PAC	0x5	801c8f14	164	425df4517ef61a0f
PL0FX.PAC	0x5	801c8fb8	80	9f44915c5709a310
PL0FX.PAC	0x5	801c9008	476	32d08e4f68ebbb18
PL0FX.PAC	0x5	801c91e4	216	4bb311d83218aea1
PL0FX.PAC	0x5	801c92bc	112	5e4cacc3c5c746b3
PL0FX.PAC	0x5	801c932c	236	ea8651ab9585c9cb
PL0FX.PAC	0x5	801c9418	152	dfaf6d55b33aa9f6
PL0FX.PAC	0x5	801c94b0	128	16edd0e42ee535ee
PL0FX.PAC	0x5	801c9530	140	ece4065f0ba53e58
PL0FX.PAC	0x5	801c95bc	108	a371f9131fca7ce6
PL0FX.PAC	0x5	801c9628	140	d6b9686e5cb4336a
PL0FX.PAC	0x5	801c96b4	104	18f7cb5e6614f872
PL0FX.PAC	0x5	801c971c	172	498e4f122d667e39
PL0FX.PAC	0x5	801c97c8	180	99a8abce6549c567
PL0FX.PAC	0x5	801c987c	68	53e35001b292d5cc
PL0FX.PAC	0x5	801c98c0	152	2ade9cc0c11ee9a2
PL0FX.PAC	0x5	801c9958	156	458d0316025930c5
PL0FX.PAC	0x5	801c99f4	156	9932537805553b93
PL0FX.PAC	0x5	801c9a90	72	1843007a0cd541f3
PL0FX.PAC	0x5	801c9ad8	96	914f40e6633fec6d
PL0FX.PAC	0x5	801c9b38	68	595bb8bcfaaf9690
PL0FX.PAC	0x5	801c9b7c	48	6ddd07fda9b035fe
PL0FX.PAC	0x5	801c9bac	52	e05a9517a130e383
PL0FX.PAC	0x5	801c9be0	48	13e0c0ca337010c9
PL0FX.PAC	0x5	801c9c10	100	7a037cb896f1ca94
PL0FX.PAC	0x5	801c9c74	8	c0b0db0a4fdd6d58
PL0FX.PAC	0x5	801c9c7c	8	207819bf4ebe3078
PL0FX.PAC	0x5	801c9c84	64	946de9087c599ba6
PL0FX.PAC	0x5	801c9cc4	64	946de9087c599ba6
PL0FX.PAC	0x5	801c9d04	96	501752f8b44cb5d5
PL0FX.PAC	0x5	801c9d64	120	0adb1c169b337331
PL0FX.PAC	0x5	801c9ddc	92	1e34b312eae0fdbc
PL0FX.PAC	0x5	801c9e38	144	cec2d5917a1c5770
PL0FX.PAC	0x5	801c9ec8	116	146bc16be65fbb82
PL0FX.PAC	0x5	801c9f3c	156	5b39eba85fcd33f2
PL0FX.PAC	0x5	801c9fd8	64	f80a131af04e26d5
PL0FX.PAC	0x5	801ca018	124	cc2804e579e00990
PL0FX.PAC	0x5	801ca094	80	eb86dca237fa27e5
PL0FX.PAC	0x5	801ca0e4	132	fef911b9161a9eda
PL0FX.PAC	0x5	801ca168	144	5907f2bd9fc40549
PL0FX.PAC	0x5	801ca1f8	120	d97e4d08d6fb66e3
PL0FX.PAC	0x5	801ca270	124	42dc25571d0e640b
PL0FX.PAC	0x5	801ca2ec	84	7bbed72fce86c6a1
PL0FX.PAC	0x5	801ca340	268	5ac2dc2de93fd828
PL0FX.PAC	0x5	801ca44c	64	f80a131af04e26d5
PL0FX.PAC	0x5	801ca48c	120	cd95e54cc8ac230c
PL0FX.PAC	0x5	801ca504	320	34e432eef588bba9
PL0FX.PAC	0x5	801ca644	136	2c1ba5dcbfb219c5
PL0FX.PAC	0x5	801ca6cc	64	f80a131af04e26d5
PL0FX.PAC	0x5	801ca70c	120	a7e6d9fff0d467fc
PL0FX.PAC	0x5	801ca784	308	ebe20a7dc4913a2a
PL0FX.PAC	0x5	801ca8b8	76	416e64de31932d21
PL0FX.PAC	0x5	801ca904	84	b0696940fd1ffa4f
PL0FX.PAC	0x5	801ca958	64	f80a131af04e26d5
PL0FX.PAC	0x5	801ca998	120	f2678c9cc9c82cfd
PL0FX.PAC	0x5	801caa10	332	d9307f8a2daccc88
PL0FX.PAC	0x5	801cab5c	76	80c8166a7d57c54a
PL0FX.PAC	0x5	801caba8	124	d1d22fa199fa98cc
PL0FX.PAC	0x5	801cac24	64	f80a131af04e26d5
PL0FX.PAC	0x5	801cac64	108	6694016a459fb643
PL0FX.PAC	0x5	801cacd0	140	d28bb1015a55110b
PL0FX.PAC	0x5	801cad5c	136	1a0d8a959a6940c7
PL0FX.PAC	0x5	801cade4	224	32d454f5c4793ace
PL0FX.PAC	0x5	801caec4	68	81a63fcbd48a1888
PL0FX.PAC	0x5	801caf08	64	f80a131af04e26d5
PL0FX.PAC	0x5	801caf48	80	ca9e554c87193aef
PL0FX.PAC	0x5	801caf98	80	f88f263ae5795d6c
PL0FX.PAC	0x5	801cafe8	64	2b2bf31a7e8af8c8
PL0FX.PAC	0x5	801cb028	64	f80a131af04e26d5
PL0FX.PAC	0x5	801cb068	184	0b1f3f8232b1c872
PL0FX.PAC	0x5	801cb120	144	da30fc865bd28111
PL0FX.PAC	0x5	801cb1b0	120	1de308273b330d3f
PL0FX.PAC	0x5	801cb228	88	63ef9263b4e4562a
PL0FX.PAC	0x5	801cb280	64	cc1ed72e1bcfcddf
PL0FX.PAC	0x5	801cb2c0	64	f80a131af04e26d5
PL0FX.PAC	0x5	801cb300	96	85903827340fe187
PL0FX.PAC	0x5	801cb360	128	df80758f46f148ae
PL0FX.PAC	0x5	801cb3e0	164	438e3eecd9e3d01b
PL0FX.PAC	0x5	801cb484	304	e7a424f59fef809a
PL0FX.PAC	0x5	801cb5b4	76	01963b4019bf6e63
PL0FX.PAC	0x5	801cb600	64	2b2bf31a7e8af8c8
PL0FX.PAC	0x5	801cb640	64	f80a131af04e26d5
PL0FX.PAC	0x5	801cb680	96	ef26b13b738bc91a
PL0FX.PAC	0x5	801cb6e0	140	3b544b1bf79ef214
PL0FX.PAC	0x5	801cb76c	140	f8632bc73fbd7355
PL0FX.PAC	0x5	801cb7f8	120	b1f25926f8aeb1af
PL0FX.PAC	0x5	801cb870	220	36d16b950a7cb7c5
PL0FX.PAC	0x5	801cb94c	84	6e3626cb53bf2b61
PL0FX.PAC	0x5	801cb9a0	116	a526038e59c53d06
PL0FX.PAC	0x5	801cba14	64	2b2bf31a7e8af8c8
PL0FX.PAC	0x5	801cba54	80	b11f836f5d81cd6b
PL0FX.PAC	0x5	801cbaa4	136	04823bf261d3600c
PL0FX.PAC	0x5	801cbb2c	232	30b0dfcf18298f75
PL0FX.PAC	0x5	801cbc14	244	bc6dd86faa6f03b6
PL0FX.PAC	0x5	801cbd08	124	9cd6dfe3de9ecd03
PL0FX.PAC	0x5	801cbd84	64	2b2bf31a7e8af8c8
PL0FX.PAC	0x5	801cbdc4	64	f80a131af04e26d5
PL0FX.PAC	0x5	801cbe04	80	ca9e554c87193aef
PL0FX.PAC	0x5	801cbe54	116	f637fcc20c3ded0c
PL0FX.PAC	0x5	801cbec8	80	01b3ff54034df04e
PL0FX.PAC	0x5	801cbf18	104	7fb9cf7314ca3745
PL0FX.PAC	0x5	801cbf80	64	2b2bf31a7e8af8c8
PL0FX.PAC	0x5	801cbfc0	64	f80a131af04e26d5
PL0FX.PAC	0x5	801cc000	84	c79fa3fa22e3862a
PL0FX.PAC	0x5	801cc054	64	2b2bf31a7e8af8c8
PL0FX.PAC	0x5	801cc094	64	f80a131af04e26d5
PL0FX.PAC	0x5	801cc0d4	136	2e97a2c9e460d6db
PL0FX.PAC	0x5	801cc15c	128	a51e278adc1796b1
PL0FX.PAC	0x5	801cc1dc	84	53e921aee1c8ec71
PL0FX.PAC	0x5	801cc230	96	bb2fd8c7683b438a
PL0FX.PAC	0x5	801cc290	96	bb2fd8c7683b438a
PL0FX.PAC	0x5	801cc2f0	104	b0bcaada9579fdee
PL0FX.PAC	0x5	801cc358	392	097965b3d9de6a29
PL0FX.PAC	0x5	801cc4e0	136	88d97d954ff62d8e
PL0FX.PAC	0x5	801cc568	64	2b2bf31a7e8af8c8
PL0FX.PAC	0x5	801cc5a8	64	f80a131af04e26d5
PL0FX.PAC	0x5	801cc5e8	116	926285bbb9fa0cc9
PL0FX.PAC	0x5	801cc65c	100	eb37429350acf94b
PL0FX.PAC	0x5	801cc6c0	76	6506c98f3ea52210
PL0FX.PAC	0x5	801cc70c	32	20c3a8daad2ca1ef
PL0FX.PAC	0x5	801cc72c	32	20c3a8daad2ca1ef
PL0FX.PAC	0x5	801cc74c	64	ed0908076f86c2dd
PL0FX.PAC	0x5	801cc78c	52	98c4e69364aef7ab
PL0FX.PAC	0x5	801cc7c0	88	12a219f87b59abaf
PL0FX.PAC	0x5	801cc818	164	8e05f568f94fb211
PL0FX.PAC	0x5	801cc8bc	76	205da7f410a32d17
PL0FX.PAC	0x5	801cc908	100	e5eeed45e67b2577
PL0FX.PAC	0x5	801cc96c	104	8bd741c9a7e3b4a2
PL0FX.PAC	0x5	801cc9d4	104	85442186ed5f1bdc
PL0FX.PAC	0x5	801cca3c	156	3745c7e977e5fdd3
PL0FX.PAC	0x5	801ccad8	396	0ea4a16dafe4ff13
PL0FX.PAC	0x5	801ccc64	72	3732510744716543
PL0FX.PAC	0x5	801cccac	100	034c6388466e2fe4
PL0FX.PAC	0x5	801ccd10	8	6d64edf91449c1b1
PL0FX.PAC	0x5	801ccd18	80	080dfb76d1c7c5ef
PL0FX.PAC	0x5	801ccd68	64	36d10b5e7bf2e0d2
PL0FX.PAC	0x5	801ccda8	276	89757e355a7a3ec2
PL0FX.PAC	0x5	801ccebc	64	8c33c089170d1f9b
PL0FX.PAC	0x5	801ccefc	212	9411cd26f6501eff
PL0FX.PAC	0x5	801ccfd0	32	20c3a8daad2ca1ef
PL0FX.PAC	0x5	801ccff0	32	20c3a8daad2ca1ef
PL0FX.PAC	0x5	801cd010	112	1069c0b284256fe1
PL0FX.PAC	0x5	801cd080	80	d01c1a9714dd733e
PL0FX.PAC	0x5	801cd0d0	128	10d00dcab84ced7d
PL0FX.PAC	0x5	801cd150	112	1069c0b284256fe1
PL0FX.PAC	0x5	801cd1c0	80	d01c1a9714dd733e
PL0FX.PAC	0x5	801cd210	164	f9603986620eefe6
PL0FX.PAC	0x5	801cd2b4	84	febaee0386ebdd4e
PL0FX.PAC	0x5	801cd308	52	1cfc8fb6451a3cb8
PL0FX.PAC	0x5	801cd33c	64	14a9ad5a6a8ca5c8
PL0FX.PAC	0x5	801cd37c	76	34c82447390402c1
PL0FX.PAC	0x5	801cd3c8	80	01b38db6e51a6e2c
PL0FX.PAC	0x5	801cd418	208	aaabc8a9cb52eeeb
PL0FX.PAC	0x5	801cd4e8	64	8c33c089170d1f9b
PL0FX.PAC	0x5	801cd528	208	db7c20affef2716f
PL0FX.PAC	0x5	801cd5f8	32	20c3a8daad2ca1ef
PL0FX.PAC	0x5	801cd618	32	20c3a8daad2ca1ef
PL0FX.PAC	0x5	801cd638	32	20c3a8daad2ca1ef
PL0FX.PAC	0x5	801cd658	32	20c3a8daad2ca1ef
PL0FX.PAC	0x5	801cd678	84	febaee0386ebdd4e
PL0FX.PAC	0x5	801cd6cc	60	d80b755281821572
PL0FX.PAC	0x5	801cd708	64	14a9ad5a6a8ca5c8
PL0FX.PAC	0x5	801cd748	108	c034c181eac58e3d
PL0FX.PAC	0x5	801cd7b4	124	b5c229a13f89919e
PL0FX.PAC	0x5	801cd830	52	35a47d20002bd52b
PL0FX.PAC	0x5	801cd864	80	01b38db6e51a6e2c
PL0FX.PAC	0x5	801cd8b4	164	4a1962c6e5167518
PL0FX.PAC	0x5	801cd958	112	2b1b42ad3f55e3be
PL0FX.PAC	0x5	801cd9c8	96	0d4ffb1886a8dc59
PL0FX.PAC	0x5	801cda28	132	bd77532709ac79f6
PL0FX.PAC	0x5	801cdaac	32	20c3a8daad2ca1ef
PL0FX.PAC	0x5	801cdacc	32	20c3a8daad2ca1ef
PL0FX.PAC	0x5	801cdaec	32	20c3a8daad2ca1ef
PL0FX.PAC	0x5	801cdb0c	32	20c3a8daad2ca1ef
PL0FX.PAC	0x5	801cdb2c	32	20c3a8daad2ca1ef
PL0FX.PAC	0x5	801cdb4c	624	00eb6a8a955870dd
PL0FX.PAC	0x5	801cddbc	68	d2480e91395a081b
PL0FX.PAC	0x5	801cde00	64	7ec1257c5bc0f60d
PL0FX.PAC	0x5	801cde40	68	530b6b66584bdbab
PL0FX.PAC	0x5	801cde84	64	f80a131af04e26d5
PL0FX.PAC	0x5	801cdec4	32	20c3a8daad2ca1ef
PL0FX.PAC	0x5	801cdee4	32	20c3a8daad2ca1ef
PL0FX.PAC	0x5	801cdf04	184	ffb7f6e9497563bb
PL0FX.PAC	0x5	801cdfbc	96	e23c2cf66c9f9906
PL0FX.PAC	0x5	801ce01c	68	530b6b66584bdbab
PL0FX.PAC	0x5	801ce060	64	f80a131af04e26d5
PL0FX.PAC	0x5	801ce0a0	32	20c3a8daad2ca1ef
PL0FX.PAC	0x5	801ce0c0	32	20c3a8daad2ca1ef
PL0FX.PAC	0x5	801ce0e0	116	d475a48f4e0b0722
PL0FX.PAC	0x5	801ce154	96	e23c2cf66c9f9906
PL0FX.PAC	0x5	801ce1b4	64	a8c2321748a5bc3f
PL0FX.PAC	0x5	801ce1f4	68	530b6b66584bdbab
PL0FX.PAC	0x5	801ce238	64	f80a131af04e26d5
PL0FX.PAC	0x5	801ce278	32	20c3a8daad2ca1ef
PL0FX.PAC	0x5	801ce298	32	20c3a8daad2ca1ef
PL0FX.PAC	0x5	801ce2b8	116	0f3b1e9636782737
PL0FX.PAC	0x5	801ce32c	96	e23c2cf66c9f9906
PL0FX.PAC	0x5	801ce38c	68	530b6b66584bdbab
PL0FX.PAC	0x5	801ce3d0	64	f80a131af04e26d5
PL0FX.PAC	0x5	801ce410	32	20c3a8daad2ca1ef
PL0FX.PAC	0x5	801ce430	32	20c3a8daad2ca1ef
PL0FX.PAC	0x5	801ce450	128	06171db52a00e26f
PL0FX.PAC	0x5	801ce4d0	96	e23c2cf66c9f9906
PL0FX.PAC	0x5	801ce530	104	d5f97d38a17c4677
PL0FX.PAC	0x5	801ce598	68	53af7d5b9c4d37b1
PL0FX.PAC	0x5	801ce5dc	112	07e6c4682852b2f3
PL0FX.PAC	0x5	801ce64c	64	2b2bf31a7e8af8c8
PL0FX.PAC	0x5	801ce68c	32	20c3a8daad2ca1ef
PL0FX.PAC	0x5	801ce6ac	192	1f4294d40cc4c2b5
PL0FX.PAC	0x5	801ce76c	68	9d48a32ea50bffea
PL0FX.PAC	0x5	801ce7b0	104	05074b7aadc5b520
PL0FX.PAC	0x5	801ce818	192	2ad81c8f7aee7258
PL0FX.PAC	0x5	801ce8d8	188	51e4f5f86b5cf8c7
PL0FX.PAC	0x5	801ce994	80	01b38db6e51a6e2c
PL0FX.PAC	0x5	801ce9e4	100	58165c636bf1379f
PL0FX.PAC	0x5	801cea48	64	8c33c089170d1f9b
PL0FX.PAC	0x5	801cea88	88	9360a14003828705
PL0FX.PAC	0x5	801ceae0	112	3aec3f45c2f3bcea
PL0FX.PAC	0x5	801ceb50	164	5c2be24fc28c85fa
PL0FX.PAC	0x5	801cebf4	32	20c3a8daad2ca1ef
PL0FX.PAC	0x5	801cec14	8	6d64edf91449c1b1
PL0FX.PAC	0x5	801cec1c	80	01b38db6e51a6e2c
PL0FX.PAC	0x5	801cec6c	136	48d7503289a4f13f
PL0FX.PAC	0x5	801cecf4	216	a6180ce5fc745555
PL0FX.PAC	0x5	801cedcc	140	4befcdd252a8d06e
PL0FX.PAC	0x5	801cee58	32	20c3a8daad2ca1ef
PL0FX.PAC	0x5	801cee78	36	921e1264ead69b23
PL10.PAC	0x4	801b0118	388	70bcc63967c6c03d
PL10.PAC	0x4	801b029c	88	ec84322e863db4c2
PL10.PAC	0x4	801b02f4	64	7ec1257c5bc0f60d
PL10.PAC	0x4	801b0334	64	f80a131af04e26d5
PL10.PAC	0x4	801b0374	160	a1b3a64664b004b1
PL10.PAC	0x4	801b0414	28	dc402866fce65d62
PL10.PAC	0x4	801b0430	188	b2b24b3873d73019
PL10.PAC	0x4	801b04ec	64	f80a131af04e26d5
PL10.PAC	0x4	801b052c	152	f4216a1b63000cde
PL10.PAC	0x4	801b05c4	132	a5e6f36ca9880a7e
PL10.PAC	0x4	801b0648	64	a8c2321748a5bc3f
PL10.PAC	0x4	801b0688	64	f80a131af04e26d5
PL10.PAC	0x4	801b06c8	152	353e416de7d776a5
PL10.PAC	0x4	801b0760	132	a5e6f36ca9880a7e
PL10.PAC	0x4	801b07e4	64	f80a131af04e26d5
PL10.PAC	0x4	801b0824	100	2f6af939c93fa133
PL10.PAC	0x4	801b0888	132	a5e6f36ca9880a7e
PL10.PAC	0x4	801b090c	64	5c5e5682abc32394
PL10.PAC	0x4	801b094c	116	ef898c2ec0eaca0b
PL10.PAC	0x4	801b09c0	144	4faa31c80a67a26e
PL10.PAC	0x4	801b0a50	144	33f6dfcf4be0dd3e
PL10.PAC	0x4	801b0ae0	252	06c0fbeb25a1374e
PL10.PAC	0x4	801b0bdc	92	957da98c502a9d61
PL10.PAC	0x4	801b0c38	84	d853381a480ef56d
PL10.PAC	0x4	801b0c8c	92	10d8fbb47afdf9f9
PL10.PAC	0x4	801b0ce8	96	44f86af45d45a677
PL10.PAC	0x4	801b0d48	64	ed0908076f86c2dd
PL10.PAC	0x4	801b0d88	52	98c4e69364aef7ab
PL10.PAC	0x4	801b0dbc	88	12a219f87b59abaf
PL10.PAC	0x4	801b0e14	224	03789658c5ae5e84
PL10.PAC	0x4	801b0ef4	188	8e5801a8e6af42c8
PL10.PAC	0x4	801b0fb0	64	ed0908076f86c2dd
PL10.PAC	0x4	801b0ff0	72	ed4903658bbf803a
PL10.PAC	0x4	801b1038	64	80572c4b8360a2c0
PL10.PAC	0x4	801b1078	32	20c3a8daad2ca1ef
PL10.PAC	0x4	801b1098	32	20c3a8daad2ca1ef
PL10.PAC	0x4	801b10b8	32	20c3a8daad2ca1ef
PL10.PAC	0x4	801b10d8	128	061d72968e99de56
PL10.PAC	0x4	801b1158	160	87c94fab806125b9
PL10.PAC	0x4	801b11f8	208	9910b99e6304b11a
PL10.PAC	0x4	801b12c8	64	13414143bc705b78
PL10.PAC	0x4	801b1308	64	f80a131af04e26d5
PL10.PAC	0x4	801b1348	104	95ca880c8bbc68af
PL10.PAC	0x4	801b13b0	480	fe5bf8149d320a2a
PL10.PAC	0x4	801b1590	124	71eac609ca7775a7
PL10.PAC	0x4	801b160c	124	40dcb15c6c93207e
PL10.PAC	0x4	801b1688	64	13414143bc705b78
PL10.PAC	0x4	801b16c8	64	f80a131af04e26d5
PL10.PAC	0x4	801b1708	104	a72105155c24b343
PL10.PAC	0x4	801b1770	392	cfffbcf000e1f7a3
PL10.PAC	0x4	801b18f8	124	6799832dddc6219d
PL10.PAC	0x4	801b1974	124	f68f8543e68ec85c
PL10.PAC	0x4	801b19f0	64	13414143bc705b78
PL10.PAC	0x4	801b1a30	488	40c7514b7669d392
PL10.PAC	0x4	801b1c18	232	16bb495b13889a17
PL10.PAC	0x4	801b1d00	140	e9af24aaf89a2a8c
PL10.PAC	0x4	801b1d8c	160	ac55fd7440cf6e55
PL10.PAC	0x4	801b1e2c	108	1917e098e5c59318
PL10.PAC	0x4	801b1e98	244	add758a4b707b8b6
PL10.PAC	0x4	801b1f8c	112	649e56b2afc8a137
PL10.PAC	0x4	801b1ffc	112	eab83019e8403da3
PL10.PAC	0x4	801b206c	104	7015563371fded40
PL10.PAC	0x4	801b20d4	168	4a0181579928eeab
PL10.PAC	0x4	801b217c	132	5c2cca863da07567
PL10.PAC	0x4	801b2200	160	09b8ba1f5ddcfbfe
PL10.PAC	0x4	801b22a0	132	44711b798de4ad64
PL10.PAC	0x4	801b2324	140	27456131ff71debd
PL10.PAC	0x4	801b23b0	64	946de9087c599ba6
PL10.PAC	0x4	801b23f0	64	f80a131af04e26d5
PL10.PAC	0x4	801b2430	108	6694016a459fb643
PL10.PAC	0x4	801b249c	160	1ee8ea494c4949ea
PL10.PAC	0x4	801b253c	156	b9a920c240a7a7e1
PL10.PAC	0x4	801b25d8	216	a70ed9b5624fbb62
PL10.PAC	0x4	801b26b0	64	f80a131af04e26d5
PL10.PAC	0x4	801b26f0	84	c87ec8bdffdb858d
PL10.PAC	0x4	801b2744	64	2b2bf31a7e8af8c8
PL10.PAC	0x4	801b2784	64	f80a131af04e26d5
PL10.PAC	0x4	801b27c4	88	beb3d51dbcaf3251
PL10.PAC	0x4	801b281c	140	0538fb51984c0ad6
PL10.PAC	0x4	801b28a8	260	97fecde08bf18f11
PL10.PAC	0x4	801b29ac	148	c3b212fec94bd562
PL10.PAC	0x4	801b2a40	64	f80a131af04e26d5
PL10.PAC	0x4	801b2a80	88	beb3d51dbcaf3251
PL10.PAC	0x4	801b2ad8	92	ee580f67c951bfd1
PL10.PAC	0x4	801b2b34	64	f80a131af04e26d5
PL10.PAC	0x4	801b2b74	148	2ae5c3ba71d0e65d
PL10.PAC	0x4	801b2c08	64	f80a131af04e26d5
PL10.PAC	0x4	801b2c48	144	a342dd21fddd4907
PL10.PAC	0x4	801b2cd8	340	afed8811b1272693
PL10.PAC	0x4	801b2e2c	80	7d3f4259d3f29471
PL10.PAC	0x4	801b2e7c	284	d5c2021e951aa730
PL10.PAC	0x4	801b2f98	84	66ea1cfbcb1a4785
PL10.PAC	0x4	801b2fec	64	f80a131af04e26d5
PL10.PAC	0x4	801b302c	136	e04f40b11c188892
PL10.PAC	0x4	801b30b4	364	221a48979eacbd5a
PL10.PAC	0x4	801b3220	284	aa97ff667277f8f6
PL10.PAC	0x4	801b333c	76	8d1772ccbfadba7d
PL10.PAC	0x4	801b3388	84	66ea1cfbcb1a4785
PL10.PAC	0x4	801b33dc	64	f80a131af04e26d5
PL10.PAC	0x4	801b341c	164	243e2883673ffb47
PL10.PAC	0x4	801b34c0	308	3e771348cbbbd475
PL10.PAC	0x4	801b35f4	368	742b4f41755b01ca
PL10.PAC	0x4	801b3764	160	5a6cb477785aa658
PL10.PAC	0x4	801b3804	116	e5771b25d47a0e05
PL10.PAC	0x4	801b3878	756	97acce65e8dea665
PL10.PAC	0x4	801b3b6c	124	76ddb459523d818f
PL10.PAC	0x4	801b3be8	116	5fea402b106af9cc
PL10.PAC	0x4	801b3c5c	64	f80a131af04e26d5
PL10.PAC	0x4	801b3c9c	164	34168f28cb9a965b
PL10.PAC	0x4	801b3d40	188	609d3d05539e677c
PL10.PAC	0x4	801b3dfc	344	0606e3d3d4a0f712
PL10.PAC	0x4	801b3f54	244	f9117f06e6eca92e
PL10.PAC	0x4	801b4048	108	88209bb139b03440
PL10.PAC	0x4	801b40b4	284	1d2da9875b72c469
PL10.PAC	0x4	801b41d0	376	f7efce1717316f47
PL10.PAC	0x4	801b4348	124	fb05eabb1e64881e
PL10.PAC	0x4	801b43c4	128	9128bf3b2293179a
PL10.PAC	0x4	801b4444	64	f80a131af04e26d5
PL10.PAC	0x4	801b4484	20	9cc3dcebf0789d60
PL10.PAC	0x4	801b4498	144	20c6f35ce5677e14
PL10.PAC	0x4	801b4528	200	9bd9773e7740b525
PL10.PAC	0x4	801b45f0	200	c7a3e4ead733e115
PL10.PAC	0x4	801b46b8	112	aa4e16edb2fa3b9c
PL10.PAC	0x4	801b4728	284	b0651b966dc3f6f1
PL10.PAC	0x4	801b4844	360	6bce7fa544410a3a
PL10.PAC	0x4	801b49ac	112	d36de7c6e110d9fa
PL10.PAC	0x4	801b4a1c	112	384c74ed554b58e6
PL10.PAC	0x4	801b4a8c	68	2cec573c98c5ccbe
PL10.PAC	0x4	801b4ad0	72	71fbaaeaf4fa857a
PL10.PAC	0x4	801b4b18	64	f80a131af04e26d5
PL10.PAC	0x4	801b4b58	256	41db1bbf06c3852b
PL10.PAC	0x4	801b4c58	132	ab140122732b2d56
PL10.PAC	0x4	801b4cdc	168	fc60d97cbdd582e8
PL10.PAC	0x4	801b4d84	316	f657d900f261bd7b
PL10.PAC	0x4	801b4ec0	136	c6e08d93da868cfe
PL10.PAC	0x4	801b4f48	128	f0e4eefd5e04f7b9
PL10.PAC	0x4	801b4fc8	92	ee580f67c951bfd1
PL10.PAC	0x4	801b5024	336	35321bf0f3478c5d
PL10.PAC	0x4	801b5174	128	f0e4eefd5e04f7b9
PL10.PAC	0x4	801b51f4	92	ee580f67c951bfd1
PL10.PAC	0x4	801b5250	144	04958aa6b296cd10
PL10.PAC	0x4	801b52e0	124	671b1b6442815bda
PL10.PAC	0x4	801b535c	460	2cd3682218c23aee
PL10.PAC	0x4	801b5528	124	ff2df0278fcc902b
PL10.PAC	0x4	801b55a4	108	466563b667d93db9
PL10.PAC	0x4	801b5610	112	3274ec44bf003386
PL10.PAC	0x4	801b5680	232	aa3d8551de9ccb1b
PL10.PAC	0x4	801b5768	292	7b4c2eea7d1dda77
PL10.PAC	0x4	801b588c	116	133a1f90b164cd47
PL10.PAC	0x4	801b5900	64	f80a131af04e26d5
PL10.PAC	0x4	801b5940	92	5820d3afc25d758f
PL10.PAC	0x4	801b599c	124	917823309eb92943
PL10.PAC	0x4	801b5a18	164	96451076b8402dd8
PL10.PAC	0x4	801b5abc	212	b1a3aed634a0c02d
PL10.PAC	0x4	801b5b90	576	a1734306f0af58f6
PL10.PAC	0x4	801b5dd0	120	68d37da2bbab5992
PL10.PAC	0x4	801b5e48	84	1102a9e9d3dc3053
PL10.PAC	0x4	801b5e9c	200	df24f130c6236f24
PL10.PAC	0x4	801b5f64	484	c5ea05a16b7c3fd0
PL10.PAC	0x4	801b6148	124	2c238a0019739af9
PL10.PAC	0x4	801b61c4	108	466563b667d93db9
PL10.PAC	0x4	801b6230	64	13414143bc705b78
PL10.PAC	0x4	801b6270	200	7450a17527140f95
PL10.PAC	0x4	801b6338	72	1843007a0cd541f3
PL10.PAC	0x4	801b6380	12	267f6a23f7aec3f5
PL10.PAC	0x4	801b638c	20	719d31a9c40f47bc
PL10.PAC	0x4	801b63a0	20	719d31a9c40f47bc
PL10.PAC	0x4	801b63b4	8	c0b0db0a4fdd6d58
PL10.PAC	0x4	801b63bc	8	c0b0db0a4fdd6d58
PL10.PAC	0x4	801b63c4	8	c0b0db0a4fdd6d58
PL10.PAC	0x4	801b63cc	8	c0b0db0a4fdd6d58
PL10.PAC	0x4	801b63d4	8	c0b0db0a4fdd6d58
PL10.PAC	0x4	801b63dc	8	c0b0db0a4fdd6d58
PL10.PAC	0x4	801b63e4	8	c0b0db0a4fdd6d58
PL10.PAC	0x4	801b63ec	8	c0b0db0a4fdd6d58
PL10.PAC	0x4	801b63f4	8	c0b0db0a4fdd6d58
PL10.PAC	0x4	801b63fc	104	c95d1bf40aafce73
PL10.PAC	0x4	801b6464	64	36d10b5e7bf2e0d2
PL10.PAC	0x4	801b64a4	144	2ec1f9461dd888c5
PL10.PAC	0x4	801b6534	84	febaee0386ebdd4e
PL10.PAC	0x4	801b6588	76	a06af0d38509ed2f
PL10.PAC	0x4	801b65d4	20	469ab567c4e2c3e0
PL10.PAC	0x4	801b65e8	32	20c3a8daad2ca1ef
PL10.PAC	0x4	801b6608	80	01b38db6e51a6e2c
PL10.PAC	0x4	801b6658	176	6d4482e08f4a7815
PL10.PAC	0x4	801b6708	240	690339f6de083835
PL10.PAC	0x4	801b67f8	20	469ab567c4e2c3e0
PL10.PAC	0x4	801b680c	68	61ec942eaa619062
PL10.PAC	0x4	801b6850	8	b8b8afcd3d768f52
PL10.PAC	0x4	801b6858	48	c9668b5d8b5cd1cb
PL10.PAC	0x4	801b6888	88	ec84322e863db4c2
PL10.PAC	0x4	801b68e0	64	7ec1257c5bc0f60d
PL10.PAC	0x4	801b6920	72	e75db41d82096e43
PL10.PAC	0x4	801b6968	136	fdb30ba375d8619b
PL10.PAC	0x4	801b69f0	28	dc402866fce65d62
PL10.PAC	0x4	801b6a0c	148	badd178b5bc1e6da
PL10.PAC	0x4	801b6aa0	72	e75db41d82096e43
PL10.PAC	0x4	801b6ae8	136	7a4877c553a1ff2b
PL10.PAC	0x4	801b6b70	100	3d55b71f9b5bcad5
PL10.PAC	0x4	801b6bd4	76	bc0eb7004b2f3e12
PL10.PAC	0x4	801b6c20	152	0ed5ec3f53332de2
PL10.PAC	0x4	801b6cb8	100	3d55b71f9b5bcad5
PL10.PAC	0x4	801b6d1c	236	e30838b1ffddb306
PL10X.PAC	0x5	801c8118	388	70bcc63967c6c03d
PL10X.PAC	0x5	801c829c	88	ec84322e863db4c2
PL10X.PAC	0x5	801c82f4	64	7ec1257c5bc0f60d
PL10X.PAC	0x5	801c8334	64	f80a131af04e26d5
PL10X.PAC	0x5	801c8374	160	a1b3a64664b004b1
PL10X.PAC	0x5	801c8414	28	dc402866fce65d62
PL10X.PAC	0x5	801c8430	188	b2b24b3873d73019
PL10X.PAC	0x5	801c84ec	64	f80a131af04e26d5
PL10X.PAC	0x5	801c852c	152	f4216a1b63000cde
PL10X.PAC	0x5	801c85c4	132	a5e6f36ca9880a7e
PL10X.PAC	0x5	801c8648	64	a8c2321748a5bc3f
PL10X.PAC	0x5	801c8688	64	f80a131af04e26d5
PL10X.PAC	0x5	801c86c8	152	353e416de7d776a5
PL10X.PAC	0x5	801c8760	132	a5e6f36ca9880a7e
PL10X.PAC	0x5	801c87e4	64	f80a131af04e26d5
PL10X.PAC	0x5	801c8824	100	2f6af939c93fa133
PL10X.PAC	0x5	801c8888	132	a5e6f36ca9880a7e
PL10X.PAC	0x5	801c890c	64	5c5e5682abc32394
PL10X.PAC	0x5	801c894c	116	ef898c2ec0eaca0b
PL10X.PAC	0x5	801c89c0	144	4faa31c80a67a26e
PL10X.PAC	0x5	801c8a50	144	33f6dfcf4be0dd3e
PL10X.PAC	0x5	801c8ae0	252	06c0fbeb25a1374e
PL10X.PAC	0x5	801c8bdc	92	957da98c502a9d61
PL10X.PAC	0x5	801c8c38	84	d853381a480ef56d
PL10X.PAC	0x5	801c8c8c	92	10d8fbb47afdf9f9
PL10X.PAC	0x5	801c8ce8	96	44f86af45d45a677
PL10X.PAC	0x5	801c8d48	64	ed0908076f86c2dd
PL10X.PAC	0x5	801c8d88	52	98c4e69364aef7ab
PL10X.PAC	0x5	801c8dbc	88	12a219f87b59abaf
PL10X.PAC	0x5	801c8e14	224	03789658c5ae5e84
PL10X.PAC	0x5	801c8ef4	188	8e5801a8e6af42c8
PL10X.PAC	0x5	801c8fb0	64	ed0908076f86c2dd
PL10X.PAC	0x5	801c8ff0	72	ed4903658bbf803a
PL10X.PAC	0x5	801c9038	64	80572c4b8360a2c0
PL10X.PAC	0x5	801c9078	32	20c3a8daad2ca1ef
PL10X.PAC	0x5	801c9098	32	20c3a8daad2ca1ef
PL10X.PAC	0x5	801c90b8	32	20c3a8daad2ca1ef
PL10X.PAC	0x5	801c90d8	128	061d72968e99de56
PL10X.PAC	0x5	801c9158	160	87c94fab806125b9
PL10X.PAC	0x5	801c91f8	208	9910b99e6304b11a
PL10X.PAC	0x5	801c92c8	64	13414143bc705b78
PL10X.PAC	0x5	801c9308	64	f80a131af04e26d5
PL10X.PAC	0x5	801c9348	104	95ca880c8bbc68af
PL10X.PAC	0x5	801c93b0	480	fe5bf8149d320a2a
PL10X.PAC	0x5	801c9590	124	71eac609ca7775a7
PL10X.PAC	0x5	801c960c	124	40dcb15c6c93207e
PL10X.PAC	0x5	801c9688	64	13414143bc705b78
PL10X.PAC	0x5	801c96c8	64	f80a131af04e26d5
PL10X.PAC	0x5	801c9708	104	a72105155c24b343
PL10X.PAC	0x5	801c9770	392	cfffbcf000e1f7a3
PL10X.PAC	0x5	801c98f8	124	6799832dddc6219d
PL10X.PAC	0x5	801c9974	124	f68f8543e68ec85c
PL10X.PAC	0x5	801c99f0	64	13414143bc705b78
PL10X.PAC	0x5	801c9a30	488	40c7514b7669d392
PL10X.PAC	0x5	801c9c18	232	16bb495b13889a17
PL10X.PAC	0x5	801c9d00	140	e9af24aaf89a2a8c
PL10X.PAC	0x5	801c9d8c	160	ac55fd7440cf6e55
PL10X.PAC	0x5	801c9e2c	108	1917e098e5c59318
PL10X.PAC	0x5	801c9e98	244	add758a4b707b8b6
PL10X.PAC	0x5	801c9f8c	112	649e56b2afc8a137
PL10X.PAC	0x5	801c9ffc	112	eab83019e8403da3
PL10X.PAC	0x5	801ca06c	104	7015563371fded40
PL10X.PAC	0x5	801ca0d4	168	4a0181579928eeab
PL10X.PAC	0x5	801ca17c	132	5c2cca863da07567
PL10X.PAC	0x5	801ca200	160	09b8ba1f5ddcfbfe
PL10X.PAC	0x5	801ca2a0	132	44711b798de4ad64
PL10X.PAC	0x5	801ca324	140	27456131ff71debd
PL10X.PAC	0x5	801ca3b0	64	946de9087c599ba6
PL10X.PAC	0x5	801ca3f0	64	f80a131af04e26d5
PL10X.PAC	0x5	801ca430	108	6694016a459fb643
PL10X.PAC	0x5	801ca49c	160	1ee8ea494c4949ea
PL10X.PAC	0x5	801ca53c	156	b9a920c240a7a7e1
PL10X.PAC	0x5	801ca5d8	216	a70ed9b5624fbb62
PL10X.PAC	0x5	801ca6b0	64	f80a131af04e26d5
PL10X.PAC	0x5	801ca6f0	84	c87ec8bdffdb858d
PL10X.PAC	0x5	801ca744	64	2b2bf31a7e8af8c8
PL10X.PAC	0x5	801ca784	64	f80a131af04e26d5
PL10X.PAC	0x5	801ca7c4	88	beb3d51dbcaf3251
PL10X.PAC	0x5	801ca81c	140	0538fb51984c0ad6
PL10X.PAC	0x5	801ca8a8	260	97fecde08bf18f11
PL10X.PAC	0x5	801ca9ac	148	c3b212fec94bd562
PL10X.PAC	0x5	801caa40	64	f80a131af04e26d5
PL10X.PAC	0x5	801caa80	88	beb3d51dbcaf3251
PL10X.PAC	0x5	801caad8	92	ee580f67c951bfd1
PL10X.PAC	0x5	801cab34	64	f80a131af04e26d5
PL10X.PAC	0x5	801cab74	148	2ae5c3ba71d0e65d
PL10X.PAC	0x5	801cac08	64	f80a131af04e26d5
PL10X.PAC	0x5	801cac48	144	a342dd21fddd4907
PL10X.PAC	0x5	801cacd8	340	afed8811b1272693
PL10X.PAC	0x5	801cae2c	80	7d3f4259d3f29471
PL10X.PAC	0x5	801cae7c	284	d5c2021e951aa730
PL10X.PAC	0x5	801caf98	84	66ea1cfbcb1a4785
PL10X.PAC	0x5	801cafec	64	f80a131af04e26d5
PL10X.PAC	0x5	801cb02c	136	e04f40b11c188892
PL10X.PAC	0x5	801cb0b4	364	221a48979eacbd5a
PL10X.PAC	0x5	801cb220	284	aa97ff667277f8f6
PL10X.PAC	0x5	801cb33c	76	8d1772ccbfadba7d
PL10X.PAC	0x5	801cb388	84	66ea1cfbcb1a4785
PL10X.PAC	0x5	801cb3dc	64	f80a131af04e26d5
PL10X.PAC	0x5	801cb41c	164	243e2883673ffb47
PL10X.PAC	0x5	801cb4c0	308	3e771348cbbbd475
PL10X.PAC	0x5	801cb5f4	368	742b4f41755b01ca
PL10X.PAC	0x5	801cb764	160	5a6cb477785aa658
PL10X.PAC	0x5	801cb804	116	e5771b25d47a0e05
PL10X.PAC	0x5	801cb878	756	97acce65e8dea665
PL10X.PAC	0x5	801cbb6c	124	76ddb459523d818f
PL10X.PAC	0x5	801cbbe8	116	5fea402b106af9cc
PL10X.PAC	0x5	801cbc5c	64	f80a131af04e26d5
PL10X.PAC	0x5	801cbc9c	164	34168f28cb9a965b
PL10X.PAC	0x5	801cbd40	188	609d3d05539e677c
PL10X.PAC	0x5	801cbdfc	344	0606e3d3d4a0f712
PL10X.PAC	0x5	801cbf54	244	f9117f06e6eca92e
PL10X.PAC	0x5	801cc048	108	88209bb139b03440
PL10X.PAC	0x5	801cc0b4	284	1d2da9875b72c469
PL10X.PAC	0x5	801cc1d0	376	f7efce1717316f47
PL10X.PAC	0x5	801cc348	124	fb05eabb1e64881e
PL10X.PAC	0x5	801cc3c4	128	9128bf3b2293179a
PL10X.PAC	0x5	801cc444	64	f80a131af04e26d5
PL10X.PAC	0x5	801cc484	20	9cc3dcebf0789d60
PL10X.PAC	0x5	801cc498	144	20c6f35ce5677e14
PL10X.PAC	0x5	801cc528	200	9bd9773e7740b525
PL10X.PAC	0x5	801cc5f0	200	c7a3e4ead733e115
PL10X.PAC	0x5	801cc6b8	112	aa4e16edb2fa3b9c
PL10X.PAC	0x5	801cc728	284	b0651b966dc3f6f1
PL10X.PAC	0x5	801cc844	360	6bce7fa544410a3a
PL10X.PAC	0x5	801cc9ac	112	d36de7c6e110d9fa
PL10X.PAC	0x5	801cca1c	112	384c74ed554b58e6
PL10X.PAC	0x5	801cca8c	68	2cec573c98c5ccbe
PL10X.PAC	0x5	801ccad0	72	71fbaaeaf4fa857a
PL10X.PAC	0x5	801ccb18	64	f80a131af04e26d5
PL10X.PAC	0x5	801ccb58	256	41db1bbf06c3852b
PL10X.PAC	0x5	801ccc58	132	ab140122732b2d56
PL10X.PAC	0x5	801cccdc	168	fc60d97cbdd582e8
PL10X.PAC	0x5	801ccd84	316	f657d900f261bd7b
PL10X.PAC	0x5	801ccec0	136	c6e08d93da868cfe
PL10X.PAC	0x5	801ccf48	128	f0e4eefd5e04f7b9
PL10X.PAC	0x5	801ccfc8	92	ee580f67c951bfd1
PL10X.PAC	0x5	801cd024	336	35321bf0f3478c5d
PL10X.PAC	0x5	801cd174	128	f0e4eefd5e04f7b9
PL10X.PAC	0x5	801cd1f4	92	ee580f67c951bfd1
PL10X.PAC	0x5	801cd250	144	04958aa6b296cd10
PL10X.PAC	0x5	801cd2e0	124	671b1b6442815bda
PL10X.PAC	0x5	801cd35c	460	2cd3682218c23aee
PL10X.PAC	0x5	801cd528	124	ff2df0278fcc902b
PL10X.PAC	0x5	801cd5a4	108	466563b667d93db9
PL10X.PAC	0x5	801cd610	112	3274ec44bf003386
PL10X.PAC	0x5	801cd680	232	aa3d8551de9ccb1b
PL10X.PAC	0x5	801cd768	292	7b4c2eea7d1dda77
PL10X.PAC	0x5	801cd88c	116	133a1f90b164cd47
PL10X.PAC	0x5	801cd900	64	f80a131af04e26d5
PL10X.PAC	0x5	801cd940	92	5820d3afc25d758f
PL10X.PAC	0x5	801cd99c	124	917823309eb92943
PL10X.PAC	0x5	801cda18	164	96451076b8402dd8
PL10X.PAC	0x5	801cdabc	212	b1a3aed634a0c02d
PL10X.PAC	0x5	801cdb90	576	a1734306f0af58f6
PL10X.PAC	0x5	801cddd0	120	68d37da2bbab5992
PL10X.PAC	0x5	801cde48	84	1102a9e9d3dc3053
PL10X.PAC	0x5	801cde9c	200	df24f130c6236f24
PL10X.PAC	0x5	801cdf64	484	c5ea05a16b7c3fd0
PL10X.PAC	0x5	801ce148	124	2c238a0019739af9
PL10X.PAC	0x5	801ce1c4	108	466563b667d93db9
PL10X.PAC	0x5	801ce230	64	13414143bc705b78
PL10X.PAC	0x5	801ce270	200	7450a17527140f95
PL10X.PAC	0x5	801ce338	72	1843007a0cd541f3
PL10X.PAC	0x5	801ce380	12	267f6a23f7aec3f5
PL10X.PAC	0x5	801ce38c	20	719d31a9c40f47bc
PL10X.PAC	0x5	801ce3a0	20	719d31a9c40f47bc
PL10X.PAC	0x5	801ce3b4	8	c0b0db0a4fdd6d58
PL10X.PAC	0x5	801ce3bc	8	c0b0db0a4fdd6d58
PL10X.PAC	0x5	801ce3c4	8	c0b0db0a4fdd6d58
PL10X.PAC	0x5	801ce3cc	8	c0b0db0a4fdd6d58
PL10X.PAC	0x5	801ce3d4	8	c0b0db0a4fdd6d58
PL10X.PAC	0x5	801ce3dc	8	c0b0db0a4fdd6d58
PL10X.PAC	0x5	801ce3e4	8	c0b0db0a4fdd6d58
PL10X.PAC	0x5	801ce3ec	8	c0b0db0a4fdd6d58
PL10X.PAC	0x5	801ce3f4	8	c0b0db0a4fdd6d58
PL10X.PAC	0x5	801ce3fc	104	c95d1bf40aafce73
PL10X.PAC	0x5	801ce464	64	36d10b5e7bf2e0d2
PL10X.PAC	0x5	801ce4a4	144	2ec1f9461dd888c5
PL10X.PAC	0x5	801ce534	84	febaee0386ebdd4e
PL10X.PAC	0x5	801ce588	76	a06af0d38509ed2f
PL10X.PAC	0x5	801ce5d4	20	469ab567c4e2c3e0
PL10X.PAC	0x5	801ce5e8	32	20c3a8daad2ca1ef
PL10X.PAC	0x5	801ce608	80	01b38db6e51a6e2c
PL10X.PAC	0x5	801ce658	176	6d4482e08f4a7815
PL10X.PAC	0x5	801ce708	240	690339f6de083835
PL10X.PAC	0x5	801ce7f8	20	469ab567c4e2c3e0
PL10X.PAC	0x5	801ce80c	68	61ec942eaa619062
PL10X.PAC	0x5	801ce850	8	b8b8afcd3d768f52
PL10X.PAC	0x5	801ce858	48	c9668b5d8b5cd1cb
PL10X.PAC	0x5	801ce888	88	ec84322e863db4c2
PL10X.PAC	0x5	801ce8e0	64	7ec1257c5bc0f60d
PL10X.PAC	0x5	801ce920	72	e75db41d82096e43
PL10X.PAC	0x5	801ce968	136	fdb30ba375d8619b
PL10X.PAC	0x5	801ce9f0	28	dc402866fce65d62
PL10X.PAC	0x5	801cea0c	148	badd178b5bc1e6da
PL10X.PAC	0x5	801ceaa0	72	e75db41d82096e43
PL10X.PAC	0x5	801ceae8	136	7a4877c553a1ff2b
PL10X.PAC	0x5	801ceb70	100	3d55b71f9b5bcad5
PL10X.PAC	0x5	801cebd4	76	bc0eb7004b2f3e12
PL10X.PAC	0x5	801cec20	152	0ed5ec3f53332de2
PL10X.PAC	0x5	801cecb8	100	3d55b71f9b5bcad5
PL10X.PAC	0x5	801ced1c	236	e30838b1ffddb306
PL11.PAC	0x4	801b00c8	284	e34a1c074b033ba3
PL11.PAC	0x4	801b01e4	64	ed0908076f86c2dd
PL11.PAC	0x4	801b0224	52	98c4e69364aef7ab
PL11.PAC	0x4	801b0258	104	1245bc6012f18f23
PL11.PAC	0x4	801b02c0	144	103709c268df199a
PL11.PAC	0x4	801b0350	112	e2bd9ea15731c408
PL11.PAC	0x4	801b03c0	64	ed0908076f86c2dd
PL11.PAC	0x4	801b0400	52	98c4e69364aef7ab
PL11.PAC	0x4	801b0434	72	f1465ea0eca9573a
PL11.PAC	0x4	801b047c	84	5530be0e2a336ccb
PL11.PAC	0x4	801b04d0	112	e2bd9ea15731c408
PL11.PAC	0x4	801b0540	64	43e1e4cd9f294bf3
PL11.PAC	0x4	801b0580	64	2eef2ddaa1a092e9
PL11.PAC	0x4	801b05c0	168	b63ea40b7a9ac51a
PL11.PAC	0x4	801b0668	32	20c3a8daad2ca1ef
PL11.PAC	0x4	801b0688	68	bc0afff0e487516f
PL11.PAC	0x4	801b06cc	44	bcf4190d5cbba29f
PL11.PAC	0x4	801b06f8	32	20c3a8daad2ca1ef
PL11.PAC	0x4	801b0718	160	3cf54c73261e5bd6
PL11.PAC	0x4	801b07b8	588	759405f4f75dca1b
PL11.PAC	0x4	801b0a04	128	732d792b3b7a53b9
PL11.PAC	0x4	801b0a84	128	22f798b2c619a739
PL11.PAC	0x4	801b0b04	132	f1e1b9e66db5da39
PL11.PAC	0x4	801b0b88	132	754fde8886b5b2c8
PL11.PAC	0x4	801b0c0c	152	4f52b90f1b22cac7
PL11.PAC	0x4	801b0ca4	152	1a678db02bb5a78e
PL11.PAC	0x4	801b0d3c	152	fd0248f5d9a6cb51
PL11.PAC	0x4	801b0dd4	192	1405a4270b432b9e
PL11.PAC	0x4	801b0e94	148	eb3d967b165a6f45
PL11.PAC	0x4	801b0f28	136	d1cbb78fd4530354
PL11.PAC	0x4	801b0fb0	60	d386929b14751785
PL11.PAC	0x4	801b0fec	176	4aa09c00cafa4ae6
PL11.PAC	0x4	801b109c	60	d386929b14751785
PL11.PAC	0x4	801b10d8	176	08a819285fac3e5b
PL11.PAC	0x4	801b1188	244	77e6e273851dbdc3
PL11.PAC	0x4	801b127c	168	6b006e4a8be55596
PL11.PAC	0x4	801b1324	20	b23b4647ebe5b05d
PL11.PAC	0x4	801b1338	32	20c3a8daad2ca1ef
PL11.PAC	0x4	801b1358	20	63d3b9234df1e206
PL11.PAC	0x4	801b136c	32	20c3a8daad2ca1ef
PL11.PAC	0x4	801b138c	48	496b9010d14bb9e5
PL11.PAC	0x4	801b13bc	40	c25e0f5d7e90de81
PL11.PAC	0x4	801b13e4	40	1517d57e625dcaf3
PL11.PAC	0x4	801b140c	40	763fcc4124aaf52c
PL11.PAC	0x4	801b1434	8	c0b0db0a4fdd6d58
PL11.PAC	0x4	801b143c	12	267f6a23f7aec3f5
PL11.PAC	0x4	801b1448	64	946de9087c599ba6
PL11.PAC	0x4	801b1488	64	f80a131af04e26d5
PL11.PAC	0x4	801b14c8	124	0715eef13c014a93
PL11.PAC	0x4	801b1544	128	ff8c28da0d667c52
PL11.PAC	0x4	801b15c4	508	66b311ce9f772349
PL11.PAC	0x4	801b17c0	76	963f13549262cf7f
PL11.PAC	0x4	801b180c	68	706c6c5ee405dd27
PL11.PAC	0x4	801b1850	308	2c87b83199522669
PL11.PAC	0x4	801b1984	116	7098f40825b3c1f4
PL11.PAC	0x4	801b19f8	64	f80a131af04e26d5
PL11.PAC	0x4	801b1a38	308	15169274329ac17d
PL11.PAC	0x4	801b1b6c	96	b206c9d13ee4d183
PL11.PAC	0x4	801b1bcc	140	ae8215b6af7949e5
PL11.PAC	0x4	801b1c58	64	2866b4b59f93c5bd
PL11.PAC	0x4	801b1c98	356	b25947f9d3d9b80d
PL11.PAC	0x4	801b1dfc	88	f885313f9759266e
PL11.PAC	0x4	801b1e54	140	c23f053134881aa1
PL11.PAC	0x4	801b1ee0	116	7098f40825b3c1f4
PL11.PAC	0x4	801b1f54	72	bd51b1496003d841
PL11.PAC	0x4	801b1f9c	64	f80a131af04e26d5
PL11.PAC	0x4	801b1fdc	132	d03336d89fb74269
PL11.PAC	0x4	801b2060	96	84c4426e8eb0bd1d
PL11.PAC	0x4	801b20c0	108	4bed981edc8e5392
PL11.PAC	0x4	801b212c	268	deaab37d78694e5e
PL11.PAC	0x4	801b2238	64	f80a131af04e26d5
PL11.PAC	0x4	801b2278	108	66c6c8feac687862
PL11.PAC	0x4	801b22e4	276	a0c32c8ef0721032
PL11.PAC	0x4	801b23f8	248	2247b1866f02bd87
PL11.PAC	0x4	801b24f0	592	b4641f46db38df97
PL11.PAC	0x4	801b2740	112	8973ecc7fc52b0c0
PL11.PAC	0x4	801b27b0	528	24827fd2d2b1d395
PL11.PAC	0x4	801b29c0	196	690a4a2e3c89fc08
PL11.PAC	0x4	801b2a84	140	7b653e519f22dd4c
PL11.PAC	0x4	801b2b10	116	7098f40825b3c1f4
PL11.PAC	0x4	801b2b84	64	f80a131af04e26d5
PL11.PAC	0x4	801b2bc4	100	673cb2157181f61b
PL11.PAC	0x4	801b2c28	96	a4b36e5f3624ba99
PL11.PAC	0x4	801b2c88	220	5dc2e36a4c980b9d
PL11.PAC	0x4	801b2d64	212	e33b435eb95fc50e
PL11.PAC	0x4	801b2e38	468	09583065b1819564
PL11.PAC	0x4	801b300c	64	f80a131af04e26d5
PL11.PAC	0x4	801b304c	96	9742918292097e02
PL11.PAC	0x4	801b30ac	108	c31b5a9eb875f775
PL11.PAC	0x4	801b3118	388	2be650291b31e6e4
PL11.PAC	0x4	801b329c	584	ef1be98990c76956
PL11.PAC	0x4	801b34e4	628	f44d04ea405079f8
PL11.PAC	0x4	801b3758	160	2c58ed1838d06f1f
PL11.PAC	0x4	801b37f8	76	04557a07482b83de
PL11.PAC	0x4	801b3844	64	f80a131af04e26d5
PL11.PAC	0x4	801b3884	92	e2e3e6376649c447
PL11.PAC	0x4	801b38e0	144	d219193ab009bf99
PL11.PAC	0x4	801b3970	224	eb05beda83e76518
PL11.PAC	0x4	801b3a50	228	388c9ab555e4829c
PL11.PAC	0x4	801b3b34	164	76405c6abc9fd3a0
PL11.PAC	0x4	801b3bd8	444	fe2a1122131d5bec
PL11.PAC	0x4	801b3d94	172	b78608ecde12c90a
PL11.PAC	0x4	801b3e40	96	6e7bcf925e85e519
PL11.PAC	0x4	801b3ea0	64	f80a131af04e26d5
PL11.PAC	0x4	801b3ee0	120	5b5b0852a7a1f6b5
PL11.PAC	0x4	801b3f58	116	9059cc4831c8ac39
PL11.PAC	0x4	801b3fcc	248	79268d3635d4fec0
PL11.PAC	0x4	801b40c4	200	2b7ee1e82ac6b24c
PL11.PAC	0x4	801b418c	356	43a6ba84b2b9de41
PL11.PAC	0x4	801b42f0	248	8c8cd52a02ff66a0
PL11.PAC	0x4	801b43e8	448	9c311fa9939678a0
PL11.PAC	0x4	801b45a8	184	a6719ffa4ff27c15
PL11.PAC	0x4	801b4660	452	3e63172af7cae912
PL11.PAC	0x4	801b4824	236	d525bfdfcfa6d0e3
PL11.PAC	0x4	801b4910	96	6e7bcf925e85e519
PL11.PAC	0x4	801b4970	72	2704ca763d771e21
PL11.PAC	0x4	801b49b8	48	12a85acf81726b3f
PL11.PAC	0x4	801b49e8	52	fb960f0f33db08e5
PL11.PAC	0x4	801b4a1c	32	20c3a8daad2ca1ef
PL11.PAC	0x4	801b4a3c	64	f80a131af04e26d5
PL11.PAC	0x4	801b4a7c	76	bfc8b220154c276c
PL11.PAC	0x4	801b4ac8	68	d1b9f485c7f2e78a
PL11.PAC	0x4	801b4b0c	128	37e7871b3555ff80
PL11.PAC	0x4	801b4b8c	64	f80a131af04e26d5
PL11.PAC	0x4	801b4bcc	40	04b4bd7235bb5fe4
PL11.PAC	0x4	801b4bf4	192	54ce78f1c29a8d93
PL11.PAC	0x4	801b4cb4	64	f80a131af04e26d5
PL11.PAC	0x4	801b4cf4	144	e3fee02009338673
PL11.PAC	0x4	801b4d84	144	4ea0f99fdf78eb24
PL11.PAC	0x4	801b4e14	96	6e7bcf925e85e519
PL11.PAC	0x4	801b4e74	64	f80a131af04e26d5
PL11.PAC	0x4	801b4eb4	108	5f1400e17683f7d7
PL11.PAC	0x4	801b4f20	148	cf71c68fbed15c5e
PL11.PAC	0x4	801b4fb4	136	19192a00344d297c
PL11.PAC	0x4	801b503c	224	623392b35f9be98a
PL11.PAC	0x4	801b511c	88	c2b4c0e121fca652
PL11.PAC	0x4	801b5174	52	849e327712295c42
PL11.PAC	0x4	801b51a8	68	81a63fcbd48a1888
PL11.PAC	0x4	801b51ec	32	20c3a8daad2ca1ef
PL11.PAC	0x4	801b520c	68	060e25ec9df004a1
PL11.PAC	0x4	801b5250	64	f80a131af04e26d5
PL11.PAC	0x4	801b5290	204	8c6f93c13e98d218
PL11.PAC	0x4	801b535c	360	f84fc6e84f2d711c
PL11.PAC	0x4	801b54c4	68	d1b9f485c7f2e78a
PL11.PAC	0x4	801b5508	64	f80a131af04e26d5
PL11.PAC	0x4	801b5548	204	c03b3e828c90adc8
PL11.PAC	0x4	801b5614	232	7f0444bd88723983
PL11.PAC	0x4	801b56fc	68	d1b9f485c7f2e78a
PL11.PAC	0x4	801b5740	36	3134d63c1fec6e9f
PL11.PAC	0x4	801b5764	68	556a649f2d289dfd
PL11.PAC	0x4	801b57a8	100	f8c15ffa7bac9244
PL11.PAC	0x4	801b580c	104	0db1b9079e823ed7
PL11.PAC	0x4	801b5874	32	20c3a8daad2ca1ef
PL11.PAC	0x4	801b5894	32	20c3a8daad2ca1ef
PL11.PAC	0x4	801b58b4	32	20c3a8daad2ca1ef
PL11.PAC	0x4	801b58d4	32	7a00e75f6cc4ad8e
PL11.PAC	0x4	801b58f4	32	10fe07b4e9ef1352
PL11.PAC	0x4	801b5914	36	09173c6a32424c74
PL11.PAC	0x4	801b5938	88	951384d5ac8618d1
PL11.PAC	0x4	801b5990	96	82693b9aadeaca52
PL11.PAC	0x4	801b59f0	200	5ef7e47c967f3a20
PL11.PAC	0x4	801b5ab8	132	61dcb7aa594d6133
PL11.PAC	0x4	801b5b3c	68	d2480e91395a081b
PL11.PAC	0x4	801b5b80	64	2eef2ddaa1a092e9
PL11.PAC	0x4	801b5bc0	212	65c2fff68f2340cb
PL11.PAC	0x4	801b5c94	48	29bd63da14e6476d
PL11.PAC	0x4	801b5cc4	68	bc0afff0e487516f
PL11.PAC	0x4	801b5d08	132	5273d1c7bf5c6f16
PL11.PAC	0x4	801b5d8c	48	29bd63da14e6476d
PL11.PAC	0x4	801b5dbc	196	af50083a176de066
PL11.PAC	0x4	801b5e80	228	fc9062e715f651d1
PL11.PAC	0x4	801b5f64	36	3134d63c1fec6e9f
PL11.PAC	0x4	801b5f88	64	cdf16fced335f366
PL11.PAC	0x4	801b5fc8	68	556a649f2d289dfd
PL11.PAC	0x4	801b600c	32	20c3a8daad2ca1ef
PL11.PAC	0x4	801b602c	32	20c3a8daad2ca1ef
PL11.PAC	0x4	801b604c	32	20c3a8daad2ca1ef
PL11.PAC	0x4	801b606c	136	a116c4a911323e7c
PL11.PAC	0x4	801b60f4	64	2eef2ddaa1a092e9
PL11.PAC	0x4	801b6134	144	5474a3646c1bba46
PL11.PAC	0x4	801b61c4	108	35b7d897aa7de7cc
PL11.PAC	0x4	801b6230	68	bc0afff0e487516f
PL11.PAC	0x4	801b6274	100	f50ec89f5144850d
PL11.PAC	0x4	801b62d8	100	05e21c54a98d7cb1
PL11.PAC	0x4	801b633c	192	ad509336c47e0356
PL11.PAC	0x4	801b63fc	132	86cab8f1a4e52753
PL11.PAC	0x4	801b6480	220	9805552b5a1796e4
PL11.PAC	0x4	801b655c	168	df62de4206c6dd0d
PL11.PAC	0x4	801b6604	36	3134d63c1fec6e9f
PL11.PAC	0x4	801b6628	64	35e410ffa11045ba
PL11.PAC	0x4	801b6668	68	556a649f2d289dfd
PL11.PAC	0x4	801b66ac	32	20c3a8daad2ca1ef
PL11.PAC	0x4	801b66cc	32	20c3a8daad2ca1ef
PL11.PAC	0x4	801b66ec	32	20c3a8daad2ca1ef
PL11.PAC	0x4	801b670c	80	0738d29ca87d2422
PL11.PAC	0x4	801b675c	164	902b02f648d660a9
PL11.PAC	0x4	801b6800	192	39398c3aa433b594
PL11.PAC	0x4	801b68c0	140	1d102130bab4336d
PL11.PAC	0x4	801b694c	332	fab49d2b71526957
PL11.PAC	0x4	801b6a98	192	5e15194a362fcc35
PL11.PAC	0x4	801b6b58	8	6d64edf91449c1b1
PL11.PAC	0x4	801b6b60	136	4f6a17e039a022e0
PL11.PAC	0x4	801b6be8	156	48a28efec25c24c8
PL11.PAC	0x4	801b6c84	32	20c3a8daad2ca1ef
PL11.PAC	0x4	801b6ca4	80	4272eab41d41359d
PL11.PAC	0x4	801b6cf4	96	421edc016a47921b
PL11.PAC	0x4	801b6d54	56	e2453e6d9c38eafb
PL11.PAC	0x4	801b6d8c	96	2737efef29d2fc02
PL11.PAC	0x4	801b6dec	28	030504997c3f16fa
PL11.PAC	0x4	801b6e08	288	081c3d2963f6a440
PL11.PAC	0x4	801b6f28	100	c4eb1be730b65be1
PL11.PAC	0x4	801b6f8c	104	37a107401977ab9d
PL11.PAC	0x4	801b6ff4	8	6d64edf91449c1b1
PL11.PAC	0x4	801b6ffc	36	09173c6a32424c74
PL11.PAC	0x4	801b7020	80	01b38db6e51a6e2c
PL11.PAC	0x4	801b7070	120	f671a4b70b61257b
PL11.PAC	0x4	801b70e8	228	240a129d7f3ec25f
PL11.PAC	0x4	801b71cc	20	469ab567c4e2c3e0
PL11.PAC	0x4	801b71e0	40	cf03c5925be2eef6
PL11.PAC	0x4	801b7208	12	518300e0abc83305
PL11.PAC	0x4	801b7214	72	cd1c526187ddcf4f
PL11.PAC	0x4	801b725c	124	75490515dc0cc916
PL11.PAC	0x4	801b72d8	132	bc7bab3619741a9e
PL11.PAC	0x4	801b735c	80	4a157ab456cb8c65
PL11.PAC	0x4	801b73ac	72	045eb35746c975f3
PL11.PAC	0x4	801b73f4	88	4b505a4dfe9e57ac
PL11.PAC	0x16	8007bc00	132	c5f69ae60eb0cdca
PL11.PAC	0x16	8007bc84	64	2eef2ddaa1a092e9
PL11.PAC	0x16	8007bcc4	140	69e56cbeead638c7
PL11.PAC	0x16	8007bd50	100	3d55b71f9b5bcad5
PL11.PAC	0x16	8007bdb4	68	bc0afff0e487516f
PL11.PAC	0x16	8007bdf8	48	635167230e979971
PL11.PAC	0x16	8007be28	100	3d55b71f9b5bcad5
PL11.PAC	0x16	8007be8c	232	e5a4289fb11eb01e
PL11.PAC	0x16	8007bf74	36	3134d63c1fec6e9f
PL11.PAC	0x16	8007bf98	32	20c3a8daad2ca1ef
PL11.PAC	0x16	8007bfb8	32	20c3a8daad2ca1ef
PL11X.PAC	0x5	801c80c8	284	a69867c8d519b859
PL11X.PAC	0x5	801c81e4	64	ed0908076f86c2dd
PL11X.PAC	0x5	801c8224	52	98c4e69364aef7ab
PL11X.PAC	0x5	801c8258	104	1245bc6012f18f23
PL11X.PAC	0x5	801c82c0	144	103709c268df199a
PL11X.PAC	0x5	801c8350	112	e2bd9ea15731c408
PL11X.PAC	0x5	801c83c0	64	ed0908076f86c2dd
PL11X.PAC	0x5	801c8400	52	98c4e69364aef7ab
PL11X.PAC	0x5	801c8434	72	f1465ea0eca9573a
PL11X.PAC	0x5	801c847c	84	5530be0e2a336ccb
PL11X.PAC	0x5	801c84d0	112	e2bd9ea15731c408
PL11X.PAC	0x5	801c8540	64	43e1e4cd9f294bf3
PL11X.PAC	0x5	801c8580	64	2eef2ddaa1a092e9
PL11X.PAC	0x5	801c85c0	168	b63ea40b7a9ac51a
PL11X.PAC	0x5	801c8668	32	20c3a8daad2ca1ef
PL11X.PAC	0x5	801c8688	68	bc0afff0e487516f
PL11X.PAC	0x5	801c86cc	44	bcf4190d5cbba29f
PL11X.PAC	0x5	801c86f8	32	20c3a8daad2ca1ef
PL11X.PAC	0x5	801c8718	160	3cf54c73261e5bd6
PL11X.PAC	0x5	801c87b8	588	759405f4f75dca1b
PL11X.PAC	0x5	801c8a04	128	732d792b3b7a53b9
PL11X.PAC	0x5	801c8a84	128	22f798b2c619a739
PL11X.PAC	0x5	801c8b04	132	f1e1b9e66db5da39
PL11X.PAC	0x5	801c8b88	132	754fde8886b5b2c8
PL11X.PAC	0x5	801c8c0c	152	4f52b90f1b22cac7
PL11X.PAC	0x5	801c8ca4	152	1a678db02bb5a78e
PL11X.PAC	0x5	801c8d3c	152	fd0248f5d9a6cb51
PL11X.PAC	0x5	801c8dd4	192	1405a4270b432b9e
PL11X.PAC	0x5	801c8e94	148	eb3d967b165a6f45
PL11X.PAC	0x5	801c8f28	136	d1cbb78fd4530354
PL11X.PAC	0x5	801c8fb0	60	d386929b14751785
PL11X.PAC	0x5	801c8fec	176	4aa09c00cafa4ae6
PL11X.PAC	0x5	801c909c	60	d386929b14751785
PL11X.PAC	0x5	801c90d8	176	08a819285fac3e5b
PL11X.PAC	0x5	801c9188	244	77e6e273851dbdc3
PL11X.PAC	0x5	801c927c	168	6b006e4a8be55596
PL11X.PAC	0x5	801c9324	20	b23b4647ebe5b05d
PL11X.PAC	0x5	801c9338	32	20c3a8daad2ca1ef
PL11X.PAC	0x5	801c9358	20	63d3b9234df1e206
PL11X.PAC	0x5	801c936c	32	20c3a8daad2ca1ef
PL11X.PAC	0x5	801c938c	48	496b9010d14bb9e5
PL11X.PAC	0x5	801c93bc	40	c25e0f5d7e90de81
PL11X.PAC	0x5	801c93e4	40	1517d57e625dcaf3
PL11X.PAC	0x5	801c940c	40	763fcc4124aaf52c
PL11X.PAC	0x5	801c9434	8	c0b0db0a4fdd6d58
PL11X.PAC	0x5	801c943c	12	267f6a23f7aec3f5
PL11X.PAC	0x5	801c9448	64	946de9087c599ba6
PL11X.PAC	0x5	801c9488	64	f80a131af04e26d5
PL11X.PAC	0x5	801c94c8	124	0715eef13c014a93
PL11X.PAC	0x5	801c9544	128	ff8c28da0d667c52
PL11X.PAC	0x5	801c95c4	508	66b311ce9f772349
PL11X.PAC	0x5	801c97c0	76	963f13549262cf7f
PL11X.PAC	0x5	801c980c	68	706c6c5ee405dd27
PL11X.PAC	0x5	801c9850	308	2c87b83199522669
PL11X.PAC	0x5	801c9984	116	7098f40825b3c1f4
PL11X.PAC	0x5	801c99f8	64	f80a131af04e26d5
PL11X.PAC	0x5	801c9a38	308	15169274329ac17d
PL11X.PAC	0x5	801c9b6c	96	b206c9d13ee4d183
PL11X.PAC	0x5	801c9bcc	140	ae8215b6af7949e5
PL11X.PAC	0x5	801c9c58	64	2866b4b59f93c5bd
PL11X.PAC	0x5	801c9c98	356	b25947f9d3d9b80d
PL11X.PAC	0x5	801c9dfc	88	f885313f9759266e
PL11X.PAC	0x5	801c9e54	140	c23f053134881aa1
PL11X.PAC	0x5	801c9ee0	116	7098f40825b3c1f4
PL11X.PAC	0x5	801c9f54	72	bd51b1496003d841
PL11X.PAC	0x5	801c9f9c	64	f80a131af04e26d5
PL11X.PAC	0x5	801c9fdc	132	d03336d89fb74269
PL11X.PAC	0x5	801ca060	96	84c4426e8eb0bd1d
PL11X.PAC	0x5	801ca0c0	108	4bed981edc8e5392
PL11X.PAC	0x5	801ca12c	268	deaab37d78694e5e
PL11X.PAC	0x5	801ca238	64	f80a131af04e26d5
PL11X.PAC	0x5	801ca278	108	66c6c8feac687862
PL11X.PAC	0x5	801ca2e4	276	a0c32c8ef0721032
PL11X.PAC	0x5	801ca3f8	248	2247b1866f02bd87
PL11X.PAC	0x5	801ca4f0	592	b4641f46db38df97
PL11X.PAC	0x5	801ca740	112	8973ecc7fc52b0c0
PL11X.PAC	0x5	801ca7b0	528	24827fd2d2b1d395
PL11X.PAC	0x5	801ca9c0	196	690a4a2e3c89fc08
PL11X.PAC	0x5	801caa84	140	7b653e519f22dd4c
PL11X.PAC	0x5	801cab10	116	7098f40825b3c1f4
PL11X.PAC	0x5	801cab84	64	f80a131af04e26d5
PL11X.PAC	0x5	801cabc4	100	673cb2157181f61b
PL11X.PAC	0x5	801cac28	96	a4b36e5f3624ba99
PL11X.PAC	0x5	801cac88	220	5dc2e36a4c980b9d
PL11X.PAC	0x5	801cad64	212	e33b435eb95fc50e
PL11X.PAC	0x5	801cae38	468	09583065b1819564
PL11X.PAC	0x5	801cb00c	64	f80a131af04e26d5
PL11X.PAC	0x5	801cb04c	96	9742918292097e02
PL11X.PAC	0x5	801cb0ac	108	c31b5a9eb875f775
PL11X.PAC	0x5	801cb118	388	2be650291b31e6e4
PL11X.PAC	0x5	801cb29c	584	ef1be98990c76956
PL11X.PAC	0x5	801cb4e4	628	f44d04ea405079f8
PL11X.PAC	0x5	801cb758	160	2c58ed1838d06f1f
PL11X.PAC	0x5	801cb7f8	76	04557a07482b83de
PL11X.PAC	0x5	801cb844	64	f80a131af04e26d5
PL11X.PAC	0x5	801cb884	92	e2e3e6376649c447
PL11X.PAC	0x5	801cb8e0	144	d219193ab009bf99
PL11X.PAC	0x5	801cb970	224	eb05beda83e76518
PL11X.PAC	0x5	801cba50	228	388c9ab555e4829c
PL11X.PAC	0x5	801cbb34	164	76405c6abc9fd3a0
PL11X.PAC	0x5	801cbbd8	444	fe2a1122131d5bec
PL11X.PAC	0x5	801cbd94	172	b78608ecde12c90a
PL11X.PAC	0x5	801cbe40	96	6e7bcf925e85e519
PL11X.PAC	0x5	801cbea0	64	f80a131af04e26d5
PL11X.PAC	0x5	801cbee0	120	5b5b0852a7a1f6b5
PL11X.PAC	0x5	801cbf58	116	9059cc4831c8ac39
PL11X.PAC	0x5	801cbfcc	248	79268d3635d4fec0
PL11X.PAC	0x5	801cc0c4	200	2b7ee1e82ac6b24c
PL11X.PAC	0x5	801cc18c	356	43a6ba84b2b9de41
PL11X.PAC	0x5	801cc2f0	248	8c8cd52a02ff66a0
PL11X.PAC	0x5	801cc3e8	448	9c311fa9939678a0
PL11X.PAC	0x5	801cc5a8	184	a6719ffa4ff27c15
PL11X.PAC	0x5	801cc660	452	3e63172af7cae912
PL11X.PAC	0x5	801cc824	236	d525bfdfcfa6d0e3
PL11X.PAC	0x5	801cc910	96	6e7bcf925e85e519
PL11X.PAC	0x5	801cc970	72	2704ca763d771e21
PL11X.PAC	0x5	801cc9b8	48	12a85acf81726b3f
PL11X.PAC	0x5	801cc9e8	52	fb960f0f33db08e5
PL11X.PAC	0x5	801cca1c	32	20c3a8daad2ca1ef
PL11X.PAC	0x5	801cca3c	64	f80a131af04e26d5
PL11X.PAC	0x5	801cca7c	76	bfc8b220154c276c
PL11X.PAC	0x5	801ccac8	68	d1b9f485c7f2e78a
PL11X.PAC	0x5	801ccb0c	128	37e7871b3555ff80
PL11X.PAC	0x5	801ccb8c	64	f80a131af04e26d5
PL11X.PAC	0x5	801ccbcc	40	04b4bd7235bb5fe4
PL11X.PAC	0x5	801ccbf4	192	54ce78f1c29a8d93
PL11X.PAC	0x5	801cccb4	64	f80a131af04e26d5
PL11X.PAC	0x5	801cccf4	144	e3fee02009338673
PL11X.PAC	0x5	801ccd84	144	4ea0f99fdf78eb24
PL11X.PAC	0x5	801cce14	96	6e7bcf925e85e519
PL11X.PAC	0x5	801cce74	64	f80a131af04e26d5
PL11X.PAC	0x5	801cceb4	108	5f1400e17683f7d7
PL11X.PAC	0x5	801ccf20	148	cf71c68fbed15c5e
PL11X.PAC	0x5	801ccfb4	136	19192a00344d297c
PL11X.PAC	0x5	801cd03c	224	623392b35f9be98a
PL11X.PAC	0x5	801cd11c	88	c2b4c0e121fca652
PL11X.PAC	0x5	801cd174	52	849e327712295c42
PL11X.PAC	0x5	801cd1a8	68	81a63fcbd48a1888
PL11X.PAC	0x5	801cd1ec	32	20c3a8daad2ca1ef
PL11X.PAC	0x5	801cd20c	68	060e25ec9df004a1
PL11X.PAC	0x5	801cd250	64	f80a131af04e26d5
PL11X.PAC	0x5	801cd290	204	8c6f93c13e98d218
PL11X.PAC	0x5	801cd35c	360	f84fc6e84f2d711c
PL11X.PAC	0x5	801cd4c4	68	d1b9f485c7f2e78a
PL11X.PAC	0x5	801cd508	64	f80a131af04e26d5
PL11X.PAC	0x5	801cd548	204	c03b3e828c90adc8
PL11X.PAC	0x5	801cd614	232	7f0444bd88723983
PL11X.PAC	0x5	801cd6fc	68	d1b9f485c7f2e78a
PL11X.PAC	0x5	801cd740	36	3134d63c1fec6e9f
PL11X.PAC	0x5	801cd764	68	556a649f2d289dfd
PL11X.PAC	0x5	801cd7a8	100	f8c15ffa7bac9244
PL11X.PAC	0x5	801cd80c	104	0db1b9079e823ed7
PL11X.PAC	0x5	801cd874	32	20c3a8daad2ca1ef
PL11X.PAC	0x5	801cd894	32	20c3a8daad2ca1ef
PL11X.PAC	0x5	801cd8b4	32	20c3a8daad2ca1ef
PL11X.PAC	0x5	801cd8d4	32	7a00e75f6cc4ad8e
PL11X.PAC	0x5	801cd8f4	32	10fe07b4e9ef1352
PL11X.PAC	0x5	801cd914	36	09173c6a32424c74
PL11X.PAC	0x5	801cd938	88	951384d5ac8618d1
PL11X.PAC	0x5	801cd990	96	82693b9aadeaca52
PL11X.PAC	0x5	801cd9f0	200	5ef7e47c967f3a20
PL11X.PAC	0x5	801cdab8	132	61dcb7aa594d6133
PL11X.PAC	0x5	801cdb3c	68	d2480e91395a081b
PL11X.PAC	0x5	801cdb80	64	2eef2ddaa1a092e9
PL11X.PAC	0x5	801cdbc0	212	65c2fff68f2340cb
PL11X.PAC	0x5	801cdc94	48	29bd63da14e6476d
PL11X.PAC	0x5	801cdcc4	68	bc0afff0e487516f
PL11X.PAC	0x5	801cdd08	132	5273d1c7bf5c6f16
PL11X.PAC	0x5	801cdd8c	48	29bd63da14e6476d
PL11X.PAC	0x5	801cddbc	196	af50083a176de066
PL11X.PAC	0x5	801cde80	228	fc9062e715f651d1
PL11X.PAC	0x5	801cdf64	36	3134d63c1fec6e9f
PL11X.PAC	0x5	801cdf88	64	cdf16fced335f366
PL11X.PAC	0x5	801cdfc8	68	556a649f2d289dfd
PL11X.PAC	0x5	801ce00c	32	20c3a8daad2ca1ef
PL11X.PAC	0x5	801ce02c	32	20c3a8daad2ca1ef
PL11X.PAC	0x5	801ce04c	32	20c3a8daad2ca1ef
PL11X.PAC	0x5	801ce06c	136	a116c4a911323e7c
PL11X.PAC	0x5	801ce0f4	64	2eef2ddaa1a092e9
PL11X.PAC	0x5	801ce134	144	5474a3646c1bba46
PL11X.PAC	0x5	801ce1c4	108	35b7d897aa7de7cc
PL11X.PAC	0x5	801ce230	68	bc0afff0e487516f
PL11X.PAC	0x5	801ce274	100	f50ec89f5144850d
PL11X.PAC	0x5	801ce2d8	100	05e21c54a98d7cb1
PL11X.PAC	0x5	801ce33c	192	ad509336c47e0356
PL11X.PAC	0x5	801ce3fc	132	86cab8f1a4e52753
PL11X.PAC	0x5	801ce480	220	9805552b5a1796e4
PL11X.PAC	0x5	801ce55c	168	df62de4206c6dd0d
PL11X.PAC	0x5	801ce604	36	3134d63c1fec6e9f
PL11X.PAC	0x5	801ce628	64	35e410ffa11045ba
PL11X.PAC	0x5	801ce668	68	556a649f2d289dfd
PL11X.PAC	0x5	801ce6ac	32	20c3a8daad2ca1ef
PL11X.PAC	0x5	801ce6cc	32	20c3a8daad2ca1ef
PL11X.PAC	0x5	801ce6ec	32	20c3a8daad2ca1ef
PL11X.PAC	0x5	801ce70c	80	0738d29ca87d2422
PL11X.PAC	0x5	801ce75c	164	902b02f648d660a9
PL11X.PAC	0x5	801ce800	192	39398c3aa433b594
PL11X.PAC	0x5	801ce8c0	140	1d102130bab4336d
PL11X.PAC	0x5	801ce94c	332	fab49d2b71526957
PL11X.PAC	0x5	801cea98	192	5e15194a362fcc35
PL11X.PAC	0x5	801ceb58	8	6d64edf91449c1b1
PL11X.PAC	0x5	801ceb60	136	4f6a17e039a022e0
PL11X.PAC	0x5	801cebe8	156	48a28efec25c24c8
PL11X.PAC	0x5	801cec84	32	20c3a8daad2ca1ef
PL11X.PAC	0x5	801ceca4	80	4272eab41d41359d
PL11X.PAC	0x5	801cecf4	96	421edc016a47921b
PL11X.PAC	0x5	801ced54	56	e2453e6d9c38eafb
PL11X.PAC	0x5	801ced8c	96	2737efef29d2fc02
PL11X.PAC	0x5	801cedec	28	030504997c3f16fa
PL11X.PAC	0x5	801cee08	288	081c3d2963f6a440
PL11X.PAC	0x5	801cef28	100	c4eb1be730b65be1
PL11X.PAC	0x5	801cef8c	104	37a107401977ab9d
PL11X.PAC	0x5	801ceff4	8	6d64edf91449c1b1
PL11X.PAC	0x5	801ceffc	36	09173c6a32424c74
PL11X.PAC	0x5	801cf020	80	01b38db6e51a6e2c
PL11X.PAC	0x5	801cf070	120	f671a4b70b61257b
PL11X.PAC	0x5	801cf0e8	228	240a129d7f3ec25f
PL11X.PAC	0x5	801cf1cc	20	469ab567c4e2c3e0
PL11X.PAC	0x5	801cf1e0	40	cf03c5925be2eef6
PL11X.PAC	0x5	801cf208	12	518300e0abc83305
PL11X.PAC	0x5	801cf214	72	cd1c526187ddcf4f
PL11X.PAC	0x5	801cf25c	124	75490515dc0cc916
PL11X.PAC	0x5	801cf2d8	132	bc7bab3619741a9e
PL11X.PAC	0x5	801cf35c	80	4a157ab456cb8c65
PL11X.PAC	0x5	801cf3ac	72	045eb35746c975f3
PL11X.PAC	0x5	801cf3f4	88	4b505a4dfe9e57ac
PL11X.PAC	0x17	8008bf00	132	c5f69ae60eb0cdca
PL11X.PAC	0x17	8008bf84	64	2eef2ddaa1a092e9
PL11X.PAC	0x17	8008bfc4	140	69e56cbeead638c7
PL11X.PAC	0x17	8008c050	100	3d55b71f9b5bcad5
PL11X.PAC	0x17	8008c0b4	68	bc0afff0e487516f
PL11X.PAC	0x17	8008c0f8	48	635167230e979971
PL11X.PAC	0x17	8008c128	100	3d55b71f9b5bcad5
PL11X.PAC	0x17	8008c18c	232	e5a4289fb11eb01e
PL11X.PAC	0x17	8008c274	36	3134d63c1fec6e9f
PL11X.PAC	0x17	8008c298	32	20c3a8daad2ca1ef
PL11X.PAC	0x17	8008c2b8	32	20c3a8daad2ca1ef
PL12.PAC	0x4	801b0000	444	c84b6cce9c75e344
PL12.PAC	0x4	801b01bc	84	cedc6765857e02ca
PL12.PAC	0x4	801b0210	64	ed0908076f86c2dd
PL12.PAC	0x4	801b0250	52	98c4e69364aef7ab
PL12.PAC	0x4	801b0284	80	d77f660dbbb332eb
PL12.PAC	0x4	801b02d4	156	f7b0443608ce41d4
PL12.PAC	0x4	801b0370	100	e5eeed45e67b2577
PL12.PAC	0x4	801b03d4	88	ec84322e863db4c2
PL12.PAC	0x4	801b042c	64	7ec1257c5bc0f60d
PL12.PAC	0x4	801b046c	188	c1cf0b892ee16d25
PL12.PAC	0x4	801b0528	128	1ebc22bf13f320c6
PL12.PAC	0x4	801b05a8	64	a8c2321748a5bc3f
PL12.PAC	0x4	801b05e8	76	817d34ea60bfdf6a
PL12.PAC	0x4	801b0634	64	f80a131af04e26d5
PL12.PAC	0x4	801b0674	252	fa2eadd7c0b0e51e
PL12.PAC	0x4	801b0770	32	20c3a8daad2ca1ef
PL12.PAC	0x4	801b0790	144	be47eeb650a42081
PL12.PAC	0x4	801b0820	228	180ee5f1d51c43ab
PL12.PAC	0x4	801b0904	168	e7426fb26870d1b1
PL12.PAC	0x4	801b09ac	148	dcf725e11faf7b96
PL12.PAC	0x4	801b0a40	156	7e279d36ca4effb8
PL12.PAC	0x4	801b0adc	276	69c54aa101af732c
PL12.PAC	0x4	801b0bf0	496	16c89defff033ce6
PL12.PAC	0x4	801b0de0	116	579f8b7e8499b0c1
PL12.PAC	0x4	801b0e54	120	2a4b7a662b174e51
PL12.PAC	0x4	801b0ecc	152	93bf59ee01330913
PL12.PAC	0x4	801b0f64	132	0fab721309573c5b
PL12.PAC	0x4	801b0fe8	148	3e280c4e54f9eca0
PL12.PAC	0x4	801b107c	160	d148bbba009543d2
PL12.PAC	0x4	801b111c	148	1079ae22e7bb95d3
PL12.PAC	0x4	801b11b0	140	5c86f8ecee1d0525
PL12.PAC	0x4	801b123c	80	27e96ba5d786abd7
PL12.PAC	0x4	801b128c	156	1ba106e8f22c5da4
PL12.PAC	0x4	801b1328	80	27e96ba5d786abd7
PL12.PAC	0x4	801b1378	156	4508e0c927f1323a
PL12.PAC	0x4	801b1414	252	f4fbbcd8e96c7d79
PL12.PAC	0x4	801b1510	92	77405a7c9c602ba6
PL12.PAC	0x4	801b156c	72	1843007a0cd541f3
PL12.PAC	0x4	801b15b4	8	c0b0db0a4fdd6d58
PL12.PAC	0x4	801b15bc	12	623bc7ad00743c72
PL12.PAC	0x4	801b15c8	20	719d31a9c40f47bc
PL12.PAC	0x4	801b15dc	20	719d31a9c40f47bc
PL12.PAC	0x4	801b15f0	20	719d31a9c40f47bc
PL12.PAC	0x4	801b1604	12	267f6a23f7aec3f5
PL12.PAC	0x4	801b1610	64	946de9087c599ba6
PL12.PAC	0x4	801b1650	64	946de9087c599ba6
PL12.PAC	0x4	801b1690	64	f80a131af04e26d5
PL12.PAC	0x4	801b16d0	116	c6fe201fd9ae1f10
PL12.PAC	0x4	801b1744	128	27b7f0f99197c1ba
PL12.PAC	0x4	801b17c4	504	13ef4d2641a1e852
PL12.PAC	0x4	801b19bc	76	963f13549262cf7f
PL12.PAC	0x4	801b1a08	76	ecbce8a552ff3d53
PL12.PAC	0x4	801b1a54	308	1b5b245b63548ee9
PL12.PAC	0x4	801b1b88	116	e5dc56cba6fe896d
PL12.PAC	0x4	801b1bfc	64	f80a131af04e26d5
PL12.PAC	0x4	801b1c3c	264	7ba72cc291c14f7c
PL12.PAC	0x4	801b1d44	164	791464c8865614b5
PL12.PAC	0x4	801b1de8	104	2a0020093dc2d3c3
PL12.PAC	0x4	801b1e50	112	4e879a9ea8cee7b2
PL12.PAC	0x4	801b1ec0	64	f80a131af04e26d5
PL12.PAC	0x4	801b1f00	120	1da6ecb5a00ebc60
PL12.PAC	0x4	801b1f78	304	33d788be7f18ecf9
PL12.PAC	0x4	801b20a8	160	bc22b5b59328c8af
PL12.PAC	0x4	801b2148	64	f80a131af04e26d5
PL12.PAC	0x4	801b2188	320	1791150fade3abee
PL12.PAC	0x4	801b22c8	68	08e9b394ee0884ea
PL12.PAC	0x4	801b230c	168	c4e78bb976cbf603
PL12.PAC	0x4	801b23b4	116	e5dc56cba6fe896d
PL12.PAC	0x4	801b2428	64	f80a131af04e26d5
PL12.PAC	0x4	801b2468	224	856f0976418166da
PL12.PAC	0x4	801b2548	148	f3ff2406c2876e6a
PL12.PAC	0x4	801b25dc	172	f59cfc8209153586
PL12.PAC	0x4	801b2688	228	f049ce8fc9c86c64
PL12.PAC	0x4	801b276c	64	f80a131af04e26d5
PL12.PAC	0x4	801b27ac	268	0b5f9f920e3357ea
PL12.PAC	0x4	801b28b8	164	5d12634e218bcd9d
PL12.PAC	0x4	801b295c	172	dad428bbd0eef544
PL12.PAC	0x4	801b2a08	64	87fc1018ee463769
PL12.PAC	0x4	801b2a48	164	4818235ede794585
PL12.PAC	0x4	801b2aec	96	76377c667aefde39
PL12.PAC	0x4	801b2b4c	64	f80a131af04e26d5
PL12.PAC	0x4	801b2b8c	92	840a390b8e735e32
PL12.PAC	0x4	801b2be8	140	1cf6395ad181a16b
PL12.PAC	0x4	801b2c74	172	8bb199a51dc2d844
PL12.PAC	0x4	801b2d20	328	6617393f9b992d97
PL12.PAC	0x4	801b2e68	616	c09044bdfcfefd30
PL12.PAC	0x4	801b30d0	96	76377c667aefde39
PL12.PAC	0x4	801b3130	64	f80a131af04e26d5
PL12.PAC	0x4	801b3170	76	bfc8b220154c276c
PL12.PAC	0x4	801b31bc	68	a9a4d8411413a3df
PL12.PAC	0x4	801b3200	96	76377c667aefde39
PL12.PAC	0x4	801b3260	64	f80a131af04e26d5
PL12.PAC	0x4	801b32a0	132	c5c0ea7af7a6724e
PL12.PAC	0x4	801b3324	164	bb2c38c8f79eb6fc
PL12.PAC	0x4	801b33c8	148	bbcfa1e3222ad2eb
PL12.PAC	0x4	801b345c	148	4354be3495577e9e
PL12.PAC	0x4	801b34f0	76	c8a9ec57f93168f1
PL12.PAC	0x4	801b353c	36	80db97aba3538c4c
PL12.PAC	0x4	801b3560	64	4fefae5beb880143
PL12.PAC	0x4	801b35a0	64	f80a131af04e26d5
PL12.PAC	0x4	801b35e0	176	ec4fd95c4dbfdd66
PL12.PAC	0x4	801b3690	116	b30e177e8d9a974a
PL12.PAC	0x4	801b3704	68	a9a4d8411413a3df
PL12.PAC	0x4	801b3748	64	f80a131af04e26d5
PL12.PAC	0x4	801b3788	188	de841bf2db0042b4
PL12.PAC	0x4	801b3844	52	a3776faabd6403f6
PL12.PAC	0x4	801b3878	200	41bf3fdd5de4f207
PL12.PAC	0x4	801b3940	96	6f49095a98204b58
PL12.PAC	0x4	801b39a0	104	6c1d49e2ea649431
PL12.PAC	0x4	801b3a08	68	a9a4d8411413a3df
PL12.PAC	0x4	801b3a4c	68	a8832706d4fb6584
PL12.PAC	0x4	801b3a90	124	41d822e4e1ef77d4
PL12.PAC	0x4	801b3b0c	64	36d10b5e7bf2e0d2
PL12.PAC	0x4	801b3b4c	288	22e37b296bbd7949
PL12.PAC	0x4	801b3c6c	64	8c33c089170d1f9b
PL12.PAC	0x4	801b3cac	80	fe869182c519624a
PL12.PAC	0x4	801b3cfc	64	2ad851fdc68730c6
PL12.PAC	0x4	801b3d3c	76	34c82447390402c1
PL12.PAC	0x4	801b3d88	64	36d10b5e7bf2e0d2
PL12.PAC	0x4	801b3dc8	144	cfc5cec3f55539bb
PL12.PAC	0x4	801b3e58	84	febaee0386ebdd4e
PL12.PAC	0x4	801b3eac	56	36be097803f537c4
PL12.PAC	0x4	801b3ee4	36	d4d3f6553b707965
PL12.PAC	0x4	801b3f08	32	20c3a8daad2ca1ef
PL12.PAC	0x4	801b3f28	64	36d10b5e7bf2e0d2
PL12.PAC	0x4	801b3f68	252	680c5dca8c53826d
PL12.PAC	0x4	801b4064	108	0d5bc52c357d041f
PL12.PAC	0x4	801b40d0	172	2bb96509cca34c41
PL12.PAC	0x4	801b417c	172	3813d28c607833ee
PL12.PAC	0x4	801b4228	20	469ab567c4e2c3e0
PL12.PAC	0x4	801b423c	60	6e46b9caa397fa90
PL12.PAC	0x4	801b4278	88	ec84322e863db4c2
PL12.PAC	0x4	801b42d0	64	7ec1257c5bc0f60d
PL12.PAC	0x4	801b4310	64	d811b143200dc5e7
PL12.PAC	0x4	801b4350	136	ec7e53645bbab5c8
PL12.PAC	0x4	801b43d8	104	40b6f04ee86a9f17
PL12.PAC	0x4	801b4440	64	d811b143200dc5e7
PL12.PAC	0x4	801b4480	92	108cd251e2664f81
PL12.PAC	0x4	801b44dc	104	40b6f04ee86a9f17
PL12.PAC	0x4	801b4544	64	a8c2321748a5bc3f
PL12.PAC	0x4	801b4584	64	d811b143200dc5e7
PL12.PAC	0x4	801b45c4	48	635167230e979971
PL12.PAC	0x4	801b45f4	104	40b6f04ee86a9f17
PL12.PAC	0x4	801b465c	64	f80a131af04e26d5
PL12.PAC	0x4	801b469c	212	2c020d86f60474e8
PL12.PAC	0x4	801b4770	104	40b6f04ee86a9f17
PL12.PAC	0x4	801b47d8	132	761c6ee21508ddcd
PL12.PAC	0x4	801b485c	344	d179c85e8062bdc0
PL12.PAC	0x4	801b49b4	112	9b4f5abe8fd0364b
PL12.PAC	0x4	801b4a24	156	7e279d36ca4effb8
PL12.PAC	0x4	801b4ac0	232	1902c3bea2c2f83a
PL12.PAC	0x4	801b4ba8	36	3134d63c1fec6e9f
PL12.PAC	0x4	801b4bcc	68	a8832706d4fb6584
PL12.PAC	0x4	801b4c10	64	36d10b5e7bf2e0d2
PL12.PAC	0x4	801b4c50	236	0389c0cb182e1aaf
PL12.PAC	0x4	801b4d3c	140	1b50568fde1b3158
PL12.PAC	0x4	801b4dc8	32	20c3a8daad2ca1ef
PL12X.PAC	0x5	801c8000	444	c84b6cce9c75e344
PL12X.PAC	0x5	801c81bc	84	cedc6765857e02ca
PL12X.PAC	0x5	801c8210	64	ed0908076f86c2dd
PL12X.PAC	0x5	801c8250	52	98c4e69364aef7ab
PL12X.PAC	0x5	801c8284	80	d77f660dbbb332eb
PL12X.PAC	0x5	801c82d4	156	f7b0443608ce41d4
PL12X.PAC	0x5	801c8370	100	e5eeed45e67b2577
PL12X.PAC	0x5	801c83d4	88	ec84322e863db4c2
PL12X.PAC	0x5	801c842c	64	7ec1257c5bc0f60d
PL12X.PAC	0x5	801c846c	188	c1cf0b892ee16d25
PL12X.PAC	0x5	801c8528	128	1ebc22bf13f320c6
PL12X.PAC	0x5	801c85a8	64	a8c2321748a5bc3f
PL12X.PAC	0x5	801c85e8	76	817d34ea60bfdf6a
PL12X.PAC	0x5	801c8634	64	f80a131af04e26d5
PL12X.PAC	0x5	801c8674	252	fa2eadd7c0b0e51e
PL12X.PAC	0x5	801c8770	32	20c3a8daad2ca1ef
PL12X.PAC	0x5	801c8790	144	be47eeb650a42081
PL12X.PAC	0x5	801c8820	228	180ee5f1d51c43ab
PL12X.PAC	0x5	801c8904	168	e7426fb26870d1b1
PL12X.PAC	0x5	801c89ac	148	dcf725e11faf7b96
PL12X.PAC	0x5	801c8a40	156	7e279d36ca4effb8
PL12X.PAC	0x5	801c8adc	276	69c54aa101af732c
PL12X.PAC	0x5	801c8bf0	496	16c89defff033ce6
PL12X.PAC	0x5	801c8de0	116	579f8b7e8499b0c1
PL12X.PAC	0x5	801c8e54	120	2a4b7a662b174e51
PL12X.PAC	0x5	801c8ecc	152	93bf59ee01330913
PL12X.PAC	0x5	801c8f64	132	0fab721309573c5b
PL12X.PAC	0x5	801c8fe8	148	3e280c4e54f9eca0
PL12X.PAC	0x5	801c907c	160	d148bbba009543d2
PL12X.PAC	0x5	801c911c	148	1079ae22e7bb95d3
PL12X.PAC	0x5	801c91b0	140	5c86f8ecee1d0525
PL12X.PAC	0x5	801c923c	80	27e96ba5d786abd7
PL12X.PAC	0x5	801c928c	156	1ba106e8f22c5da4
PL12X.PAC	0x5	801c9328	80	27e96ba5d786abd7
PL12X.PAC	0x5	801c9378	156	4508e0c927f1323a
PL12X.PAC	0x5	801c9414	252	f4fbbcd8e96c7d79
PL12X.PAC	0x5	801c9510	92	77405a7c9c602ba6
PL12X.PAC	0x5	801c956c	72	1843007a0cd541f3
PL12X.PAC	0x5	801c95b4	8	c0b0db0a4fdd6d58
PL12X.PAC	0x5	801c95bc	12	623bc7ad00743c72
PL12X.PAC	0x5	801c95c8	20	719d31a9c40f47bc
PL12X.PAC	0x5	801c95dc	20	719d31a9c40f47bc
PL12X.PAC	0x5	801c95f0	20	719d31a9c40f47bc
PL12X.PAC	0x5	801c9604	12	267f6a23f7aec3f5
PL12X.PAC	0x5	801c9610	64	946de9087c599ba6
PL12X.PAC	0x5	801c9650	64	946de9087c599ba6
PL12X.PAC	0x5	801c9690	64	f80a131af04e26d5
PL12X.PAC	0x5	801c96d0	116	c6fe201fd9ae1f10
PL12X.PAC	0x5	801c9744	128	27b7f0f99197c1ba
PL12X.PAC	0x5	801c97c4	504	13ef4d2641a1e852
PL12X.PAC	0x5	801c99bc	76	963f13549262cf7f
PL12X.PAC	0x5	801c9a08	76	ecbce8a552ff3d53
PL12X.PAC	0x5	801c9a54	308	1b5b245b63548ee9
PL12X.PAC	0x5	801c9b88	116	e5dc56cba6fe896d
PL12X.PAC	0x5	801c9bfc	64	f80a131af04e26d5
PL12X.PAC	0x5	801c9c3c	264	7ba72cc291c14f7c
PL12X.PAC	0x5	801c9d44	164	791464c8865614b5
PL12X.PAC	0x5	801c9de8	104	2a0020093dc2d3c3
PL12X.PAC	0x5	801c9e50	112	4e879a9ea8cee7b2
PL12X.PAC	0x5	801c9ec0	64	f80a131af04e26d5
PL12X.PAC	0x5	801c9f00	120	1da6ecb5a00ebc60
PL12X.PAC	0x5	801c9f78	304	33d788be7f18ecf9
PL12X.PAC	0x5	801ca0a8	160	bc22b5b59328c8af
PL12X.PAC	0x5	801ca148	64	f80a131af04e26d5
PL12X.PAC	0x5	801ca188	320	1791150fade3abee
PL12X.PAC	0x5	801ca2c8	68	08e9b394ee0884ea
PL12X.PAC	0x5	801ca30c	168	c4e78bb976cbf603
PL12X.PAC	0x5	801ca3b4	116	e5dc56cba6fe896d
PL12X.PAC	0x5	801ca428	64	f80a131af04e26d5
PL12X.PAC	0x5	801ca468	224	856f0976418166da
PL12X.PAC	0x5	801ca548	148	f3ff2406c2876e6a
PL12X.PAC	0x5	801ca5dc	172	f59cfc8209153586
PL12X.PAC	0x5	801ca688	228	f049ce8fc9c86c64
PL12X.PAC	0x5	801ca76c	64	f80a131af04e26d5
PL12X.PAC	0x5	801ca7ac	268	0b5f9f920e3357ea
PL12X.PAC	0x5	801ca8b8	164	5d12634e218bcd9d
PL12X.PAC	0x5	801ca95c	172	dad428bbd0eef544
PL12X.PAC	0x5	801caa08	64	87fc1018ee463769
PL12X.PAC	0x5	801caa48	164	4818235ede794585
PL12X.PAC	0x5	801caaec	96	76377c667aefde39
PL12X.PAC	0x5	801cab4c	64	f80a131af04e26d5
PL12X.PAC	0x5	801cab8c	92	840a390b8e735e32
PL12X.PAC	0x5	801cabe8	140	1cf6395ad181a16b
PL12X.PAC	0x5	801cac74	172	8bb199a51dc2d844
PL12X.PAC	0x5	801cad20	328	6617393f9b992d97
PL12X.PAC	0x5	801cae68	616	c09044bdfcfefd30
PL12X.PAC	0x5	801cb0d0	96	76377c667aefde39
PL12X.PAC	0x5	801cb130	64	f80a131af04e26d5
PL12X.PAC	0x5	801cb170	76	bfc8b220154c276c
PL12X.PAC	0x5	801cb1bc	68	a9a4d8411413a3df
PL12X.PAC	0x5	801cb200	96	76377c667aefde39
PL12X.PAC	0x5	801cb260	64	f80a131af04e26d5
PL12X.PAC	0x5	801cb2a0	132	c5c0ea7af7a6724e
PL12X.PAC	0x5	801cb324	164	bb2c38c8f79eb6fc
PL12X.PAC	0x5	801cb3c8	148	bbcfa1e3222ad2eb
PL12X.PAC	0x5	801cb45c	148	4354be3495577e9e
PL12X.PAC	0x5	801cb4f0	76	c8a9ec57f93168f1
PL12X.PAC	0x5	801cb53c	36	80db97aba3538c4c
PL12X.PAC	0x5	801cb560	64	4fefae5beb880143
PL12X.PAC	0x5	801cb5a0	64	f80a131af04e26d5
PL12X.PAC	0x5	801cb5e0	176	ec4fd95c4dbfdd66
PL12X.PAC	0x5	801cb690	116	b30e177e8d9a974a
PL12X.PAC	0x5	801cb704	68	a9a4d8411413a3df
PL12X.PAC	0x5	801cb748	64	f80a131af04e26d5
PL12X.PAC	0x5	801cb788	188	de841bf2db0042b4
PL12X.PAC	0x5	801cb844	52	a3776faabd6403f6
PL12X.PAC	0x5	801cb878	200	41bf3fdd5de4f207
PL12X.PAC	0x5	801cb940	96	6f49095a98204b58
PL12X.PAC	0x5	801cb9a0	104	6c1d49e2ea649431
PL12X.PAC	0x5	801cba08	68	a9a4d8411413a3df
PL12X.PAC	0x5	801cba4c	68	a8832706d4fb6584
PL12X.PAC	0x5	801cba90	124	41d822e4e1ef77d4
PL12X.PAC	0x5	801cbb0c	64	36d10b5e7bf2e0d2
PL12X.PAC	0x5	801cbb4c	288	22e37b296bbd7949
PL12X.PAC	0x5	801cbc6c	64	8c33c089170d1f9b
PL12X.PAC	0x5	801cbcac	80	fe869182c519624a
PL12X.PAC	0x5	801cbcfc	64	2ad851fdc68730c6
PL12X.PAC	0x5	801cbd3c	76	34c82447390402c1
PL12X.PAC	0x5	801cbd88	64	36d10b5e7bf2e0d2
PL12X.PAC	0x5	801cbdc8	144	cfc5cec3f55539bb
PL12X.PAC	0x5	801cbe58	84	febaee0386ebdd4e
PL12X.PAC	0x5	801cbeac	56	36be097803f537c4
PL12X.PAC	0x5	801cbee4	36	d4d3f6553b707965
PL12X.PAC	0x5	801cbf08	32	20c3a8daad2ca1ef
PL12X.PAC	0x5	801cbf28	64	36d10b5e7bf2e0d2
PL12X.PAC	0x5	801cbf68	252	680c5dca8c53826d
PL12X.PAC	0x5	801cc064	108	0d5bc52c357d041f
PL12X.PAC	0x5	801cc0d0	172	2bb96509cca34c41
PL12X.PAC	0x5	801cc17c	172	3813d28c607833ee
PL12X.PAC	0x5	801cc228	20	469ab567c4e2c3e0
PL12X.PAC	0x5	801cc23c	60	6e46b9caa397fa90
PL12X.PAC	0x5	801cc278	88	ec84322e863db4c2
PL12X.PAC	0x5	801cc2d0	64	7ec1257c5bc0f60d
PL12X.PAC	0x5	801cc310	64	d811b143200dc5e7
PL12X.PAC	0x5	801cc350	136	ec7e53645bbab5c8
PL12X.PAC	0x5	801cc3d8	104	40b6f04ee86a9f17
PL12X.PAC	0x5	801cc440	64	d811b143200dc5e7
PL12X.PAC	0x5	801cc480	92	108cd251e2664f81
PL12X.PAC	0x5	801cc4dc	104	40b6f04ee86a9f17
PL12X.PAC	0x5	801cc544	64	a8c2321748a5bc3f
PL12X.PAC	0x5	801cc584	64	d811b143200dc5e7
PL12X.PAC	0x5	801cc5c4	48	635167230e979971
PL12X.PAC	0x5	801cc5f4	104	40b6f04ee86a9f17
PL12X.PAC	0x5	801cc65c	64	f80a131af04e26d5
PL12X.PAC	0x5	801cc69c	212	2c020d86f60474e8
PL12X.PAC	0x5	801cc770	104	40b6f04ee86a9f17
PL12X.PAC	0x5	801cc7d8	132	761c6ee21508ddcd
PL12X.PAC	0x5	801cc85c	344	d179c85e8062bdc0
PL12X.PAC	0x5	801cc9b4	112	9b4f5abe8fd0364b
PL12X.PAC	0x5	801cca24	156	7e279d36ca4effb8
PL12X.PAC	0x5	801ccac0	232	1902c3bea2c2f83a
PL12X.PAC	0x5	801ccba8	36	3134d63c1fec6e9f
PL12X.PAC	0x5	801ccbcc	68	a8832706d4fb6584
PL12X.PAC	0x5	801ccc10	64	36d10b5e7bf2e0d2
PL12X.PAC	0x5	801ccc50	236	0389c0cb182e1aaf
PL12X.PAC	0x5	801ccd3c	140	1b50568fde1b3158
PL12X.PAC	0x5	801ccdc8	32	20c3a8daad2ca1ef
PL14.PAC	0x4	801b0000	296	4d3275fd0b0d0a85
PL14.PAC	0x4	801b0128	64	ed0908076f86c2dd
PL14.PAC	0x4	801b0168	44	adf07e0e634ae7f5
PL14.PAC	0x4	801b0194	248	b77346a2ee0b1372
PL14.PAC	0x4	801b028c	68	d2480e91395a081b
PL14.PAC	0x4	801b02d0	68	060e25ec9df004a1
PL14.PAC	0x4	801b0314	64	f80a131af04e26d5
PL14.PAC	0x4	801b0354	284	4be595a544e03536
PL14.PAC	0x4	801b0470	32	20c3a8daad2ca1ef
PL14.PAC	0x4	801b0490	112	57a2d36a6a09bf6b
PL14.PAC	0x4	801b0500	64	f80a131af04e26d5
PL14.PAC	0x4	801b0540	316	ac076467cdbf36e4
PL14.PAC	0x4	801b067c	184	055628e39c903661
PL14.PAC	0x4	801b0734	68	a9a4d8411413a3df
PL14.PAC	0x4	801b0778	68	bc0afff0e487516f
PL14.PAC	0x4	801b07bc	40	ce121f7468bb227a
PL14.PAC	0x4	801b07e4	292	240521965ce8b809
PL14.PAC	0x4	801b0908	64	f80a131af04e26d5
PL14.PAC	0x4	801b0948	80	20f8242ccfb0bdc2
PL14.PAC	0x4	801b0998	124	85b4aaf0eaac6240
PL14.PAC	0x4	801b0a14	716	2b470e131f59ffa8
PL14.PAC	0x4	801b0ce0	252	05b2801740351998
PL14.PAC	0x4	801b0ddc	108	2181981d3f530864
PL14.PAC	0x4	801b0e48	108	635021a9ca55ba8e
PL14.PAC	0x4	801b0eb4	136	d1313d0afbdea65a
PL14.PAC	0x4	801b0f3c	140	d5c7d7b06ad17a8a
PL14.PAC	0x4	801b0fc8	116	8bee008137467ece
PL14.PAC	0x4	801b103c	112	d787eb3c4541c4d8
PL14.PAC	0x4	801b10ac	68	b97ab1b1f8a26fd5
PL14.PAC	0x4	801b10f0	144	f30d7ec9ddc004e5
PL14.PAC	0x4	801b1180	184	6ded8032146c756c
PL14.PAC	0x4	801b1238	120	bd87ed4569f42afc
PL14.PAC	0x4	801b12b0	184	ebdee3e777ecba56
PL14.PAC	0x4	801b1368	120	9068e6863ea86781
PL14.PAC	0x4	801b13e0	112	04b1512fd742f30a
PL14.PAC	0x4	801b1450	264	169eb93c59aed798
PL14.PAC	0x4	801b1558	188	69fe941f9f828f23
PL14.PAC	0x4	801b1614	160	c0adfcfc035510e3
PL14.PAC	0x4	801b16b4	176	f860972b4a1b2fd1
PL14.PAC	0x4	801b1764	152	b4f0d0df6aa28bad
PL14.PAC	0x4	801b17fc	72	1843007a0cd541f3
PL14.PAC	0x4	801b1844	8	c0b0db0a4fdd6d58
PL14.PAC	0x4	801b184c	12	623bc7ad00743c72
PL14.PAC	0x4	801b1858	12	e388712607e84daf
PL14.PAC	0x4	801b1864	64	e371089f0b403609
PL14.PAC	0x4	801b18a4	44	d78c56f5d65d9899
PL14.PAC	0x4	801b18d0	20	719d31a9c40f47bc
PL14.PAC	0x4	801b18e4	60	bb68d3adb0721ac5
PL14.PAC	0x4	801b1920	20	a76560a1b011a52b
PL14.PAC	0x4	801b1934	12	267f6a23f7aec3f5
PL14.PAC	0x4	801b1940	64	946de9087c599ba6
PL14.PAC	0x4	801b1980	64	946de9087c599ba6
PL14.PAC	0x4	801b19c0	64	f80a131af04e26d5
PL14.PAC	0x4	801b1a00	264	4a28946b4f2e9b12
PL14.PAC	0x4	801b1b08	64	87fc1018ee463769
PL14.PAC	0x4	801b1b48	192	f2ad2c0661dca287
PL14.PAC	0x4	801b1c08	132	27bc1dd5fffce228
PL14.PAC	0x4	801b1c8c	112	5ba0cbcfdf2deabb
PL14.PAC	0x4	801b1cfc	144	c54e2225f706ee67
PL14.PAC	0x4	801b1d8c	76	3afd18c278beffdf
PL14.PAC	0x4	801b1dd8	64	f80a131af04e26d5
PL14.PAC	0x4	801b1e18	116	dfe7ae47b0e86a04
PL14.PAC	0x4	801b1e8c	336	5432300d20fbf855
PL14.PAC	0x4	801b1fdc	140	2dbe7a094196754e
PL14.PAC	0x4	801b2068	64	f80a131af04e26d5
PL14.PAC	0x4	801b20a8	232	25ab2b0d0a504bc0
PL14.PAC	0x4	801b2190	204	a8bd8c2eeb9d9cb2
PL14.PAC	0x4	801b225c	152	6b1c143c1be40ac0
PL14.PAC	0x4	801b22f4	112	2f4dd4738c3ee1d3
PL14.PAC	0x4	801b2364	64	f80a131af04e26d5
PL14.PAC	0x4	801b23a4	260	d286b9422fe072af
PL14.PAC	0x4	801b24a8	168	c544efae0c480ab9
PL14.PAC	0x4	801b2550	124	6f0f2a3b307a291c
PL14.PAC	0x4	801b25cc	152	ca41312c174fa03f
PL14.PAC	0x4	801b2664	88	06df0417b797dd5c
PL14.PAC	0x4	801b26bc	64	28bcebf5dcd0f279
PL14.PAC	0x4	801b26fc	64	f80a131af04e26d5
PL14.PAC	0x4	801b273c	84	8fb93a66c05f751d
PL14.PAC	0x4	801b2790	372	3b2b015990f9fb84
PL14.PAC	0x4	801b2904	380	7498c5d0e01d60a5
PL14.PAC	0x4	801b2a80	128	5fd00800e465bd7b
PL14.PAC	0x4	801b2b00	76	61e75c5a374400b8
PL14.PAC	0x4	801b2b4c	88	c123c1b9e2a1d389
PL14.PAC	0x4	801b2ba4	64	f80a131af04e26d5
PL14.PAC	0x4	801b2be4	100	30b1ba815802a4db
PL14.PAC	0x4	801b2c48	148	a9cbbf863407471b
PL14.PAC	0x4	801b2cdc	120	b5f325738782b2bc
PL14.PAC	0x4	801b2d54	376	65ecad249501aaab
PL14.PAC	0x4	801b2ecc	92	704574182db96dda
PL14.PAC	0x4	801b2f28	64	f80a131af04e26d5
PL14.PAC	0x4	801b2f68	112	a889b122fdefc6d9
PL14.PAC	0x4	801b2fd8	124	8d8cc616baf01cfd
PL14.PAC	0x4	801b3054	380	3c4de5ff0c615bc6
PL14.PAC	0x4	801b31d0	196	5d4f401da37725d9
PL14.PAC	0x4	801b3294	88	ac5c3d9b31777936
PL14.PAC	0x4	801b32ec	152	f08bf030316fde59
PL14.PAC	0x4	801b3384	72	6d82b0e5b9c9d586
PL14.PAC	0x4	801b33cc	64	f80a131af04e26d5
PL14.PAC	0x4	801b340c	220	da3ce8dd7069b140
PL14.PAC	0x4	801b34e8	124	4ed5ad4e1b07d2c0
PL14.PAC	0x4	801b3564	240	b9b76830f8cd4a15
PL14.PAC	0x4	801b3654	48	7c02e839e0aa1010
PL14.PAC	0x4	801b3684	64	f80a131af04e26d5
PL14.PAC	0x4	801b36c4	108	c933eda69b4645d9
PL14.PAC	0x4	801b3730	252	afe0fe0c41f2d314
PL14.PAC	0x4	801b382c	364	6ca154b54b17dba2
PL14.PAC	0x4	801b3998	280	23d25e1ff9e17b00
PL14.PAC	0x4	801b3ab0	124	7142333520bc432c
PL14.PAC	0x4	801b3b2c	64	f80a131af04e26d5
PL14.PAC	0x4	801b3b6c	100	0eba4ee8601aedf6
PL14.PAC	0x4	801b3bd0	104	11ce267e36b62220
PL14.PAC	0x4	801b3c38	320	ed17db1fd0d8c637
PL14.PAC	0x4	801b3d78	64	f80a131af04e26d5
PL14.PAC	0x4	801b3db8	128	cceea454a7f15e4a
PL14.PAC	0x4	801b3e38	172	5c7a11ab50311dc7
PL14.PAC	0x4	801b3ee4	96	8d7336e8868d9f17
PL14.PAC	0x4	801b3f44	168	961b75fe6ab6a294
PL14.PAC	0x4	801b3fec	92	ca4ddc02b357f62c
PL14.PAC	0x4	801b4048	84	1efecd072ef41cf9
PL14.PAC	0x4	801b409c	220	2d23e1286f288374
PL14.PAC	0x4	801b4178	68	a9a4d8411413a3df
PL14.PAC	0x4	801b41bc	132	438113cdb75577a5
PL14.PAC	0x4	801b4240	64	f80a131af04e26d5
PL14.PAC	0x4	801b4280	76	46703421c8403844
PL14.PAC	0x4	801b42cc	124	158ac7f2261270cb
PL14.PAC	0x4	801b4348	64	f80a131af04e26d5
PL14.PAC	0x4	801b4388	132	368b63f781efe63f
PL14.PAC	0x4	801b440c	88	aee0861c03323b31
PL14.PAC	0x4	801b4464	64	f80a131af04e26d5
PL14.PAC	0x4	801b44a4	64	f80a131af04e26d5
PL14.PAC	0x4	801b44e4	116	670da8cac314d665
PL14.PAC	0x4	801b4558	220	c7cb9d97590ecced
PL14.PAC	0x4	801b4634	204	7c36c0da33364fb1
PL14.PAC	0x4	801b4700	328	e4f8f7a9cc9c6f6a
PL14.PAC	0x4	801b4848	288	f01f0ff684317105
PL14.PAC	0x4	801b4968	396	733978be3fed1445
PL14.PAC	0x4	801b4af4	148	686d935df2c88987
PL14.PAC	0x4	801b4b88	56	4a9f9086b183d248
PL14.PAC	0x4	801b4bc0	152	6a8a88916fa4001b
PL14.PAC	0x4	801b4c58	56	f4e4acf4872fb9f0
PL14.PAC	0x4	801b4c90	188	d380cb1c8a825a2e
PL14.PAC	0x4	801b4d4c	232	da0c2ccbb501e3d8
PL14.PAC	0x4	801b4e34	68	a9a4d8411413a3df
PL14.PAC	0x4	801b4e78	164	21bb94604a24badb
PL14.PAC	0x4	801b4f1c	384	7b8cc33a046c775f
PL14.PAC	0x4	801b509c	244	9b41c06959e8ff6e
PL14.PAC	0x4	801b5190	160	2f92474fbc1460a6
PL14.PAC	0x4	801b5230	72	220f667c2a3b08b3
PL14.PAC	0x4	801b5278	140	80175807ac0cc171
PL14.PAC	0x4	801b5304	144	8077f2fdfe4377a4
PL14.PAC	0x4	801b5394	228	9d97f05063e9a9af
PL14.PAC	0x4	801b5478	216	b5335196f469f416
PL14.PAC	0x4	801b5550	196	8b9602bcad856606
PL14.PAC	0x4	801b5614	244	3fd22191fb5a37ba
PL14.PAC	0x4	801b5708	64	f80a131af04e26d5
PL14.PAC	0x4	801b5748	212	bd65957e8dcbb4f2
PL14.PAC	0x4	801b581c	148	2de7383f6f7469ee
PL14.PAC	0x4	801b58b0	136	f0d81ad097141242
PL14.PAC	0x4	801b5938	264	fbf8e2057b4485ca
PL14.PAC	0x4	801b5a40	80	0316a751cec13dfb
PL14.PAC	0x4	801b5a90	64	f80a131af04e26d5
PL14.PAC	0x4	801b5ad0	176	3af91b654c2dd942
PL14.PAC	0x4	801b5b80	100	675dc635baae4024
PL14.PAC	0x4	801b5be4	80	22579d7343306d5f
PL14.PAC	0x4	801b5c34	64	f80a131af04e26d5
PL14.PAC	0x4	801b5c74	192	aae050d96a5a7901
PL14.PAC	0x4	801b5d34	64	87fc1018ee463769
PL14.PAC	0x4	801b5d74	100	6c599d90ade81544
PL14.PAC	0x4	801b5dd8	108	8ff629d8271ea54e
PL14.PAC	0x4	801b5e44	56	d1520591bfe8b870
PL14.PAC	0x4	801b5e7c	32	87025a57d32b4592
PL14.PAC	0x4	801b5e9c	64	ed0908076f86c2dd
PL14.PAC	0x4	801b5edc	52	98c4e69364aef7ab
PL14.PAC	0x4	801b5f10	80	b7aa45574ae4dd80
PL14.PAC	0x4	801b5f60	136	c825d33f8d3c9f83
PL14.PAC	0x4	801b5fe8	164	99cd20f6402da6fe
PL14.PAC	0x4	801b608c	64	ed0908076f86c2dd
PL14.PAC	0x4	801b60cc	60	8edcc0aa591b2ad8
PL14.PAC	0x4	801b6108	88	98e5cb1555778164
PL14.PAC	0x4	801b6160	100	e5eeed45e67b2577
PL14.PAC	0x4	801b61c4	36	c54f04c517aa0972
PL14.PAC	0x4	801b61e8	192	7cc07ca2595b87c9
PL14.PAC	0x4	801b62a8	24	900e395f073b0178
PL14.PAC	0x4	801b62c0	68	d2480e91395a081b
PL14.PAC	0x4	801b6304	64	7ec1257c5bc0f60d
PL14.PAC	0x4	801b6344	64	f80a131af04e26d5
PL14.PAC	0x4	801b6384	224	4799788340c2348c
PL14.PAC	0x4	801b6464	136	fb0823a60dae0742
PL14.PAC	0x4	801b64ec	144	ca2811987ad0733c
PL14.PAC	0x4	801b657c	64	f80a131af04e26d5
PL14.PAC	0x4	801b65bc	280	5bf79909cd23ce5a
PL14.PAC	0x4	801b66d4	184	635894298e05c182
PL14.PAC	0x4	801b678c	68	a9a4d8411413a3df
PL14.PAC	0x4	801b67d0	64	f80a131af04e26d5
PL14.PAC	0x4	801b6810	48	8cf5810d691996df
PL14.PAC	0x4	801b6840	396	467e763a41fb8855
PL14.PAC	0x4	801b69cc	68	9d48a32ea50bffea
PL14.PAC	0x4	801b6a10	304	123b614d43434f1e
PL14.PAC	0x4	801b6b40	64	f80a131af04e26d5
PL14.PAC	0x4	801b6b80	76	c5da597fd28c4a43
PL14.PAC	0x4	801b6bcc	112	1416da5038301443
PL14.PAC	0x4	801b6c3c	24	900e395f073b0178
PL14.PAC	0x4	801b6c54	64	36d10b5e7bf2e0d2
PL14.PAC	0x4	801b6c94	288	e0ab26cfb36e63e0
PL14.PAC	0x4	801b6db4	64	8c33c089170d1f9b
PL14.PAC	0x4	801b6df4	92	153ebafb61bc2db5
PL14.PAC	0x4	801b6e50	124	1f5f59261bba95e5
PL14.PAC	0x4	801b6ecc	32	20c3a8daad2ca1ef
PL14.PAC	0x4	801b6eec	32	20c3a8daad2ca1ef
PL14.PAC	0x4	801b6f0c	108	e88f334f68249083
PL14.PAC	0x4	801b6f78	116	2d9c0433379a8bfe
PL14.PAC	0x4	801b6fec	96	943d7494e72764be
PL14.PAC	0x4	801b704c	108	e88f334f68249083
PL14.PAC	0x4	801b70b8	116	2d9c0433379a8bfe
PL14.PAC	0x4	801b712c	124	c449f04efed2291c
PL14.PAC	0x4	801b71a8	84	febaee0386ebdd4e
PL14.PAC	0x4	801b71fc	44	7bf954944dec4a5e
PL14.PAC	0x4	801b7228	68	90535d76bedd5ec3
PL14.PAC	0x4	801b726c	76	34c82447390402c1
PL14.PAC	0x4	801b72b8	88	d6153c93018be5d8
PL14.PAC	0x4	801b7310	64	36d10b5e7bf2e0d2
PL14.PAC	0x4	801b7350	100	bdcb74493ed40048
PL14.PAC	0x4	801b73b4	172	bec6bfefa6fdf000
PL14.PAC	0x4	801b7460	20	469ab567c4e2c3e0
PL14.PAC	0x4	801b7474	60	822b2c4f259d1c2d
PL14.PAC	0x4	801b74b0	88	dd7d80ac10c5d309
PL14.PAC	0x4	801b7508	72	b7e3ac1caedc2cc4
PL14.PAC	0x4	801b7550	64	36d10b5e7bf2e0d2
PL14.PAC	0x4	801b7590	380	9b253f9350e748d7
PL14.PAC	0x4	801b770c	108	78130ea5d1f8a6ee
PL14.PAC	0x4	801b7778	128	c33453dbd10ceea8
PL14.PAC	0x4	801b77f8	36	e5b7caac12d3144b
PL14.PAC	0x4	801b781c	144	a0321f115b8441fc
PL14.PAC	0x4	801b78ac	72	ff97d620e9d17146
PL14.PAC	0x4	801b78f4	32	20c3a8daad2ca1ef
PL14.PAC	0x4	801b7914	108	e88f334f68249083
PL14.PAC	0x4	801b7980	124	8a3202c1465ff199
PL14.PAC	0x4	801b79fc	112	9be77118b8fd86be
PL14.PAC	0x4	801b7a6c	108	e88f334f68249083
PL14.PAC	0x4	801b7ad8	164	b7af3dda6cae025d
PL14.PAC	0x4	801b7b7c	140	4624216739d86f4d
PL14.PAC	0x4	801b7c08	84	febaee0386ebdd4e
PL14.PAC	0x4	801b7c5c	76	f162abcf74cfd930
PL14.PAC	0x4	801b7ca8	76	da5de1185feee655
PL14.PAC	0x4	801b7cf4	52	e85ea37768bfeba3
PL14.PAC	0x4	801b7d28	128	92d734c89ef07f9f
PL14.PAC	0x4	801b7da8	80	f1e97ff3a57baaba
PL14.PAC	0x4	801b7df8	80	583533cf16a2f581
PL14.PAC	0x4	801b7e48	80	6c53e418cbb14dc4
PL14.PAC	0x4	801b7e98	80	d421a0b04fcfdb6a
PL14.PAC	0x4	801b7ee8	28	214a79ef9192a48a
PL14.PAC	0x4	801b7f04	24	900e395f073b0178
PL14.PAC	0x4	801b7f1c	84	8adef240553e6e18
PL14.PAC	0x4	801b7f70	64	36d10b5e7bf2e0d2
PL14.PAC	0x4	801b7fb0	152	cd49c5ab5d363942
PL14.PAC	0x4	801b8048	196	d61f64582b941b4b
PL14.PAC	0x4	801b810c	20	469ab567c4e2c3e0
PL14.PAC	0x4	801b8120	32	20c3a8daad2ca1ef
PL14.PAC	0x4	801b8140	48	782e3db07aa83ac6
PL14.PAC	0x4	801b8170	72	cad7aafd6a56d0a8
PL14.PAC	0x4	801b81b8	64	36d10b5e7bf2e0d2
PL14.PAC	0x4	801b81f8	348	9cee085af11f6eec
PL14.PAC	0x4	801b8354	12	cb138e74c5670ddd
PL14.PAC	0x4	801b8360	176	c2934e2e75432e2f
PL14.PAC	0x4	801b8410	32	20c3a8daad2ca1ef
PL14.PAC	0x4	801b8430	136	14fcd6486008435d
PL14.PAC	0x4	801b84b8	200	d07b5da01e0d3baa
PL14X.PAC	0x5	801c8000	296	4d3275fd0b0d0a85
PL14X.PAC	0x5	801c8128	64	ed0908076f86c2dd
PL14X.PAC	0x5	801c8168	44	adf07e0e634ae7f5
PL14X.PAC	0x5	801c8194	248	b77346a2ee0b1372
PL14X.PAC	0x5	801c828c	68	d2480e91395a081b
PL14X.PAC	0x5	801c82d0	68	060e25ec9df004a1
PL14X.PAC	0x5	801c8314	64	f80a131af04e26d5
PL14X.PAC	0x5	801c8354	284	4be595a544e03536
PL14X.PAC	0x5	801c8470	32	20c3a8daad2ca1ef
PL14X.PAC	0x5	801c8490	112	57a2d36a6a09bf6b
PL14X.PAC	0x5	801c8500	64	f80a131af04e26d5
PL14X.PAC	0x5	801c8540	316	ac076467cdbf36e4
PL14X.PAC	0x5	801c867c	184	055628e39c903661
PL14X.PAC	0x5	801c8734	68	a9a4d8411413a3df
PL14X.PAC	0x5	801c8778	68	bc0afff0e487516f
PL14X.PAC	0x5	801c87bc	40	ce121f7468bb227a
PL14X.PAC	0x5	801c87e4	292	240521965ce8b809
PL14X.PAC	0x5	801c8908	64	f80a131af04e26d5
PL14X.PAC	0x5	801c8948	80	20f8242ccfb0bdc2
PL14X.PAC	0x5	801c8998	124	85b4aaf0eaac6240
PL14X.PAC	0x5	801c8a14	716	2b470e131f59ffa8
PL14X.PAC	0x5	801c8ce0	252	05b2801740351998
PL14X.PAC	0x5	801c8ddc	108	2181981d3f530864
PL14X.PAC	0x5	801c8e48	108	635021a9ca55ba8e
PL14X.PAC	0x5	801c8eb4	136	d1313d0afbdea65a
PL14X.PAC	0x5	801c8f3c	140	d5c7d7b06ad17a8a
PL14X.PAC	0x5	801c8fc8	116	8bee008137467ece
PL14X.PAC	0x5	801c903c	112	d787eb3c4541c4d8
PL14X.PAC	0x5	801c90ac	68	b97ab1b1f8a26fd5
PL14X.PAC	0x5	801c90f0	144	f30d7ec9ddc004e5
PL14X.PAC	0x5	801c9180	184	6ded8032146c756c
PL14X.PAC	0x5	801c9238	120	bd87ed4569f42afc
PL14X.PAC	0x5	801c92b0	184	ebdee3e777ecba56
PL14X.PAC	0x5	801c9368	120	9068e6863ea86781
PL14X.PAC	0x5	801c93e0	112	04b1512fd742f30a
PL14X.PAC	0x5	801c9450	264	169eb93c59aed798
PL14X.PAC	0x5	801c9558	188	69fe941f9f828f23
PL14X.PAC	0x5	801c9614	160	c0adfcfc035510e3
PL14X.PAC	0x5	801c96b4	176	f860972b4a1b2fd1
PL14X.PAC	0x5	801c9764	152	b4f0d0df6aa28bad
PL14X.PAC	0x5	801c97fc	72	1843007a0cd541f3
PL14X.PAC	0x5	801c9844	8	c0b0db0a4fdd6d58
PL14X.PAC	0x5	801c984c	12	623bc7ad00743c72
PL14X.PAC	0x5	801c9858	12	e388712607e84daf
PL14X.PAC	0x5	801c9864	64	e371089f0b403609
PL14X.PAC	0x5	801c98a4	44	d78c56f5d65d9899
PL14X.PAC	0x5	801c98d0	20	719d31a9c40f47bc
PL14X.PAC	0x5	801c98e4	60	bb68d3adb0721ac5
PL14X.PAC	0x5	801c9920	20	a76560a1b011a52b
PL14X.PAC	0x5	801c9934	12	267f6a23f7aec3f5
PL14X.PAC	0x5	801c9940	64	946de9087c599ba6
PL14X.PAC	0x5	801c9980	64	946de9087c599ba6
PL14X.PAC	0x5	801c99c0	64	f80a131af04e26d5
PL14X.PAC	0x5	801c9a00	264	4a28946b4f2e9b12
PL14X.PAC	0x5	801c9b08	64	87fc1018ee463769
PL14X.PAC	0x5	801c9b48	192	f2ad2c0661dca287
PL14X.PAC	0x5	801c9c08	132	27bc1dd5fffce228
PL14X.PAC	0x5	801c9c8c	112	5ba0cbcfdf2deabb
PL14X.PAC	0x5	801c9cfc	144	c54e2225f706ee67
PL14X.PAC	0x5	801c9d8c	76	3afd18c278beffdf
PL14X.PAC	0x5	801c9dd8	64	f80a131af04e26d5
PL14X.PAC	0x5	801c9e18	116	dfe7ae47b0e86a04
PL14X.PAC	0x5	801c9e8c	336	5432300d20fbf855
PL14X.PAC	0x5	801c9fdc	140	2dbe7a094196754e
PL14X.PAC	0x5	801ca068	64	f80a131af04e26d5
PL14X.PAC	0x5	801ca0a8	232	25ab2b0d0a504bc0
PL14X.PAC	0x5	801ca190	204	a8bd8c2eeb9d9cb2
PL14X.PAC	0x5	801ca25c	152	6b1c143c1be40ac0
PL14X.PAC	0x5	801ca2f4	112	2f4dd4738c3ee1d3
PL14X.PAC	0x5	801ca364	64	f80a131af04e26d5
PL14X.PAC	0x5	801ca3a4	260	d286b9422fe072af
PL14X.PAC	0x5	801ca4a8	168	c544efae0c480ab9
PL14X.PAC	0x5	801ca550	124	6f0f2a3b307a291c
PL14X.PAC	0x5	801ca5cc	152	ca41312c174fa03f
PL14X.PAC	0x5	801ca664	88	06df0417b797dd5c
PL14X.PAC	0x5	801ca6bc	64	28bcebf5dcd0f279
PL14X.PAC	0x5	801ca6fc	64	f80a131af04e26d5
PL14X.PAC	0x5	801ca73c	84	8fb93a66c05f751d
PL14X.PAC	0x5	801ca790	372	3b2b015990f9fb84
PL14X.PAC	0x5	801ca904	380	7498c5d0e01d60a5
PL14X.PAC	0x5	801caa80	128	5fd00800e465bd7b
PL14X.PAC	0x5	801cab00	76	61e75c5a374400b8
PL14X.PAC	0x5	801cab4c	88	c123c1b9e2a1d389
PL14X.PAC	0x5	801caba4	64	f80a131af04e26d5
PL14X.PAC	0x5	801cabe4	100	30b1ba815802a4db
PL14X.PAC	0x5	801cac48	148	a9cbbf863407471b
PL14X.PAC	0x5	801cacdc	120	b5f325738782b2bc
PL14X.PAC	0x5	801cad54	376	65ecad249501aaab
PL14X.PAC	0x5	801caecc	92	704574182db96dda
PL14X.PAC	0x5	801caf28	64	f80a131af04e26d5
PL14X.PAC	0x5	801caf68	112	a889b122fdefc6d9
PL14X.PAC	0x5	801cafd8	124	8d8cc616baf01cfd
PL14X.PAC	0x5	801cb054	380	3c4de5ff0c615bc6
PL14X.PAC	0x5	801cb1d0	196	5d4f401da37725d9
PL14X.PAC	0x5	801cb294	88	ac5c3d9b31777936
PL14X.PAC	0x5	801cb2ec	152	f08bf030316fde59
PL14X.PAC	0x5	801cb384	72	6d82b0e5b9c9d586
PL14X.PAC	0x5	801cb3cc	64	f80a131af04e26d5
PL14X.PAC	0x5	801cb40c	220	da3ce8dd7069b140
PL14X.PAC	0x5	801cb4e8	124	4ed5ad4e1b07d2c0
PL14X.PAC	0x5	801cb564	240	b9b76830f8cd4a15
PL14X.PAC	0x5	801cb654	48	7c02e839e0aa1010
PL14X.PAC	0x5	801cb684	64	f80a131af04e26d5
PL14X.PAC	0x5	801cb6c4	108	c933eda69b4645d9
PL14X.PAC	0x5	801cb730	252	afe0fe0c41f2d314
PL14X.PAC	0x5	801cb82c	364	6ca154b54b17dba2
PL14X.PAC	0x5	801cb998	280	23d25e1ff9e17b00
PL14X.PAC	0x5	801cbab0	124	7142333520bc432c
PL14X.PAC	0x5	801cbb2c	64	f80a131af04e26d5
PL14X.PAC	0x5	801cbb6c	100	0eba4ee8601aedf6
PL14X.PAC	0x5	801cbbd0	104	11ce267e36b62220
PL14X.PAC	0x5	801cbc38	320	ed17db1fd0d8c637
PL14X.PAC	0x5	801cbd78	64	f80a131af04e26d5
PL14X.PAC	0x5	801cbdb8	128	cceea454a7f15e4a
PL14X.PAC	0x5	801cbe38	172	5c7a11ab50311dc7
PL14X.PAC	0x5	801cbee4	96	8d7336e8868d9f17
PL14X.PAC	0x5	801cbf44	168	961b75fe6ab6a294
PL14X.PAC	0x5	801cbfec	92	ca4ddc02b357f62c
PL14X.PAC	0x5	801cc048	84	1efecd072ef41cf9
PL14X.PAC	0x5	801cc09c	220	2d23e1286f288374
PL14X.PAC	0x5	801cc178	68	a9a4d8411413a3df
PL14X.PAC	0x5	801cc1bc	132	438113cdb75577a5
PL14X.PAC	0x5	801cc240	64	f80a131af04e26d5
PL14X.PAC	0x5	801cc280	76	46703421c8403844
PL14X.PAC	0x5	801cc2cc	124	158ac7f2261270cb
PL14X.PAC	0x5	801cc348	64	f80a131af04e26d5
PL14X.PAC	0x5	801cc388	132	368b63f781efe63f
PL14X.PAC	0x5	801cc40c	88	aee0861c03323b31
PL14X.PAC	0x5	801cc464	64	f80a131af04e26d5
PL14X.PAC	0x5	801cc4a4	64	f80a131af04e26d5
PL14X.PAC	0x5	801cc4e4	116	670da8cac314d665
PL14X.PAC	0x5	801cc558	220	c7cb9d97590ecced
PL14X.PAC	0x5	801cc634	204	7c36c0da33364fb1
PL14X.PAC	0x5	801cc700	328	e4f8f7a9cc9c6f6a
PL14X.PAC	0x5	801cc848	288	f01f0ff684317105
PL14X.PAC	0x5	801cc968	396	733978be3fed1445
PL14X.PAC	0x5	801ccaf4	148	686d935df2c88987
PL14X.PAC	0x5	801ccb88	56	4a9f9086b183d248
PL14X.PAC	0x5	801ccbc0	152	6a8a88916fa4001b
PL14X.PAC	0x5	801ccc58	56	f4e4acf4872fb9f0
PL14X.PAC	0x5	801ccc90	188	d380cb1c8a825a2e
PL14X.PAC	0x5	801ccd4c	232	da0c2ccbb501e3d8
PL14X.PAC	0x5	801cce34	68	a9a4d8411413a3df
PL14X.PAC	0x5	801cce78	164	21bb94604a24badb
PL14X.PAC	0x5	801ccf1c	384	7b8cc33a046c775f
PL14X.PAC	0x5	801cd09c	244	9b41c06959e8ff6e
PL14X.PAC	0x5	801cd190	160	2f92474fbc1460a6
PL14X.PAC	0x5	801cd230	72	220f667c2a3b08b3
PL14X.PAC	0x5	801cd278	140	80175807ac0cc171
PL14X.PAC	0x5	801cd304	144	8077f2fdfe4377a4
PL14X.PAC	0x5	801cd394	228	9d97f05063e9a9af
PL14X.PAC	0x5	801cd478	216	b5335196f469f416
PL14X.PAC	0x5	801cd550	196	8b9602bcad856606
PL14X.PAC	0x5	801cd614	244	3fd22191fb5a37ba
PL14X.PAC	0x5	801cd708	64	f80a131af04e26d5
PL14X.PAC	0x5	801cd748	212	bd65957e8dcbb4f2
PL14X.PAC	0x5	801cd81c	148	2de7383f6f7469ee
PL14X.PAC	0x5	801cd8b0	136	f0d81ad097141242
PL14X.PAC	0x5	801cd938	264	fbf8e2057b4485ca
PL14X.PAC	0x5	801cda40	80	0316a751cec13dfb
PL14X.PAC	0x5	801cda90	64	f80a131af04e26d5
PL14X.PAC	0x5	801cdad0	176	3af91b654c2dd942
PL14X.PAC	0x5	801cdb80	100	675dc635baae4024
PL14X.PAC	0x5	801cdbe4	80	22579d7343306d5f
PL14X.PAC	0x5	801cdc34	64	f80a131af04e26d5
PL14X.PAC	0x5	801cdc74	192	aae050d96a5a7901
PL14X.PAC	0x5	801cdd34	64	87fc1018ee463769
PL14X.PAC	0x5	801cdd74	100	6c599d90ade81544
PL14X.PAC	0x5	801cddd8	108	8ff629d8271ea54e
PL14X.PAC	0x5	801cde44	56	d1520591bfe8b870
PL14X.PAC	0x5	801cde7c	32	87025a57d32b4592
PL14X.PAC	0x5	801cde9c	64	ed0908076f86c2dd
PL14X.PAC	0x5	801cdedc	52	98c4e69364aef7ab
PL14X.PAC	0x5	801cdf10	80	b7aa45574ae4dd80
PL14X.PAC	0x5	801cdf60	136	c825d33f8d3c9f83
PL14X.PAC	0x5	801cdfe8	164	99cd20f6402da6fe
PL14X.PAC	0x5	801ce08c	64	ed0908076f86c2dd
PL14X.PAC	0x5	801ce0cc	60	8edcc0aa591b2ad8
PL14X.PAC	0x5	801ce108	88	98e5cb1555778164
PL14X.PAC	0x5	801ce160	100	e5eeed45e67b2577
PL14X.PAC	0x5	801ce1c4	36	c54f04c517aa0972
PL14X.PAC	0x5	801ce1e8	192	7cc07ca2595b87c9
PL14X.PAC	0x5	801ce2a8	24	900e395f073b0178
PL14X.PAC	0x5	801ce2c0	68	d2480e91395a081b
PL14X.PAC	0x5	801ce304	64	7ec1257c5bc0f60d
PL14X.PAC	0x5	801ce344	64	f80a131af04e26d5
PL14X.PAC	0x5	801ce384	224	4799788340c2348c
PL14X.PAC	0x5	801ce464	136	fb0823a60dae0742
PL14X.PAC	0x5	801ce4ec	144	ca2811987ad0733c
PL14X.PAC	0x5	801ce57c	64	f80a131af04e26d5
PL14X.PAC	0x5	801ce5bc	280	5bf79909cd23ce5a
PL14X.PAC	0x5	801ce6d4	184	635894298e05c182
PL14X.PAC	0x5	801ce78c	68	a9a4d8411413a3df
PL14X.PAC	0x5	801ce7d0	64	f80a131af04e26d5
PL14X.PAC	0x5	801ce810	48	8cf5810d691996df
PL14X.PAC	0x5	801ce840	396	467e763a41fb8855
PL14X.PAC	0x5	801ce9cc	68	9d48a32ea50bffea
PL14X.PAC	0x5	801cea10	304	123b614d43434f1e
PL14X.PAC	0x5	801ceb40	64	f80a131af04e26d5
PL14X.PAC	0x5	801ceb80	76	c5da597fd28c4a43
PL14X.PAC	0x5	801cebcc	112	1416da5038301443
PL14X.PAC	0x5	801cec3c	24	900e395f073b0178
PL14X.PAC	0x5	801cec54	64	36d10b5e7bf2e0d2
PL14X.PAC	0x5	801cec94	288	e0ab26cfb36e63e0
PL14X.PAC	0x5	801cedb4	64	8c33c089170d1f9b
PL14X.PAC	0x5	801cedf4	92	153ebafb61bc2db5
PL14X.PAC	0x5	801cee50	124	1f5f59261bba95e5
PL14X.PAC	0x5	801ceecc	32	20c3a8daad2ca1ef
PL14X.PAC	0x5	801ceeec	32	20c3a8daad2ca1ef
PL14X.PAC	0x5	801cef0c	108	e88f334f68249083
PL14X.PAC	0x5	801cef78	116	2d9c0433379a8bfe
PL14X.PAC	0x5	801cefec	96	943d7494e72764be
PL14X.PAC	0x5	801cf04c	108	e88f334f68249083
PL14X.PAC	0x5	801cf0b8	116	2d9c0433379a8bfe
PL14X.PAC	0x5	801cf12c	124	c449f04efed2291c
PL14X.PAC	0x5	801cf1a8	84	febaee0386ebdd4e
PL14X.PAC	0x5	801cf1fc	44	7bf954944dec4a5e
PL14X.PAC	0x5	801cf228	68	90535d76bedd5ec3
PL14X.PAC	0x5	801cf26c	76	34c82447390402c1
PL14X.PAC	0x5	801cf2b8	88	d6153c93018be5d8
PL14X.PAC	0x5	801cf310	64	36d10b5e7bf2e0d2
PL14X.PAC	0x5	801cf350	100	bdcb74493ed40048
PL14X.PAC	0x5	801cf3b4	172	bec6bfefa6fdf000
PL14X.PAC	0x5	801cf460	20	469ab567c4e2c3e0
PL14X.PAC	0x5	801cf474	60	822b2c4f259d1c2d
PL14X.PAC	0x5	801cf4b0	88	dd7d80ac10c5d309
PL14X.PAC	0x5	801cf508	72	b7e3ac1caedc2cc4
PL14X.PAC	0x5	801cf550	64	36d10b5e7bf2e0d2
PL14X.PAC	0x5	801cf590	380	9b253f9350e748d7
PL14X.PAC	0x5	801cf70c	108	78130ea5d1f8a6ee
PL14X.PAC	0x5	801cf778	128	c33453dbd10ceea8
PL14X.PAC	0x5	801cf7f8	36	e5b7caac12d3144b
PL14X.PAC	0x5	801cf81c	144	a0321f115b8441fc
PL14X.PAC	0x5	801cf8ac	72	ff97d620e9d17146
PL14X.PAC	0x5	801cf8f4	32	20c3a8daad2ca1ef
PL14X.PAC	0x5	801cf914	108	e88f334f68249083
PL14X.PAC	0x5	801cf980	124	8a3202c1465ff199
PL14X.PAC	0x5	801cf9fc	112	9be77118b8fd86be
PL14X.PAC	0x5	801cfa6c	108	e88f334f68249083
PL14X.PAC	0x5	801cfad8	164	b7af3dda6cae025d
PL14X.PAC	0x5	801cfb7c	140	4624216739d86f4d
PL14X.PAC	0x5	801cfc08	84	febaee0386ebdd4e
PL14X.PAC	0x5	801cfc5c	76	f162abcf74cfd930
PL14X.PAC	0x5	801cfca8	76	da5de1185feee655
PL14X.PAC	0x5	801cfcf4	52	e85ea37768bfeba3
PL14X.PAC	0x5	801cfd28	128	92d734c89ef07f9f
PL14X.PAC	0x5	801cfda8	80	f1e97ff3a57baaba
PL14X.PAC	0x5	801cfdf8	80	583533cf16a2f581
PL14X.PAC	0x5	801cfe48	80	6c53e418cbb14dc4
PL14X.PAC	0x5	801cfe98	80	d421a0b04fcfdb6a
PL14X.PAC	0x5	801cfee8	28	214a79ef9192a48a
PL14X.PAC	0x5	801cff04	24	900e395f073b0178
PL14X.PAC	0x5	801cff1c	84	8adef240553e6e18
PL14X.PAC	0x5	801cff70	64	36d10b5e7bf2e0d2
PL14X.PAC	0x5	801cffb0	152	cd49c5ab5d363942
PL14X.PAC	0x5	801d0048	196	d61f64582b941b4b
PL14X.PAC	0x5	801d010c	20	469ab567c4e2c3e0
PL14X.PAC	0x5	801d0120	32	20c3a8daad2ca1ef
PL14X.PAC	0x5	801d0140	48	782e3db07aa83ac6
PL14X.PAC	0x5	801d0170	72	cad7aafd6a56d0a8
PL14X.PAC	0x5	801d01b8	64	36d10b5e7bf2e0d2
PL14X.PAC	0x5	801d01f8	348	9cee085af11f6eec
PL14X.PAC	0x5	801d0354	12	cb138e74c5670ddd
PL14X.PAC	0x5	801d0360	176	c2934e2e75432e2f
PL14X.PAC	0x5	801d0410	32	20c3a8daad2ca1ef
PL14X.PAC	0x5	801d0430	136	14fcd6486008435d
PL14X.PAC	0x5	801d04b8	200	d07b5da01e0d3baa
PL15.PAC	0x4	801b0000	328	55c556a349db72d5
PL15.PAC	0x4	801b0148	64	ed0908076f86c2dd
PL15.PAC	0x4	801b0188	140	cb6b7b354ae1a205
PL15.PAC	0x4	801b0214	172	8c2aeec6c17ab655
PL15.PAC	0x4	801b02c0	80	41156d6cb723efb7
PL15.PAC	0x4	801b0310	128	8ac20dae8e2b799d
PL15.PAC	0x4	801b0390	64	43e1e4cd9f294bf3
PL15.PAC	0x4	801b03d0	64	7ec1257c5bc0f60d
PL15.PAC	0x4	801b0410	68	530b6b66584bdbab
PL15.PAC	0x4	801b0454	64	f80a131af04e26d5
PL15.PAC	0x4	801b0494	64	f80a131af04e26d5
PL15.PAC	0x4	801b04d4	136	45a2a253fd7111ca
PL15.PAC	0x4	801b055c	32	20c3a8daad2ca1ef
PL15.PAC	0x4	801b057c	136	329dc36e3373eaca
PL15.PAC	0x4	801b0604	88	16d407c2528105d3
PL15.PAC	0x4	801b065c	64	13414143bc705b78
PL15.PAC	0x4	801b069c	68	530b6b66584bdbab
PL15.PAC	0x4	801b06e0	64	f80a131af04e26d5
PL15.PAC	0x4	801b0720	264	96a064aee0400123
PL15.PAC	0x4	801b0828	32	20c3a8daad2ca1ef
PL15.PAC	0x4	801b0848	124	39ce474f3986de36
PL15.PAC	0x4	801b08c4	68	bc0afff0e487516f
PL15.PAC	0x4	801b0908	48	5a5ddea2cfd5c3b7
PL15.PAC	0x4	801b0938	32	20c3a8daad2ca1ef
PL15.PAC	0x4	801b0958	136	0adc09a12fd1952a
PL15.PAC	0x4	801b09e0	452	fbb132bef4e19247
PL15.PAC	0x4	801b0ba4	128	2bd13bb8a08f23c3
PL15.PAC	0x4	801b0c24	236	d53489b06a45d8b4
PL15.PAC	0x4	801b0d10	64	072b0c3799191132
PL15.PAC	0x4	801b0d50	104	3b558f419abfb4b3
PL15.PAC	0x4	801b0db8	64	072b0c3799191132
PL15.PAC	0x4	801b0df8	104	cec7cda4120c01c5
PL15.PAC	0x4	801b0e60	112	eab83019e8403da3
PL15.PAC	0x4	801b0ed0	112	376374d62cc58474
PL15.PAC	0x4	801b0f40	136	4570c514ee4ff6d0
PL15.PAC	0x4	801b0fc8	136	94b897600f866c00
PL15.PAC	0x4	801b1050	132	ad6662e5c82875c9
PL15.PAC	0x4	801b10d4	140	1df19efa44516db1
PL15.PAC	0x4	801b1160	72	1843007a0cd541f3
PL15.PAC	0x4	801b11a8	12	7af2433601e2eac3
PL15.PAC	0x4	801b11b4	20	719d31a9c40f47bc
PL15.PAC	0x4	801b11c8	8	c0b0db0a4fdd6d58
PL15.PAC	0x4	801b11d0	12	267f6a23f7aec3f5
PL15.PAC	0x4	801b11dc	64	946de9087c599ba6
PL15.PAC	0x4	801b121c	64	946de9087c599ba6
PL15.PAC	0x4	801b125c	64	f80a131af04e26d5
PL15.PAC	0x4	801b129c	204	4631b8119c614e57
PL15.PAC	0x4	801b1368	84	489d3d9a16425e7d
PL15.PAC	0x4	801b13bc	64	f80a131af04e26d5
PL15.PAC	0x4	801b13fc	100	c9edea52447ad640
PL15.PAC	0x4	801b1460	232	5815ee81ee2c9073
PL15.PAC	0x4	801b1548	100	3bf88204ed5ec9c9
PL15.PAC	0x4	801b15ac	340	ff4498a16706e634
PL15.PAC	0x4	801b1700	136	9366c116dd2b7b49
PL15.PAC	0x4	801b1788	64	f80a131af04e26d5
PL15.PAC	0x4	801b17c8	108	5f1400e17683f7d7
PL15.PAC	0x4	801b1834	164	e8f2c7e45c98a7c6
PL15.PAC	0x4	801b18d8	140	6fbb69e265e6e2e2
PL15.PAC	0x4	801b1964	156	c741791fbfabf524
PL15.PAC	0x4	801b1a00	108	274ca87ab53d8d1f
PL15.PAC	0x4	801b1a6c	64	f80a131af04e26d5
PL15.PAC	0x4	801b1aac	112	7dee08f712e1c797
PL15.PAC	0x4	801b1b1c	104	514a0c7970cd4e4c
PL15.PAC	0x4	801b1b84	156	8e75b1a94ab899cd
PL15.PAC	0x4	801b1c20	68	ade39b0441d6af50
PL15.PAC	0x4	801b1c64	64	f80a131af04e26d5
PL15.PAC	0x4	801b1ca4	112	bdda9ec2379c3d5e
PL15.PAC	0x4	801b1d14	64	13414143bc705b78
PL15.PAC	0x4	801b1d54	64	f80a131af04e26d5
PL15.PAC	0x4	801b1d94	148	c9099c1bc233c5cd
PL15.PAC	0x4	801b1e28	216	0293dbedacb649d2
PL15.PAC	0x4	801b1f00	196	7cb0131be93bf6e8
PL15.PAC	0x4	801b1fc4	92	d36353eb53e7a179
PL15.PAC	0x4	801b2020	88	67a34e46442f1f75
PL15.PAC	0x4	801b2078	64	f80a131af04e26d5
PL15.PAC	0x4	801b20b8	124	330b430d16fa5cdf
PL15.PAC	0x4	801b2134	180	6019156ed69d8607
PL15.PAC	0x4	801b21e8	216	1709b24263133533
PL15.PAC	0x4	801b22c0	92	d36353eb53e7a179
PL15.PAC	0x4	801b231c	64	f80a131af04e26d5
PL15.PAC	0x4	801b235c	96	e5b0042cc41c1b74
PL15.PAC	0x4	801b23bc	140	673b83fa707c6fc0
PL15.PAC	0x4	801b2448	152	ce39b1f065d9648a
PL15.PAC	0x4	801b24e0	328	33306bc2be68c3db
PL15.PAC	0x4	801b2628	64	13414143bc705b78
PL15.PAC	0x4	801b2668	64	f80a131af04e26d5
PL15.PAC	0x4	801b26a8	120	4023bb81f4bd52f1
PL15.PAC	0x4	801b2720	124	a2f562ec4ec04a36
PL15.PAC	0x4	801b279c	356	299929597ddfebe4
PL15.PAC	0x4	801b2900	172	a9e286d0fb6455e7
PL15.PAC	0x4	801b29ac	88	0da5a95d18faefc3
PL15.PAC	0x4	801b2a04	160	ddcc610a2bc47a2c
PL15.PAC	0x4	801b2aa4	68	d44127bd19628afc
PL15.PAC	0x4	801b2ae8	64	f80a131af04e26d5
PL15.PAC	0x4	801b2b28	104	231923636a71ecf9
PL15.PAC	0x4	801b2b90	116	9f5def04cb1999e0
PL15.PAC	0x4	801b2c04	144	07179988385674d5
PL15.PAC	0x4	801b2c94	92	55abbcf04528dfd8
PL15.PAC	0x4	801b2cf0	88	731be71242c9bc21
PL15.PAC	0x4	801b2d48	76	048347bbf1afbbe2
PL15.PAC	0x4	801b2d94	64	f80a131af04e26d5
PL15.PAC	0x4	801b2dd4	80	8ba26bfd1f665fb5
PL15.PAC	0x4	801b2e24	64	13414143bc705b78
PL15.PAC	0x4	801b2e64	64	2aaf8d7718c53cdb
PL15.PAC	0x4	801b2ea4	64	f80a131af04e26d5
PL15.PAC	0x4	801b2ee4	112	b44721b19456c751
PL15.PAC	0x4	801b2f54	232	9625f4f7bcfe25f6
PL15.PAC	0x4	801b303c	140	1ba89750712750dd
PL15.PAC	0x4	801b30c8	140	31d004601de4b2c2
PL15.PAC	0x4	801b3154	156	87fcb5ca6a32634e
PL15.PAC	0x4	801b31f0	156	33cb3915dc2f106e
PL15.PAC	0x4	801b328c	120	bbd653b89fdd01c3
PL15.PAC	0x4	801b3304	76	07477b9beb7c7b1a
PL15.PAC	0x4	801b3350	120	f518d174d9bd06f3
PL15.PAC	0x4	801b33c8	64	f80a131af04e26d5
PL15.PAC	0x4	801b3408	124	d031f42acee44214
PL15.PAC	0x4	801b3484	276	08da7853e916984b
PL15.PAC	0x4	801b3598	124	8c3f688a4e8ea755
PL15.PAC	0x4	801b3614	120	8f50304be597d10e
PL15.PAC	0x4	801b368c	64	13414143bc705b78
PL15.PAC	0x4	801b36cc	52	5e28173def70bf05
PL15.PAC	0x4	801b3700	32	20c3a8daad2ca1ef
PL15.PAC	0x4	801b3720	32	20c3a8daad2ca1ef
PL15.PAC	0x4	801b3740	64	ed0908076f86c2dd
PL15.PAC	0x4	801b3780	52	98c4e69364aef7ab
PL15.PAC	0x4	801b37b4	60	8edcc0aa591b2ad8
PL15.PAC	0x4	801b37f0	248	3426722c9d5df640
PL15.PAC	0x4	801b38e8	64	865297f38344de9f
PL15.PAC	0x4	801b3928	112	008f2b41d0c113ce
PL15.PAC	0x4	801b3998	56	154b3651e14fb221
PL15.PAC	0x4	801b39d0	76	17c9174780d5d210
PL15.PAC	0x4	801b3a1c	344	6604909471a9d57a
PL15.PAC	0x4	801b3b74	36	57f311538929a4c6
PL15.PAC	0x4	801b3b98	64	36d10b5e7bf2e0d2
PL15.PAC	0x4	801b3bd8	316	6757501fd964cd1d
PL15.PAC	0x4	801b3d14	52	e9da810b43c8d5a8
PL15.PAC	0x4	801b3d48	64	8c33c089170d1f9b
PL15.PAC	0x4	801b3d88	152	fcb2eb2ba367bfa2
PL15.PAC	0x4	801b3e20	104	c5c20ffa34a04250
PL15.PAC	0x4	801b3e88	72	74c6c9eb6a014178
PL15.PAC	0x4	801b3ed0	60	58077df7b533c571
PL15.PAC	0x4	801b3f0c	32	20c3a8daad2ca1ef
PL15.PAC	0x4	801b3f2c	48	29bd63da14e6476d
PL15.PAC	0x4	801b3f5c	48	29bd63da14e6476d
PL15.PAC	0x4	801b3f8c	84	febaee0386ebdd4e
PL15.PAC	0x4	801b3fe0	96	48564def2efe85f5
PL15.PAC	0x4	801b4040	64	14a9ad5a6a8ca5c8
PL15.PAC	0x4	801b4080	76	34c82447390402c1
PL15.PAC	0x4	801b40cc	84	0f90625ede1e325d
PL15.PAC	0x4	801b4120	80	01b38db6e51a6e2c
PL15.PAC	0x4	801b4170	140	91c1383c4a764918
PL15.PAC	0x4	801b41fc	180	5c1b90f2aa82aa6d
PL15.PAC	0x4	801b42b0	20	469ab567c4e2c3e0
PL15.PAC	0x4	801b42c4	60	166c6009818e6ac6
PL15.PAC	0x4	801b4300	8	b8b8afcd3d768f52
PL15.PAC	0x4	801b4308	60	3d8d1633520ee744
PL15.PAC	0x4	801b4344	64	36d10b5e7bf2e0d2
PL15.PAC	0x4	801b4384	112	da798eb293580610
PL15.PAC	0x4	801b43f4	120	f527bd450f5e15b8
PL15.PAC	0x4	801b446c	156	405c4463866fb965
PL15.PAC	0x4	801b4508	60	ba0592c9a8ab3d43
PL15.PAC	0x4	801b4544	160	fa0a4edc684e18cb
PL15.PAC	0x4	801b45e4	32	20c3a8daad2ca1ef
PL15.PAC	0x4	801b4604	20	469ab567c4e2c3e0
PL15.PAC	0x4	801b4618	32	20c3a8daad2ca1ef
PL15.PAC	0x4	801b4638	64	43e1e4cd9f294bf3
PL15.PAC	0x4	801b4678	64	7ec1257c5bc0f60d
PL15.PAC	0x4	801b46b8	68	530b6b66584bdbab
PL15.PAC	0x4	801b46fc	64	f80a131af04e26d5
PL15.PAC	0x4	801b473c	144	9a781833695c625c
PL15.PAC	0x4	801b47cc	100	3d55b71f9b5bcad5
PL15.PAC	0x4	801b4830	64	f80a131af04e26d5
PL15.PAC	0x4	801b4870	132	f9db1b08a4e65f48
PL15.PAC	0x4	801b48f4	128	453cca50a470d80b
PL15.PAC	0x4	801b4974	100	c63d50ed22e63cfa
PL15.PAC	0x4	801b49d8	68	530b6b66584bdbab
PL15.PAC	0x4	801b4a1c	64	f80a131af04e26d5
PL15.PAC	0x4	801b4a5c	220	c5079207c7abe0ab
PL15.PAC	0x4	801b4b38	100	3d55b71f9b5bcad5
PL15.PAC	0x4	801b4b9c	116	5f2b618aad765bec
PL15.PAC	0x4	801b4c10	72	9811f0a9b7239b75
PL15.PAC	0x4	801b4c58	64	f80a131af04e26d5
PL15.PAC	0x4	801b4c98	56	095aba7859e6c12d
PL15.PAC	0x4	801b4cd0	100	c63d50ed22e63cfa
PL15.PAC	0x4	801b4d34	136	f4f5be12b2ff94b4
PL16.PAC	0x4	801b0118	388	5c037ba90c41b28c
PL16.PAC	0x4	801b029c	88	ec84322e863db4c2
PL16.PAC	0x4	801b02f4	64	7ec1257c5bc0f60d
PL16.PAC	0x4	801b0334	64	f80a131af04e26d5
PL16.PAC	0x4	801b0374	160	a1b3a64664b004b1
PL16.PAC	0x4	801b0414	28	dc402866fce65d62
PL16.PAC	0x4	801b0430	188	b2b24b3873d73019
PL16.PAC	0x4	801b04ec	64	f80a131af04e26d5
PL16.PAC	0x4	801b052c	152	f4216a1b63000cde
PL16.PAC	0x4	801b05c4	132	a5e6f36ca9880a7e
PL16.PAC	0x4	801b0648	64	a8c2321748a5bc3f
PL16.PAC	0x4	801b0688	64	f80a131af04e26d5
PL16.PAC	0x4	801b06c8	152	353e416de7d776a5
PL16.PAC	0x4	801b0760	132	a5e6f36ca9880a7e
PL16.PAC	0x4	801b07e4	64	f80a131af04e26d5
PL16.PAC	0x4	801b0824	100	2f6af939c93fa133
PL16.PAC	0x4	801b0888	132	a5e6f36ca9880a7e
PL16.PAC	0x4	801b090c	64	5c5e5682abc32394
PL16.PAC	0x4	801b094c	116	ef898c2ec0eaca0b
PL16.PAC	0x4	801b09c0	144	4faa31c80a67a26e
PL16.PAC	0x4	801b0a50	144	33f6dfcf4be0dd3e
PL16.PAC	0x4	801b0ae0	252	06c0fbeb25a1374e
PL16.PAC	0x4	801b0bdc	92	957da98c502a9d61
PL16.PAC	0x4	801b0c38	84	d853381a480ef56d
PL16.PAC	0x4	801b0c8c	92	10d8fbb47afdf9f9
PL16.PAC	0x4	801b0ce8	96	44f86af45d45a677
PL16.PAC	0x4	801b0d48	64	ed0908076f86c2dd
PL16.PAC	0x4	801b0d88	52	98c4e69364aef7ab
PL16.PAC	0x4	801b0dbc	88	12a219f87b59abaf
PL16.PAC	0x4	801b0e14	224	03789658c5ae5e84
PL16.PAC	0x4	801b0ef4	188	8e5801a8e6af42c8
PL16.PAC	0x4	801b0fb0	64	ed0908076f86c2dd
PL16.PAC	0x4	801b0ff0	128	e928ee2cc0cb2286
PL16.PAC	0x4	801b1070	64	80572c4b8360a2c0
PL16.PAC	0x4	801b10b0	32	20c3a8daad2ca1ef
PL16.PAC	0x4	801b10d0	32	20c3a8daad2ca1ef
PL16.PAC	0x4	801b10f0	32	20c3a8daad2ca1ef
PL16.PAC	0x4	801b1110	128	061d72968e99de56
PL16.PAC	0x4	801b1190	160	87c94fab806125b9
PL16.PAC	0x4	801b1230	208	9910b99e6304b11a
PL16.PAC	0x4	801b1300	64	13414143bc705b78
PL16.PAC	0x4	801b1340	64	f80a131af04e26d5
PL16.PAC	0x4	801b1380	104	95ca880c8bbc68af
PL16.PAC	0x4	801b13e8	480	fe5bf8149d320a2a
PL16.PAC	0x4	801b15c8	124	71eac609ca7775a7
PL16.PAC	0x4	801b1644	124	40dcb15c6c93207e
PL16.PAC	0x4	801b16c0	64	13414143bc705b78
PL16.PAC	0x4	801b1700	64	f80a131af04e26d5
PL16.PAC	0x4	801b1740	104	a72105155c24b343
PL16.PAC	0x4	801b17a8	392	cfffbcf000e1f7a3
PL16.PAC	0x4	801b1930	124	6799832dddc6219d
PL16.PAC	0x4	801b19ac	124	f68f8543e68ec85c
PL16.PAC	0x4	801b1a28	64	13414143bc705b78
PL16.PAC	0x4	801b1a68	488	40c7514b7669d392
PL16.PAC	0x4	801b1c50	232	16bb495b13889a17
PL16.PAC	0x4	801b1d38	140	e9af24aaf89a2a8c
PL16.PAC	0x4	801b1dc4	160	ac55fd7440cf6e55
PL16.PAC	0x4	801b1e64	108	1917e098e5c59318
PL16.PAC	0x4	801b1ed0	244	add758a4b707b8b6
PL16.PAC	0x4	801b1fc4	112	649e56b2afc8a137
PL16.PAC	0x4	801b2034	112	eab83019e8403da3
PL16.PAC	0x4	801b20a4	104	7015563371fded40
PL16.PAC	0x4	801b210c	168	4a0181579928eeab
PL16.PAC	0x4	801b21b4	132	5c2cca863da07567
PL16.PAC	0x4	801b2238	160	09b8ba1f5ddcfbfe
PL16.PAC	0x4	801b22d8	132	44711b798de4ad64
PL16.PAC	0x4	801b235c	140	27456131ff71debd
PL16.PAC	0x4	801b23e8	64	946de9087c599ba6
PL16.PAC	0x4	801b2428	64	f80a131af04e26d5
PL16.PAC	0x4	801b2468	108	6694016a459fb643
PL16.PAC	0x4	801b24d4	160	1ee8ea494c4949ea
PL16.PAC	0x4	801b2574	156	b9a920c240a7a7e1
PL16.PAC	0x4	801b2610	216	a70ed9b5624fbb62
PL16.PAC	0x4	801b26e8	64	f80a131af04e26d5
PL16.PAC	0x4	801b2728	84	c87ec8bdffdb858d
PL16.PAC	0x4	801b277c	64	2b2bf31a7e8af8c8
PL16.PAC	0x4	801b27bc	64	f80a131af04e26d5
PL16.PAC	0x4	801b27fc	88	beb3d51dbcaf3251
PL16.PAC	0x4	801b2854	140	0538fb51984c0ad6
PL16.PAC	0x4	801b28e0	260	97fecde08bf18f11
PL16.PAC	0x4	801b29e4	148	c3b212fec94bd562
PL16.PAC	0x4	801b2a78	64	f80a131af04e26d5
PL16.PAC	0x4	801b2ab8	88	beb3d51dbcaf3251
PL16.PAC	0x4	801b2b10	92	ee580f67c951bfd1
PL16.PAC	0x4	801b2b6c	64	f80a131af04e26d5
PL16.PAC	0x4	801b2bac	148	2ae5c3ba71d0e65d
PL16.PAC	0x4	801b2c40	64	f80a131af04e26d5
PL16.PAC	0x4	801b2c80	144	a342dd21fddd4907
PL16.PAC	0x4	801b2d10	340	afed8811b1272693
PL16.PAC	0x4	801b2e64	80	7d3f4259d3f29471
PL16.PAC	0x4	801b2eb4	284	d5c2021e951aa730
PL16.PAC	0x4	801b2fd0	84	66ea1cfbcb1a4785
PL16.PAC	0x4	801b3024	64	f80a131af04e26d5
PL16.PAC	0x4	801b3064	136	e04f40b11c188892
PL16.PAC	0x4	801b30ec	364	2f36f5e3d27fefcc
PL16.PAC	0x4	801b3258	284	aa97ff667277f8f6
PL16.PAC	0x4	801b3374	76	8d1772ccbfadba7d
PL16.PAC	0x4	801b33c0	84	66ea1cfbcb1a4785
PL16.PAC	0x4	801b3414	64	f80a131af04e26d5
PL16.PAC	0x4	801b3454	164	243e2883673ffb47
PL16.PAC	0x4	801b34f8	308	3e771348cbbbd475
PL16.PAC	0x4	801b362c	368	742b4f41755b01ca
PL16.PAC	0x4	801b379c	160	5a6cb477785aa658
PL16.PAC	0x4	801b383c	116	e5771b25d47a0e05
PL16.PAC	0x4	801b38b0	756	97acce65e8dea665
PL16.PAC	0x4	801b3ba4	124	76ddb459523d818f
PL16.PAC	0x4	801b3c20	116	5fea402b106af9cc
PL16.PAC	0x4	801b3c94	64	f80a131af04e26d5
PL16.PAC	0x4	801b3cd4	164	34168f28cb9a965b
PL16.PAC	0x4	801b3d78	188	609d3d05539e677c
PL16.PAC	0x4	801b3e34	344	0606e3d3d4a0f712
PL16.PAC	0x4	801b3f8c	244	f9117f06e6eca92e
PL16.PAC	0x4	801b4080	108	88209bb139b03440
PL16.PAC	0x4	801b40ec	284	1d2da9875b72c469
PL16.PAC	0x4	801b4208	376	f7efce1717316f47
PL16.PAC	0x4	801b4380	124	fb05eabb1e64881e
PL16.PAC	0x4	801b43fc	128	9128bf3b2293179a
PL16.PAC	0x4	801b447c	64	f80a131af04e26d5
PL16.PAC	0x4	801b44bc	20	9cc3dcebf0789d60
PL16.PAC	0x4	801b44d0	144	20c6f35ce5677e14
PL16.PAC	0x4	801b4560	200	9bd9773e7740b525
PL16.PAC	0x4	801b4628	200	c7a3e4ead733e115
PL16.PAC	0x4	801b46f0	112	aa4e16edb2fa3b9c
PL16.PAC	0x4	801b4760	284	b0651b966dc3f6f1
PL16.PAC	0x4	801b487c	360	6bce7fa544410a3a
PL16.PAC	0x4	801b49e4	112	d36de7c6e110d9fa
PL16.PAC	0x4	801b4a54	112	384c74ed554b58e6
PL16.PAC	0x4	801b4ac4	68	2cec573c98c5ccbe
PL16.PAC	0x4	801b4b08	72	71fbaaeaf4fa857a
PL16.PAC	0x4	801b4b50	64	f80a131af04e26d5
PL16.PAC	0x4	801b4b90	256	41db1bbf06c3852b
PL16.PAC	0x4	801b4c90	132	ab140122732b2d56
PL16.PAC	0x4	801b4d14	168	fc60d97cbdd582e8
PL16.PAC	0x4	801b4dbc	316	f657d900f261bd7b
PL16.PAC	0x4	801b4ef8	136	c6e08d93da868cfe
PL16.PAC	0x4	801b4f80	128	f0e4eefd5e04f7b9
PL16.PAC	0x4	801b5000	92	ee580f67c951bfd1
PL16.PAC	0x4	801b505c	336	35321bf0f3478c5d
PL16.PAC	0x4	801b51ac	128	f0e4eefd5e04f7b9
PL16.PAC	0x4	801b522c	92	ee580f67c951bfd1
PL16.PAC	0x4	801b5288	144	04958aa6b296cd10
PL16.PAC	0x4	801b5318	124	671b1b6442815bda
PL16.PAC	0x4	801b5394	460	14cfc50e0a1e8b93
PL16.PAC	0x4	801b5560	124	ff2df0278fcc902b
PL16.PAC	0x4	801b55dc	108	466563b667d93db9
PL16.PAC	0x4	801b5648	112	3274ec44bf003386
PL16.PAC	0x4	801b56b8	232	aa3d8551de9ccb1b
PL16.PAC	0x4	801b57a0	292	7b4c2eea7d1dda77
PL16.PAC	0x4	801b58c4	116	133a1f90b164cd47
PL16.PAC	0x4	801b5938	64	f80a131af04e26d5
PL16.PAC	0x4	801b5978	92	5820d3afc25d758f
PL16.PAC	0x4	801b59d4	124	917823309eb92943
PL16.PAC	0x4	801b5a50	164	96451076b8402dd8
PL16.PAC	0x4	801b5af4	212	b1a3aed634a0c02d
PL16.PAC	0x4	801b5bc8	576	a1734306f0af58f6
PL16.PAC	0x4	801b5e08	120	68d37da2bbab5992
PL16.PAC	0x4	801b5e80	84	1102a9e9d3dc3053
PL16.PAC	0x4	801b5ed4	200	df24f130c6236f24
PL16.PAC	0x4	801b5f9c	484	c5ea05a16b7c3fd0
PL16.PAC	0x4	801b6180	124	2c238a0019739af9
PL16.PAC	0x4	801b61fc	108	466563b667d93db9
PL16.PAC	0x4	801b6268	64	13414143bc705b78
PL16.PAC	0x4	801b62a8	200	7450a17527140f95
PL16.PAC	0x4	801b6370	72	1843007a0cd541f3
PL16.PAC	0x4	801b63b8	12	267f6a23f7aec3f5
PL16.PAC	0x4	801b63c4	20	719d31a9c40f47bc
PL16.PAC	0x4	801b63d8	20	719d31a9c40f47bc
PL16.PAC	0x4	801b63ec	8	c0b0db0a4fdd6d58
PL16.PAC	0x4	801b63f4	8	c0b0db0a4fdd6d58
PL16.PAC	0x4	801b63fc	8	c0b0db0a4fdd6d58
PL16.PAC	0x4	801b6404	8	c0b0db0a4fdd6d58
PL16.PAC	0x4	801b640c	8	c0b0db0a4fdd6d58
PL16.PAC	0x4	801b6414	8	c0b0db0a4fdd6d58
PL16.PAC	0x4	801b641c	8	c0b0db0a4fdd6d58
PL16.PAC	0x4	801b6424	8	c0b0db0a4fdd6d58
PL16.PAC	0x4	801b642c	8	c0b0db0a4fdd6d58
PL16.PAC	0x4	801b6434	104	c95d1bf40aafce73
PL16.PAC	0x4	801b649c	64	36d10b5e7bf2e0d2
PL16.PAC	0x4	801b64dc	144	2ec1f9461dd888c5
PL16.PAC	0x4	801b656c	84	febaee0386ebdd4e
PL16.PAC	0x4	801b65c0	76	aa4b97e3885cd74e
PL16.PAC	0x4	801b660c	20	469ab567c4e2c3e0
PL16.PAC	0x4	801b6620	32	20c3a8daad2ca1ef
PL16.PAC	0x4	801b6640	80	01b38db6e51a6e2c
PL16.PAC	0x4	801b6690	176	6d4482e08f4a7815
PL16.PAC	0x4	801b6740	240	690339f6de083835
PL16.PAC	0x4	801b6830	20	469ab567c4e2c3e0
PL16.PAC	0x4	801b6844	68	61ec942eaa619062
PL16.PAC	0x4	801b6888	8	b8b8afcd3d768f52
PL16.PAC	0x4	801b6890	48	c9668b5d8b5cd1cb
PL16.PAC	0x4	801b68c0	88	ec84322e863db4c2
PL16.PAC	0x4	801b6918	64	7ec1257c5bc0f60d
PL16.PAC	0x4	801b6958	72	e75db41d82096e43
PL16.PAC	0x4	801b69a0	136	fdb30ba375d8619b
PL16.PAC	0x4	801b6a28	28	dc402866fce65d62
PL16.PAC	0x4	801b6a44	148	badd178b5bc1e6da
PL16.PAC	0x4	801b6ad8	72	e75db41d82096e43
PL16.PAC	0x4	801b6b20	136	7a4877c553a1ff2b
PL16.PAC	0x4	801b6ba8	100	3d55b71f9b5bcad5
PL16.PAC	0x4	801b6c0c	76	bc0eb7004b2f3e12
PL16.PAC	0x4	801b6c58	152	0ed5ec3f53332de2
PL16.PAC	0x4	801b6cf0	100	3d55b71f9b5bcad5
PL16.PAC	0x4	801b6d54	236	e30838b1ffddb306
PL17.PAC	0x4	801b00c8	284	d41020d6e948d70f
PL17.PAC	0x4	801b01e4	64	ed0908076f86c2dd
PL17.PAC	0x4	801b0224	52	98c4e69364aef7ab
PL17.PAC	0x4	801b0258	104	1245bc6012f18f23
PL17.PAC	0x4	801b02c0	144	103709c268df199a
PL17.PAC	0x4	801b0350	112	e2bd9ea15731c408
PL17.PAC	0x4	801b03c0	64	ed0908076f86c2dd
PL17.PAC	0x4	801b0400	52	98c4e69364aef7ab
PL17.PAC	0x4	801b0434	72	f1465ea0eca9573a
PL17.PAC	0x4	801b047c	84	5530be0e2a336ccb
PL17.PAC	0x4	801b04d0	112	e2bd9ea15731c408
PL17.PAC	0x4	801b0540	64	43e1e4cd9f294bf3
PL17.PAC	0x4	801b0580	64	2eef2ddaa1a092e9
PL17.PAC	0x4	801b05c0	168	b63ea40b7a9ac51a
PL17.PAC	0x4	801b0668	32	20c3a8daad2ca1ef
PL17.PAC	0x4	801b0688	68	bc0afff0e487516f
PL17.PAC	0x4	801b06cc	44	bcf4190d5cbba29f
PL17.PAC	0x4	801b06f8	32	20c3a8daad2ca1ef
PL17.PAC	0x4	801b0718	160	3cf54c73261e5bd6
PL17.PAC	0x4	801b07b8	588	759405f4f75dca1b
PL17.PAC	0x4	801b0a04	128	732d792b3b7a53b9
PL17.PAC	0x4	801b0a84	128	22f798b2c619a739
PL17.PAC	0x4	801b0b04	132	f1e1b9e66db5da39
PL17.PAC	0x4	801b0b88	132	754fde8886b5b2c8
PL17.PAC	0x4	801b0c0c	152	4f52b90f1b22cac7
PL17.PAC	0x4	801b0ca4	152	1a678db02bb5a78e
PL17.PAC	0x4	801b0d3c	152	fd0248f5d9a6cb51
PL17.PAC	0x4	801b0dd4	192	1405a4270b432b9e
PL17.PAC	0x4	801b0e94	148	eb3d967b165a6f45
PL17.PAC	0x4	801b0f28	136	d1cbb78fd4530354
PL17.PAC	0x4	801b0fb0	60	d386929b14751785
PL17.PAC	0x4	801b0fec	176	4aa09c00cafa4ae6
PL17.PAC	0x4	801b109c	60	d386929b14751785
PL17.PAC	0x4	801b10d8	176	08a819285fac3e5b
PL17.PAC	0x4	801b1188	244	77e6e273851dbdc3
PL17.PAC	0x4	801b127c	168	6b006e4a8be55596
PL17.PAC	0x4	801b1324	20	b23b4647ebe5b05d
PL17.PAC	0x4	801b1338	32	20c3a8daad2ca1ef
PL17.PAC	0x4	801b1358	20	63d3b9234df1e206
PL17.PAC	0x4	801b136c	32	20c3a8daad2ca1ef
PL17.PAC	0x4	801b138c	48	496b9010d14bb9e5
PL17.PAC	0x4	801b13bc	40	c25e0f5d7e90de81
PL17.PAC	0x4	801b13e4	40	1517d57e625dcaf3
PL17.PAC	0x4	801b140c	40	763fcc4124aaf52c
PL17.PAC	0x4	801b1434	8	c0b0db0a4fdd6d58
PL17.PAC	0x4	801b143c	12	267f6a23f7aec3f5
PL17.PAC	0x4	801b1448	64	946de9087c599ba6
PL17.PAC	0x4	801b1488	64	f80a131af04e26d5
PL17.PAC	0x4	801b14c8	124	0715eef13c014a93
PL17.PAC	0x4	801b1544	128	ff8c28da0d667c52
PL17.PAC	0x4	801b15c4	496	f38211bc714d9126
PL17.PAC	0x4	801b17b4	76	963f13549262cf7f
PL17.PAC	0x4	801b1800	68	706c6c5ee405dd27
PL17.PAC	0x4	801b1844	304	2292b10794bd2b02
PL17.PAC	0x4	801b1974	116	7098f40825b3c1f4
PL17.PAC	0x4	801b19e8	64	f80a131af04e26d5
PL17.PAC	0x4	801b1a28	308	15169274329ac17d
PL17.PAC	0x4	801b1b5c	96	b206c9d13ee4d183
PL17.PAC	0x4	801b1bbc	140	ae8215b6af7949e5
PL17.PAC	0x4	801b1c48	64	2866b4b59f93c5bd
PL17.PAC	0x4	801b1c88	356	b25947f9d3d9b80d
PL17.PAC	0x4	801b1dec	88	f885313f9759266e
PL17.PAC	0x4	801b1e44	140	c23f053134881aa1
PL17.PAC	0x4	801b1ed0	116	7098f40825b3c1f4
PL17.PAC	0x4	801b1f44	72	bd51b1496003d841
PL17.PAC	0x4	801b1f8c	64	f80a131af04e26d5
PL17.PAC	0x4	801b1fcc	132	d03336d89fb74269
PL17.PAC	0x4	801b2050	96	84c4426e8eb0bd1d
PL17.PAC	0x4	801b20b0	108	4bed981edc8e5392
PL17.PAC	0x4	801b211c	268	deaab37d78694e5e
PL17.PAC	0x4	801b2228	64	f80a131af04e26d5
PL17.PAC	0x4	801b2268	108	66c6c8feac687862
PL17.PAC	0x4	801b22d4	276	a0c32c8ef0721032
PL17.PAC	0x4	801b23e8	248	2247b1866f02bd87
PL17.PAC	0x4	801b24e0	592	b4641f46db38df97
PL17.PAC	0x4	801b2730	112	8973ecc7fc52b0c0
PL17.PAC	0x4	801b27a0	528	24827fd2d2b1d395
PL17.PAC	0x4	801b29b0	196	690a4a2e3c89fc08
PL17.PAC	0x4	801b2a74	140	7b653e519f22dd4c
PL17.PAC	0x4	801b2b00	116	7098f40825b3c1f4
PL17.PAC	0x4	801b2b74	64	f80a131af04e26d5
PL17.PAC	0x4	801b2bb4	100	673cb2157181f61b
PL17.PAC	0x4	801b2c18	96	a4b36e5f3624ba99
PL17.PAC	0x4	801b2c78	220	5dc2e36a4c980b9d
PL17.PAC	0x4	801b2d54	212	e33b435eb95fc50e
PL17.PAC	0x4	801b2e28	468	2f84beb8f9194a5c
PL17.PAC	0x4	801b2ffc	64	f80a131af04e26d5
PL17.PAC	0x4	801b303c	96	9742918292097e02
PL17.PAC	0x4	801b309c	108	c31b5a9eb875f775
PL17.PAC	0x4	801b3108	388	2be650291b31e6e4
PL17.PAC	0x4	801b328c	556	34a1d52fa5d5dee2
PL17.PAC	0x4	801b34b8	556	ca296a22eef9c958
PL17.PAC	0x4	801b36e4	160	2c58ed1838d06f1f
PL17.PAC	0x4	801b3784	76	04557a07482b83de
PL17.PAC	0x4	801b37d0	64	f80a131af04e26d5
PL17.PAC	0x4	801b3810	92	e2e3e6376649c447
PL17.PAC	0x4	801b386c	144	d219193ab009bf99
PL17.PAC	0x4	801b38fc	224	eb05beda83e76518
PL17.PAC	0x4	801b39dc	228	388c9ab555e4829c
PL17.PAC	0x4	801b3ac0	164	76405c6abc9fd3a0
PL17.PAC	0x4	801b3b64	444	fe2a1122131d5bec
PL17.PAC	0x4	801b3d20	172	b78608ecde12c90a
PL17.PAC	0x4	801b3dcc	96	6e7bcf925e85e519
PL17.PAC	0x4	801b3e2c	64	f80a131af04e26d5
PL17.PAC	0x4	801b3e6c	120	5b5b0852a7a1f6b5
PL17.PAC	0x4	801b3ee4	116	9059cc4831c8ac39
PL17.PAC	0x4	801b3f58	248	79268d3635d4fec0
PL17.PAC	0x4	801b4050	200	2b7ee1e82ac6b24c
PL17.PAC	0x4	801b4118	356	43a6ba84b2b9de41
PL17.PAC	0x4	801b427c	248	8c8cd52a02ff66a0
PL17.PAC	0x4	801b4374	448	9c311fa9939678a0
PL17.PAC	0x4	801b4534	184	a6719ffa4ff27c15
PL17.PAC	0x4	801b45ec	452	3e63172af7cae912
PL17.PAC	0x4	801b47b0	236	d525bfdfcfa6d0e3
PL17.PAC	0x4	801b489c	96	6e7bcf925e85e519
PL17.PAC	0x4	801b48fc	72	2704ca763d771e21
PL17.PAC	0x4	801b4944	48	12a85acf81726b3f
PL17.PAC	0x4	801b4974	52	fb960f0f33db08e5
PL17.PAC	0x4	801b49a8	32	20c3a8daad2ca1ef
PL17.PAC	0x4	801b49c8	64	f80a131af04e26d5
PL17.PAC	0x4	801b4a08	76	bfc8b220154c276c
PL17.PAC	0x4	801b4a54	68	d1b9f485c7f2e78a
PL17.PAC	0x4	801b4a98	128	37e7871b3555ff80
PL17.PAC	0x4	801b4b18	64	f80a131af04e26d5
PL17.PAC	0x4	801b4b58	40	04b4bd7235bb5fe4
PL17.PAC	0x4	801b4b80	192	54ce78f1c29a8d93
PL17.PAC	0x4	801b4c40	64	f80a131af04e26d5
PL17.PAC	0x4	801b4c80	144	e3fee02009338673
PL17.PAC	0x4	801b4d10	144	4ea0f99fdf78eb24
PL17.PAC	0x4	801b4da0	96	6e7bcf925e85e519
PL17.PAC	0x4	801b4e00	64	f80a131af04e26d5
PL17.PAC	0x4	801b4e40	108	5f1400e17683f7d7
PL17.PAC	0x4	801b4eac	148	cf71c68fbed15c5e
PL17.PAC	0x4	801b4f40	136	19192a00344d297c
PL17.PAC	0x4	801b4fc8	224	623392b35f9be98a
PL17.PAC	0x4	801b50a8	88	c2b4c0e121fca652
PL17.PAC	0x4	801b5100	52	849e327712295c42
PL17.PAC	0x4	801b5134	68	81a63fcbd48a1888
PL17.PAC	0x4	801b5178	32	20c3a8daad2ca1ef
PL17.PAC	0x4	801b5198	68	060e25ec9df004a1
PL17.PAC	0x4	801b51dc	64	f80a131af04e26d5
PL17.PAC	0x4	801b521c	204	8c6f93c13e98d218
PL17.PAC	0x4	801b52e8	360	f84fc6e84f2d711c
PL17.PAC	0x4	801b5450	68	d1b9f485c7f2e78a
PL17.PAC	0x4	801b5494	64	f80a131af04e26d5
PL17.PAC	0x4	801b54d4	204	c03b3e828c90adc8
PL17.PAC	0x4	801b55a0	216	1e384c9ba192abb9
PL17.PAC	0x4	801b5678	68	d1b9f485c7f2e78a
PL17.PAC	0x4	801b56bc	36	3134d63c1fec6e9f
PL17.PAC	0x4	801b56e0	68	556a649f2d289dfd
PL17.PAC	0x4	801b5724	100	f8c15ffa7bac9244
PL17.PAC	0x4	801b5788	104	0db1b9079e823ed7
PL17.PAC	0x4	801b57f0	32	20c3a8daad2ca1ef
PL17.PAC	0x4	801b5810	32	20c3a8daad2ca1ef
PL17.PAC	0x4	801b5830	32	20c3a8daad2ca1ef
PL17.PAC	0x4	801b5850	32	7a00e75f6cc4ad8e
PL17.PAC	0x4	801b5870	32	10fe07b4e9ef1352
PL17.PAC	0x4	801b5890	36	09173c6a32424c74
PL17.PAC	0x4	801b58b4	88	951384d5ac8618d1
PL17.PAC	0x4	801b590c	96	82693b9aadeaca52
PL17.PAC	0x4	801b596c	200	5ef7e47c967f3a20
PL17.PAC	0x4	801b5a34	132	61dcb7aa594d6133
PL17.PAC	0x4	801b5ab8	68	d2480e91395a081b
PL17.PAC	0x4	801b5afc	64	2eef2ddaa1a092e9
PL17.PAC	0x4	801b5b3c	212	65c2fff68f2340cb
PL17.PAC	0x4	801b5c10	48	29bd63da14e6476d
PL17.PAC	0x4	801b5c40	68	bc0afff0e487516f
PL17.PAC	0x4	801b5c84	132	5273d1c7bf5c6f16
PL17.PAC	0x4	801b5d08	48	29bd63da14e6476d
PL17.PAC	0x4	801b5d38	196	af50083a176de066
PL17.PAC	0x4	801b5dfc	228	fc9062e715f651d1
PL17.PAC	0x4	801b5ee0	36	3134d63c1fec6e9f
PL17.PAC	0x4	801b5f04	64	cdf16fced335f366
PL17.PAC	0x4	801b5f44	68	556a649f2d289dfd
PL17.PAC	0x4	801b5f88	32	20c3a8daad2ca1ef
PL17.PAC	0x4	801b5fa8	32	20c3a8daad2ca1ef
PL17.PAC	0x4	801b5fc8	32	20c3a8daad2ca1ef
PL17.PAC	0x4	801b5fe8	80	0738d29ca87d2422
PL17.PAC	0x4	801b6038	164	902b02f648d660a9
PL17.PAC	0x4	801b60dc	188	e999eb5520add2a3
PL17.PAC	0x4	801b6198	140	1d102130bab4336d
PL17.PAC	0x4	801b6224	332	701d55b2f13b778d
PL17.PAC	0x4	801b6370	140	d0342b238bb4a9d1
PL17.PAC	0x4	801b6400	48	25eee4d18babee5e
PL17.PAC	0x4	801b6430	8	6d64edf91449c1b1
PL17.PAC	0x4	801b6438	136	4f6a17e039a022e0
PL17.PAC	0x4	801b64c0	140	60d4599ac6b700de
PL17.PAC	0x4	801b654c	32	20c3a8daad2ca1ef
PL17.PAC	0x4	801b656c	80	4272eab41d41359d
PL17.PAC	0x4	801b65bc	96	421edc016a47921b
PL17.PAC	0x4	801b661c	56	e2453e6d9c38eafb
PL17.PAC	0x4	801b6654	96	2737efef29d2fc02
PL17.PAC	0x4	801b66b4	28	030504997c3f16fa
PL17.PAC	0x4	801b66d0	288	081c3d2963f6a440
PL17.PAC	0x4	801b67f0	100	c4eb1be730b65be1
PL17.PAC	0x4	801b6854	104	37a107401977ab9d
PL17.PAC	0x4	801b68bc	8	6d64edf91449c1b1
PL17.PAC	0x4	801b68c4	36	09173c6a32424c74
PL17.PAC	0x4	801b68e8	80	01b38db6e51a6e2c
PL17.PAC	0x4	801b6938	120	f671a4b70b61257b
PL17.PAC	0x4	801b69b0	228	240a129d7f3ec25f
PL17.PAC	0x4	801b6a94	20	469ab567c4e2c3e0
PL17.PAC	0x4	801b6aa8	40	cf03c5925be2eef6
PL17.PAC	0x4	801b6ad0	12	518300e0abc83305
PL17.PAC	0x4	801b6adc	72	cd1c526187ddcf4f
PL17.PAC	0x4	801b6b24	124	75490515dc0cc916
PL17.PAC	0x4	801b6ba0	132	bc7bab3619741a9e
PL17.PAC	0x4	801b6c24	80	4a157ab456cb8c65
PL17.PAC	0x4	801b6c74	72	045eb35746c975f3
PL17.PAC	0x4	801b6cbc	88	4b505a4dfe9e57ac
PL17.PAC	0x4	801b6d14	132	c5f69ae60eb0cdca
PL17.PAC	0x4	801b6d98	64	2eef2ddaa1a092e9
PL17.PAC	0x4	801b6dd8	140	69e56cbeead638c7
PL17.PAC	0x4	801b6e64	100	3d55b71f9b5bcad5
PL17.PAC	0x4	801b6ec8	68	bc0afff0e487516f
PL17.PAC	0x4	801b6f0c	48	635167230e979971
PL17.PAC	0x4	801b6f3c	100	3d55b71f9b5bcad5
PL17.PAC	0x4	801b6fa0	232	e5a4289fb11eb01e
PL17.PAC	0x4	801b7088	36	3134d63c1fec6e9f
PL17.PAC	0x4	801b70ac	32	20c3a8daad2ca1ef
PL17.PAC	0x4	801b70cc	32	20c3a8daad2ca1ef
PL17.PAC	0x4	801b70ec	136	a116c4a911323e7c
PL17.PAC	0x4	801b7174	64	2eef2ddaa1a092e9
PL17.PAC	0x4	801b71b4	144	5474a3646c1bba46
PL17.PAC	0x4	801b7244	108	35b7d897aa7de7cc
PL17.PAC	0x4	801b72b0	68	bc0afff0e487516f
PL17.PAC	0x4	801b72f4	100	f50ec89f5144850d
PL17.PAC	0x4	801b7358	100	05e21c54a98d7cb1
PL17.PAC	0x4	801b73bc	192	ad509336c47e0356
PL17.PAC	0x4	801b747c	132	86cab8f1a4e52753
PL17.PAC	0x4	801b7500	220	9805552b5a1796e4
PL17.PAC	0x4	801b75dc	168	df62de4206c6dd0d
PL17.PAC	0x4	801b7684	36	3134d63c1fec6e9f
PL17.PAC	0x4	801b76a8	64	35e410ffa11045ba
PL17.PAC	0x4	801b76e8	68	556a649f2d289dfd
PL17.PAC	0x4	801b772c	32	20c3a8daad2ca1ef
PL17.PAC	0x4	801b774c	32	20c3a8daad2ca1ef
PL17.PAC	0x4	801b776c	32	20c3a8daad2ca1ef
SELECT.PAC	0x4	801b0000	72	6643da15d1586f53
SELECT.PAC	0x4	801b0048	72	fac11b02280b40f4
SELECT.PAC	0x4	801b0090	244	26476eebc401b4f5
SELECT.PAC	0x4	801b0184	96	0920174f5aaeb350
SELECT.PAC	0x4	801b01e4	96	0920174f5aaeb350
SELECT.PAC	0x4	801b0244	72	fac11b02280b40f4
SELECT.PAC	0x4	801b028c	76	212b6b32da93f531
SELECT.PAC	0x4	801b02d8	72	2b560bb639bf793b
SELECT.PAC	0x4	801b0320	36	cac7fa2df165982e
SELECT.PAC	0x4	801b0344	72	fac11b02280b40f4
SELECT.PAC	0x4	801b038c	736	cdd2f9de3a885ab6
SELECT.PAC	0x4	801b066c	580	a6a52d6d0703fda9
SELECT.PAC	0x4	801b08b0	1520	179d331318e7f87c
SELECT.PAC	0x4	801b0ea0	552	83fe80e68ce25ed4
SELECT.PAC	0x4	801b10c8	8	6d64edf91449c1b1
SELECT.PAC	0x4	801b10d0	744	d6a1b7f3d6e035a9
SELECT.PAC	0x4	801b13b8	676	84a584b2213e0485
SELECT.PAC	0x4	801b165c	8	6d64edf91449c1b1
SELECT.PAC	0x4	801b1664	8	6d64edf91449c1b1
SELECT.PAC	0x4	801b166c	72	fac11b02280b40f4
SELECT.PAC	0x4	801b16b4	204	ea2c80ef9f5d23f1
SELECT.PAC	0x4	801b1780	228	354a04a0d706e5d8
SELECT.PAC	0x4	801b1864	88	7b75289356b6d91a
SELECT.PAC	0x4	801b18bc	200	a80005de1182b7f4
SELECT.PAC	0x4	801b1984	264	7955f088372908a4
SELECT.PAC	0x4	801b1a8c	384	4acc6f20aa636cb6
SELECT.PAC	0x4	801b1c0c	384	9cbe41247b712cb4
SELECT.PAC	0x4	801b1d8c	404	73477bc2c212eaf8
SELECT.PAC	0x4	801b1f20	232	406ead0c18fa91b2
SELECT.PAC	0x4	801b2008	396	f7775d4ee53efc74
SELECT.PAC	0x4	801b2194	72	6643da15d1586f53
SELECT.PAC	0x4	801b21dc	72	fac11b02280b40f4
SELECT.PAC	0x4	801b2224	244	75521a424eea33a3
SELECT.PAC	0x4	801b2318	144	1ec4d052140b9673
SELECT.PAC	0x4	801b23a8	144	1ec4d052140b9673
SELECT.PAC	0x4	801b2438	72	fac11b02280b40f4
SELECT.PAC	0x4	801b2480	76	212b6b32da93f531
SELECT.PAC	0x4	801b24cc	72	2b560bb639bf793b
SELECT.PAC	0x4	801b2514	36	cac7fa2df165982e
SELECT.PAC	0x4	801b2538	72	fac11b02280b40f4
SELECT.PAC	0x4	801b2580	736	cdd2f9de3a885ab6
SELECT.PAC	0x4	801b2860	580	43d082dba60f19b3
SELECT.PAC	0x4	801b2aa4	128	cdeab81abf7b64d7
SELECT.PAC	0x4	801b2b24	1512	4bf70d30689110cd
SELECT.PAC	0x4	801b310c	232	686b97cc2bd4e3e8
SELECT.PAC	0x4	801b31f4	396	b527fc20f45e9674
SELECT.PAC	0x4	801b3380	1192	f73334c55486caed
SELECT.PAC	0x4	801b3828	596	212d0a56920e6d94
SELECT.PAC	0x4	801b3a7c	624	61dab38c4a6c22bd
SELECT.PAC	0x4	801b3cec	588	63756a611e896656
SELECT.PAC	0x4	801b3f38	340	c9ff0a7b60223449
SELECT.PAC	0x4	801b408c	452	063a7b3a0f9b3828
SELECT.PAC	0x4	801b4250	72	fac11b02280b40f4
SELECT.PAC	0x4	801b4298	48	405380791db217c2
SELECT.PAC	0x4	801b42c8	228	354a04a0d706e5d8
SELECT.PAC	0x4	801b43ac	120	437844ef5f2a595d
SELECT.PAC	0x4	801b4424	200	a80005de1182b7f4
SELECT.PAC	0x4	801b44ec	264	7955f088372908a4
SELECT.PAC	0x4	801b45f4	384	4acc6f20aa636cb6
SELECT.PAC	0x4	801b4774	384	9cbe41247b712cb4
SELECT.PAC	0x4	801b48f4	404	73477bc2c212eaf8
SELECT.PAC	0x4	801b4a88	72	6643da15d1586f53
SELECT.PAC	0x4	801b4ad0	72	fac11b02280b40f4
SELECT.PAC	0x4	801b4b18	256	298f49ac0c03aaee
SELECT.PAC	0x4	801b4c18	84	b28c11cdd78edf54
SELECT.PAC	0x4	801b4c6c	72	fac11b02280b40f4
SELECT.PAC	0x4	801b4cb4	76	c2b323adb9159500
SELECT.PAC	0x4	801b4d00	104	98f3dbf6527f1949
SELECT.PAC	0x4	801b4d68	36	cac7fa2df165982e
SELECT.PAC	0x4	801b4d8c	72	fac11b02280b40f4
SELECT.PAC	0x4	801b4dd4	236	07b8e20061d1241a
SELECT.PAC	0x4	801b4ec0	868	c405e9d010e4f9b8
SELECT.PAC	0x4	801b5224	1212	aa789a6dd0826dfb
SELECT.PAC	0x4	801b56e0	232	011fbc54bb40263d
SELECT.PAC	0x4	801b57c8	396	13a3fc5236a8c8f7
SELECT.PAC	0x4	801b5954	440	159a3c12031a5303
SELECT.PAC	0x4	801b5b0c	1044	527619358cca3c33
SELECT.PAC	0x4	801b5f20	72	fac11b02280b40f4
SELECT.PAC	0x4	801b5f68	48	405380791db217c2
SELECT.PAC	0x4	801b5f98	228	354a04a0d706e5d8
SELECT.PAC	0x4	801b607c	60	e87979ce63edebce
SELECT.PAC	0x4	801b60b8	264	7955f088372908a4
SELECT.PAC	0x4	801b61c0	384	4acc6f20aa636cb6
SELECT.PAC	0x4	801b6340	384	9cbe41247b712cb4
SELECT.PAC	0x4	801b64c0	404	73477bc2c212eaf8
SELECT.PAC	0x4	801b6654	32	fa23aaefc6e628ad
SELECT.PAC	0x4	801b6674	196	05765c58d64a873f
SELECT.PAC	0x4	801b6738	396	23b01226e30d76c2
SELECT.PAC	0x4	801b68c4	384	d3adeef59fc78498
SELECT.PAC	0x4	801b6a44	384	c30f589e292dc554
SELECT.PAC	0x4	801b6bc4	396	8850c507cb88364f
SELECTA.PAC	0x27	80010000	184	55d66ea1a745a5aa
SELECTA.PAC	0x27	800100b8	72	fac11b02280b40f4
SELECTA.PAC	0x27	80010100	924	e1798dd66aab545a
SELECTA.PAC	0x27	8001049c	40	8bb095c16309803b
SELECTA.PAC	0x27	800104c4	80	8de442992ad3b7e0
SELECTA.PAC	0x27	80010514	112	44360e811205f79f
SELECTA.PAC	0x27	80010584	104	96ce4690ce6c433a
SELECTA.PAC	0x27	800105ec	72	fac11b02280b40f4
SELECTA.PAC	0x27	80010634	96	fa7cf98fe3007abf
SELECTA.PAC	0x27	80010694	148	28c29e20ea84d7b3
SELECTA.PAC	0x27	80010728	160	dfc5c48b5a594b22
SELECTA.PAC	0x27	800107c8	52	486934db0277a911
SELECTA.PAC	0x27	800107fc	68	4ff3f8bba65c799b
SELECTA.PAC	0x27	80010840	300	3c29a927e5c9473e
SELECTA.PAC	0x27	8001096c	72	fac11b02280b40f4
SELECTA.PAC	0x27	800109b4	64	02550c07d30e7e79
SELECTA.PAC	0x27	800109f4	72	1862d1f213fbae84
SELECTA.PAC	0x27	80010a3c	80	63bbae0b3536248b
SELECTA.PAC	0x27	80010a8c	72	fac11b02280b40f4
SELECTA.PAC	0x27	80010ad4	120	ad4c357494de29b7
SELECTA.PAC	0x27	80010b4c	188	e59ab7002f7206e3
SELECTA.PAC	0x27	80010c08	68	d75536c83e75473e
SELECTA.PAC	0x27	80010c4c	148	699c147bbc814e72
SELECTA.PAC	0x27	80010ce0	48	59cd338134174367
SELECTA.PAC	0x27	80010d10	108	6ac641e16b84a259
SELECTA.PAC	0x27	80010d7c	200	a80005de1182b7f4
SELECTA.PAC	0x27	80010e44	140	4ff5fd260dee0c05
SELECTA.PAC	0x27	80010ed0	216	876e48c7c22cc8bb
SELECTA.PAC	0x27	80010fa8	272	035015c352fe12b8
SELECTA.PAC	0x27	800110b8	96	530ece38efc60c28
SELECTA.PAC	0x27	80011118	176	153597790eab6369
SELECTA.PAC	0x27	800111c8	184	a1497be8ca5f92db
SELECTA.PAC	0x27	80011280	344	11bb1edb203009bc
SELECTA.PAC	0x27	800113d8	212	f1265a7a1a3055d3
SELECTA.PAC	0x27	800114ac	64	36d10b5e7bf2e0d2
SELECTA.PAC	0x27	800114ec	64	8c33c089170d1f9b
SELECTA.PAC	0x27	8001152c	188	9cc2a0f5e88e43b7
SELECTA.PAC	0x27	800115e8	120	c1acbb507c498562
SELECTA.PAC	0x27	80011660	64	8c33c089170d1f9b
SELECTA.PAC	0x27	800116a0	188	14933302a2d80e68
SELECTA.PAC	0x27	8001175c	164	faaac612c87d714b
SELECTA.PAC	0x27	80011800	108	01853429d6668816
SELECTA.PAC	0x27	8001186c	32	20c3a8daad2ca1ef
SELECTA.PAC	0x27	8001188c	236	0d1e730cb4b54d3f
SELECTA.PAC	0x27	80011978	80	207cb42927156387
SELECTA.PAC	0x27	800119c8	80	0738d29ca87d2422
SELECTA.PAC	0x27	80011a18	76	c24f9a48f731345c
SELECTA.PAC	0x27	80011a64	72	197adce44c813f8d
SELECTA.PAC	0x27	80011aac	592	bfafa0fb736224cb
SELECTA.PAC	0x27	80011cfc	64	8c33c089170d1f9b
SELECTA.PAC	0x27	80011d3c	84	29080810ec613115
SELECTA.PAC	0x27	80011d90	276	2683b7badac5ef23
SELECTA.PAC	0x27	80011ea4	440	a2eb8ff4de2a4928
SELECTA.PAC	0x27	8001205c	1344	465eae28e64a1635
SELECTA.PAC	0x27	8001259c	88	80973279009a29ff
SELECTA.PAC	0x27	800125f4	296	0be0cc2377970397
SELECTA.PAC	0x27	8001271c	80	5218ac4cc3160b53
SELECTA.PAC	0x27	8001276c	804	6f88dd35ac8b4e61
SELECTA.PAC	0x27	80012a90	64	5a5069bb16d2528e
SELECTA.PAC	0x27	80012ad0	512	8de9065912b1a8eb
SELECTA.PAC	0x27	80012cd0	168	b41df2f269825068
SELECTA.PAC	0x27	80012d78	268	b67c7e86bd869387
SELECTA.PAC	0x27	80012e84	116	2578a38ca2a32de2
SELECTA.PAC	0x27	80012ef8	108	9881675c38365b7a
SELECTA.PAC	0x27	80012f64	112	facd05cdd7a974cd
SELECTA.PAC	0x27	80012fd4	372	385819fdd0521afd
SELECTA.PAC	0x27	80013148	80	5218ac4cc3160b53
SELECTA.PAC	0x27	80013198	848	c15a4ad22dfbf963
SELECTA.PAC	0x27	800134e8	136	25efff1b6e26b6a9
SELECTA.PAC	0x27	80013570	184	085588aa51b2a9cd
SELECTA.PAC	0x27	80013628	116	53aa33de13e400a2
SELECTA.PAC	0x27	8001369c	472	0291bb298b3aa03c
SELECTA.PAC	0x27	80013874	72	1aa8fc9a2032b436
SELECTA.PAC	0x27	800138bc	116	b1047de158fbae18
SELECTA.PAC	0x27	80013930	68	b5ad8669761966a2
SELECTA.PAC	0x27	80013974	20	469ab567c4e2c3e0
SELECTA.PAC	0x27	80013988	32	20c3a8daad2ca1ef
SELECTA.PAC	0x27	800139a8	196	9a67192bad4cc26e
SELECTA.PAC	0x27	80013a6c	264	7955f088372908a4
SELECTA.PAC	0x27	80013b74	336	74b11a603f2c60d0
SELECTA.PAC	0x27	80013cc4	544	7f392a5b479a5895
SELECTA.PAC	0x27	80013ee4	64	36d10b5e7bf2e0d2
SELECTA.PAC	0x27	80013f24	64	8c33c089170d1f9b
SELECTA.PAC	0x27	80013f64	172	8cdf4dcc84aea3cc
SELECTA.PAC	0x27	80014010	208	51a0fe6b65603c83
SELECTA.PAC	0x27	800140e0	64	8c33c089170d1f9b
SELECTA.PAC	0x27	80014120	208	7527cb50aa489af9
SELECTA.PAC	0x27	800141f0	120	3abc0051bff9546e
SELECTA.PAC	0x27	80014268	8	6d64edf91449c1b1
SELECTA.PAC	0x27	80014270	32	20c3a8daad2ca1ef
SELECTA.PAC	0x27	80014290	8	6d64edf91449c1b1
SELECTA.PAC	0x27	80014298	196	78db0815be319482
SELECTA.PAC	0x27	8001435c	80	207cb42927156387
SELECTA.PAC	0x27	800143ac	64	36d10b5e7bf2e0d2
SELECTA.PAC	0x27	800143ec	64	52a24dcedd0aced5
SELECTA.PAC	0x27	8001442c	84	a76beef58686ccaf
SELECTA.PAC	0x27	80014480	64	8c33c089170d1f9b
SELECTA.PAC	0x27	800144c0	64	f9ad56b2bd145472
SELECTA.PAC	0x27	80014500	64	dbf1a5ee283d4602
SELECTA.PAC	0x27	80014540	52	2d6682afe59c1732
SELECTA.PAC	0x27	80014574	32	20c3a8daad2ca1ef
SELECTA.PAC	0x27	80014594	64	8c33c089170d1f9b
SELECTA.PAC	0x27	800145d4	32	4b8d3d3bc617cb66
SELECTA.PAC	0x27	800145f4	180	57b931761f7c2ba8
SELECTA.PAC	0x27	800146a8	136	406e7b2cdad21fa2
SELECTA.PAC	0x27	80014730	20	de51bdfcbbd15b37
SELECTA.PAC	0x27	80014744	32	20c3a8daad2ca1ef
SELECTA.PAC	0x27	80014764	64	8c33c089170d1f9b
SELECTA.PAC	0x27	800147a4	32	4b8d3d3bc617cb66
SELECTA.PAC	0x27	800147c4	64	8c33c089170d1f9b
SELECTA.PAC	0x27	80014804	48	35cb7c5cc69c6840
SELECTA.PAC	0x27	80014834	64	8c33c089170d1f9b
SELECTA.PAC	0x27	80014874	48	5560dd7c72ddbb4f
SELECTA.PAC	0x27	800148a4	136	1fdbe078082cabf9
SELECTA.PAC	0x27	8001492c	20	de51bdfcbbd15b37
SELECTA.PAC	0x27	80014940	32	20c3a8daad2ca1ef
SELECTA.PAC	0x27	80014960	64	8c33c089170d1f9b
SELECTA.PAC	0x27	800149a0	48	0bb1945414b0ede7
SELECTA.PAC	0x27	800149d0	100	4015aad1849cf855
SELECTA.PAC	0x27	80014a34	64	8c33c089170d1f9b
SELECTA.PAC	0x27	80014a74	168	c9888d4b492622f9
SELECTA.PAC	0x27	80014b1c	204	1d087d2c068aa9df
SELECTA.PAC	0x27	80014be8	20	469ab567c4e2c3e0
SELECTA.PAC	0x27	80014bfc	32	20c3a8daad2ca1ef
SELECTA.PAC	0x27	80014c1c	188	db65b89c3e9e6853
SELECTA.PAC	0x27	80014cd8	44	71b4781611411730
SELECTA.PAC	0x27	80014d04	96	4c3e9651fda44bc3
SELECTA.PAC	0x27	80014d64	136	007a1bc5d1ad85a9
SELECTA.PAC	0x27	80014dec	324	f78bec62a50c2d0e
SELECTA.PAC	0x27	80014f30	64	8c33c089170d1f9b
SELECTA.PAC	0x27	80014f70	100	4c70b1838385122e
SELECTA.PAC	0x27	80014fd4	32	75ad874cc554bcc9
SELECTA.PAC	0x27	80014ff4	92	42d1bfa98c5829a3
SELECTA.PAC	0x27	80015050	32	20c3a8daad2ca1ef
SELECTA.PAC	0x27	80015070	216	4b52a2b5b5194b3c
SELECTA.PAC	0x27	80015148	172	6cfbe0f49099a2e2
SELECTA.PAC	0x27	800151f4	64	36d10b5e7bf2e0d2
SELECTA.PAC	0x27	80015234	396	c799f8769f8fe110
SELECTA.PAC	0x27	800153c0	244	99f650e15fda447f
SELECTA.PAC	0x27	800154b4	20	469ab567c4e2c3e0
SELECTA.PAC	0x27	800154c8	32	20c3a8daad2ca1ef
SELECTA.PAC	0x27	800154e8	64	36d10b5e7bf2e0d2
SELECTA.PAC	0x27	80015528	296	4c05b26f6b2cd149
SELECTA.PAC	0x27	80015650	84	febaee0386ebdd4e
SELECTA.PAC	0x27	800156a4	100	5ce749c5c6367561
SELECTA.PAC	0x27	80015708	132	f8bebbe655f8a61d
SELECTA.PAC	0x27	8001578c	68	0aad4a9cec50bb76
SELECTA.PAC	0x27	800157d0	8	6d64edf91449c1b1
SELECTA.PAC	0x27	800157d8	32	20c3a8daad2ca1ef
SELECTA.PAC	0x27	800157f8	64	1559e07afd25c45a
SELECTA.PAC	0x27	80015838	136	94a2c8619b4adfc6
SELECTA.PAC	0x27	800158c0	144	a9d3a75f41bdd0c9
SELECTA.PAC	0x27	80015950	236	309276c706832b36
SELECTA.PAC	0x27	80015a3c	120	93e9265fa8448fec
SELECTA.PAC	0x27	80015ab4	496	dd9413c610c8bd2b
SELECTA.PAC	0x27	80015ca4	284	d3f60cb719fd333d
SELECTA.PAC	0x27	80015dc0	32	20c3a8daad2ca1ef
SELECTA.PAC	0x27	80015de0	136	b8f20ca86b1b6432
SELECTA.PAC	0x27	80015e68	1996	03e82ba781cfec34
SELECTA.PAC	0x27	80016634	84	febaee0386ebdd4e
SELECTA.PAC	0x27	80016688	132	e4852084d691e3a4
SELECTA.PAC	0x27	8001670c	132	c52f011337aba44e
SELECTA.PAC	0x27	80016790	32	20c3a8daad2ca1ef
SELECTA.PAC	0x27	800167b0	32	20c3a8daad2ca1ef
SELECTA.PAC	0x27	800167d0	64	135acaf4ec0658b4
SELECTA.PAC	0x27	80016810	144	651a4dedefb4701b
SELECTA.PAC	0x27	800168a0	72	a1fafd20775cc9d1
SELECTA.PAC	0x27	800168e8	220	c5bdbc08e0d9c430
SELECTA.PAC	0x27	800169c4	144	e96a4368e6bdcca6
SELECTA.PAC	0x27	80016a54	32	20c3a8daad2ca1ef
SELECTA.PAC	0x27	80016a74	96	4c3e9651fda44bc3
SELECTA.PAC	0x27	80016ad4	260	940f75dd597e74ba
SELECTA.PAC	0x27	80016bd8	56	7b5f25f8a9fd8659
SELECTA.PAC	0x27	80016c10	40	454d0542cc3829c9
SELECTA.PAC	0x27	80016c38	124	c9e526dc443d2b26
SELECTA.PAC	0x27	80016cb4	32	20c3a8daad2ca1ef
SELECTA.PAC	0x27	80016cd4	84	febaee0386ebdd4e
SELECTA.PAC	0x27	80016d28	104	616fcf19651b3afb
SELECTA.PAC	0x27	80016d90	32	20c3a8daad2ca1ef
SELECTA.PAC	0x27	80016db0	20	3cdcbdbc9e841787
SELECTA.PAC	0x27	80016dc4	32	20c3a8daad2ca1ef
SELECTA.PAC	0x27	80016de4	72	939cb081e6ce4786
SELECTA.PAC	0x27	80016e2c	80	01b38db6e51a6e2c
SELECTA.PAC	0x27	80016e7c	100	e57f3644d6b185ba
SELECTA.PAC	0x27	80016ee0	124	cb4cc8031ca61737
SELECTA.PAC	0x27	80016f5c	204	76c026e3b5509f5b
SELECTA.PAC	0x27	80017028	20	469ab567c4e2c3e0
SELECTA.PAC	0x27	8001703c	32	20c3a8daad2ca1ef
SELECTA.PAC	0x27	8001705c	8	6d64edf91449c1b1
SELECTA.PAC	0x27	80017064	396	815649a9d903aca8
SELECTA.PAC	0x27	800171f0	80	cd4dd9d8ac0154b5
SELECTA.PAC	0x27	80017240	88	61ceb1da8df84f79
SELECTA.PAC	0x27	80017298	88	47da5f80775a1757
SELECTA.PAC	0x27	800172f0	88	0b6bcaca6b206937
SELECTA.PAC	0x27	80017348	88	5027d3cd2c16a9d2
SELECTA.PAC	0x27	800173a0	88	1ccac62d0035014d
SELECTA.PAC	0x27	800173f8	88	1efe48dd455bf106
SELECTA.PAC	0x27	80017450	88	a7cc54d7445e4458
SELECTA.PAC	0x27	800174a8	88	a5cc82cb4548b3ad
SELECTA.PAC	0x27	80017500	88	20102fad40d3bc48
SELECTA.PAC	0x27	80017558	88	99cfe61e0a01473d
SELECTA.PAC	0x27	800175b0	88	2945715c104f8305
SELECTA.PAC	0x27	80017608	88	589e5abad7bb7a52
SELECTA.PAC	0x27	80017660	88	f3504b53c597a292
SELECTA.PAC	0x27	800176b8	88	a96afdb07230aa04
SELECTA.PAC	0x27	80017710	88	aa27cdd9bf17a88d
SELECTA.PAC	0x27	80017768	88	6781c7fd441441fe
SELECTA.PAC	0x27	800177c0	88	0ec11c57f8c9a1cd
SELECTA.PAC	0x27	80017818	88	16a477907de2b8bb
SELECTA.PAC	0x27	80017870	88	9085a187b0cb67c1
SELECTA.PAC	0x27	800178c8	84	c9d843351fb4cc35
SELECTA.PAC	0x27	8001791c	680	3e3c30827bb7e53d
STAGE00.PAC	0x6	801e8000	152	ff9fbcad1eb82fa0
STAGE00.PAC	0x6	801e8098	88	8d890732d6c6c32e
STAGE00.PAC	0x6	801e80f0	56	761de9ec7433c76e
STAGE00.PAC	0x6	801e8128	212	2caaa4b413f1c68f
STAGE00.PAC	0x6	801e81fc	44	845175e448ab8db4
STAGE00.PAC	0x6	801e8228	160	05a65e9b0cf79843
STAGE00.PAC	0x6	801e82c8	636	d3bb0dd11c0524f7
STAGE00.PAC	0x6	801e8544	92	7a1feea5a15d22cd
STAGE00.PAC	0x6	801e85a0	44	479de2c59da8e521
STAGE00.PAC	0x6	801e85cc	268	0c2f344296694b78
STAGE00.PAC	0x6	801e86d8	628	1da7d92fedafd241
STAGE00.PAC	0x6	801e894c	8	6d64edf91449c1b1
STAGE00.PAC	0x6	801e8954	8	6d64edf91449c1b1
STAGE00.PAC	0x6	801e895c	8	6d64edf91449c1b1
STAGE00.PAC	0x6	801e8964	8	6d64edf91449c1b1
STAGE00.PAC	0x6	801e896c	208	4b923c67cee8d5cb
STAGE00.PAC	0x6	801e8a3c	44	54eed25694ace3c4
STAGE00.PAC	0x6	801e8a68	160	d4b5b455443c7c17
STAGE00.PAC	0x6	801e8b08	636	e37d824da789c794
STAGE00.PAC	0x6	801e8d84	64	36d10b5e7bf2e0d2
STAGE00.PAC	0x6	801e8dc4	432	9dd47a202ba5f052
STAGE00.PAC	0x6	801e8f74	236	111493adab45c972
STAGE00.PAC	0x6	801e9060	32	20c3a8daad2ca1ef
STAGE00.PAC	0x6	801e9080	700	c66c52bee33d9398
STAGE00.PAC	0x6	801e933c	64	36d10b5e7bf2e0d2
STAGE00.PAC	0x6	801e937c	92	b0ff22dcbba9fc75
STAGE00.PAC	0x6	801e93d8	136	9737ad28b335fa47
STAGE00.PAC	0x6	801e9460	32	20c3a8daad2ca1ef
STAGE01.PAC	0x6	801e8000	152	ff9fbcad1eb82fa0
STAGE01.PAC	0x6	801e8098	88	8d890732d6c6c32e
STAGE01.PAC	0x6	801e80f0	56	761de9ec7433c76e
STAGE01.PAC	0x6	801e8128	244	a79bd4a904c3f6cd
STAGE01.PAC	0x6	801e821c	44	845175e448ab8db4
STAGE01.PAC	0x6	801e8248	160	d3b433467f208b73
STAGE01.PAC	0x6	801e82e8	636	3b81b01a2d87e761
STAGE01.PAC	0x6	801e8564	100	8d3ba3abe3d850d8
STAGE01.PAC	0x6	801e85c8	68	948d77c73fb5d5ec
STAGE01.PAC	0x6	801e860c	268	55f0aa3ea3e0673a
STAGE01.PAC	0x6	801e8718	1168	31a16f337e04ae2c
STAGE01.PAC	0x6	801e8ba8	104	f78c83f0ee11f174
STAGE01.PAC	0x6	801e8c10	1488	11247fec74361cf9
STAGE01.PAC	0x6	801e91e0	44	2ef7815779fbe312
STAGE01.PAC	0x6	801e920c	160	c2617d0a904f4828
STAGE01.PAC	0x6	801e92ac	160	f67fafcfc2e01954
STAGE01.PAC	0x6	801e934c	44	2fdefd0abef0de32
STAGE01.PAC	0x6	801e9378	160	4c0d9e9624d3f94b
STAGE01.PAC	0x6	801e9418	636	dfbea7d2b41749de
STAGE01.PAC	0x6	801e9694	64	36d10b5e7bf2e0d2
STAGE01.PAC	0x6	801e96d4	132	6e257878692e9b19
STAGE01.PAC	0x6	801e9758	108	5459eaffab0f3b86
STAGE01.PAC	0x6	801e97c4	48	29bd63da14e6476d
STAGE01.PAC	0x6	801e97f4	56	6eb0065244d9d73d
STAGE01.PAC	0x6	801e982c	104	168ee2df73cf54fd
STAGE01.PAC	0x6	801e9894	76	2746023c2b1a58bf
STAGE01.PAC	0x6	801e98e0	72	d6de446a7391da03
STAGE01.PAC	0x6	801e9928	32	20c3a8daad2ca1ef
STAGE01.PAC	0x6	801e9948	64	36d10b5e7bf2e0d2
STAGE01.PAC	0x6	801e9988	252	d814548dd3db2366
STAGE01.PAC	0x6	801e9a84	60	3d366ff3ec548be0
STAGE01.PAC	0x6	801e9ac0	140	f75236411ca28e9b
STAGE01.PAC	0x6	801e9b4c	124	792135a9efbe7dbf
STAGE01.PAC	0x6	801e9bc8	144	d4b402742108c837
STAGE01.PAC	0x6	801e9c58	84	febaee0386ebdd4e
STAGE01.PAC	0x6	801e9cac	68	f961f0620e24ece1
STAGE01.PAC	0x6	801e9cf0	136	afe22985e50f2479
STAGE01.PAC	0x6	801e9d78	132	f1c0c656e1ba4eff
STAGE01.PAC	0x6	801e9dfc	56	6a5e3673b61aa864
STAGE01.PAC	0x6	801e9e34	32	20c3a8daad2ca1ef
STAGE01.PAC	0x6	801e9e54	64	36d10b5e7bf2e0d2
STAGE01.PAC	0x6	801e9e94	144	dc3bb0a743325821
STAGE01.PAC	0x6	801e9f24	76	08566a4eecc434b6
STAGE01.PAC	0x6	801e9f70	32	20c3a8daad2ca1ef
STAGE01.PAC	0x6	801e9f90	648	0ba757a050d688e1
STAGE02.PAC	0x6	801e8000	152	ff9fbcad1eb82fa0
STAGE02.PAC	0x6	801e8098	88	8d890732d6c6c32e
STAGE02.PAC	0x6	801e80f0	56	761de9ec7433c76e
STAGE02.PAC	0x6	801e8128	72	3cf8fcd6c3987efc
STAGE02.PAC	0x6	801e8170	84	702bf90e4b022c42
STAGE02.PAC	0x6	801e81c4	208	f96b5db3364045db
STAGE02.PAC	0x6	801e8294	44	845175e448ab8db4
STAGE02.PAC	0x6	801e82c0	268	d94d09c28cc59018
STAGE02.PAC	0x6	801e83cc	712	1699e2b07c289480
STAGE02.PAC	0x6	801e8694	100	8d3ba3abe3d850d8
STAGE02.PAC	0x6	801e86f8	88	68bc139c905d90cb
STAGE02.PAC	0x6	801e8750	140	55c4a911ddcf00a7
STAGE02.PAC	0x6	801e87dc	36	4304439b0082f5b5
STAGE02.PAC	0x6	801e8800	68	8b2683199b885d6a
STAGE02.PAC	0x6	801e8844	160	5f0233429f647db7
STAGE02.PAC	0x6	801e88e4	1168	270ebc14535d195a
STAGE02.PAC	0x6	801e8d74	128	43c06adc6e2f3b81
STAGE02.PAC	0x6	801e8df4	1488	11247fec74361cf9
STAGE02.PAC	0x6	801e93c4	44	9c4b7bdbf6fb3468
STAGE02.PAC	0x6	801e93f0	160	c2617d0a904f4828
STAGE02.PAC	0x6	801e9490	72	3cf8fcd6c3987efc
STAGE02.PAC	0x6	801e94d8	88	6d67912a15e590ec
STAGE02.PAC	0x6	801e9530	212	62c78386d7eebef9
STAGE02.PAC	0x6	801e9604	80	51d0d50f19768edb
STAGE02.PAC	0x6	801e9654	44	9c34ced5e4fa0dac
STAGE02.PAC	0x6	801e9680	160	ec77504b820b1d2e
STAGE02.PAC	0x6	801e9720	680	4c42573895d4a60d
STAGE02.PAC	0x6	801e99c8	860	337065e703c53b6b
STAGE02.PAC	0x6	801e9d24	64	36d10b5e7bf2e0d2
STAGE02.PAC	0x6	801e9d64	116	709c56f8c93582e0
STAGE02.PAC	0x6	801e9dd8	124	551264b8da3bf793
STAGE02.PAC	0x6	801e9e54	32	20c3a8daad2ca1ef
STAGE03.PAC	0x6	801e8000	152	ff9fbcad1eb82fa0
STAGE03.PAC	0x6	801e8098	88	8d890732d6c6c32e
STAGE03.PAC	0x6	801e80f0	56	761de9ec7433c76e
STAGE03.PAC	0x6	801e8128	76	46e09c0a7787720a
STAGE03.PAC	0x6	801e8174	188	897ba47507d5e8da
STAGE03.PAC	0x6	801e8230	56	4e79f6bea5282e9b
STAGE03.PAC	0x6	801e8268	164	06a92f08672f637b
STAGE03.PAC	0x6	801e830c	140	bdae6d3e5dee24b4
STAGE03.PAC	0x6	801e8398	160	955a236c9669fc46
STAGE03.PAC	0x6	801e8438	160	e710dba22fec4571
STAGE03.PAC	0x6	801e84d8	44	845175e448ab8db4
STAGE03.PAC	0x6	801e8504	160	46a7eea6fc6085ac
STAGE03.PAC	0x6	801e85a4	712	06c9f9ed673a0a1b
STAGE03.PAC	0x6	801e886c	92	7a1feea5a15d22cd
STAGE03.PAC	0x6	801e88c8	248	8810b696ca03f3d7
STAGE03.PAC	0x6	801e89c0	160	fa3619e1ca912151
STAGE03.PAC	0x6	801e8a60	680	9b323c66c5c55836
STAGE03.PAC	0x6	801e8d08	8	6d64edf91449c1b1
STAGE03.PAC	0x6	801e8d10	1044	a467fdbf6f9707a6
STAGE03.PAC	0x6	801e9124	44	9f9da841dd25d8eb
STAGE03.PAC	0x6	801e9150	160	372b038f3509964d
STAGE03.PAC	0x6	801e91f0	196	d41ed0594b186a41
STAGE03.PAC	0x6	801e92b4	44	9ddb7fb6d06c1c0b
STAGE03.PAC	0x6	801e92e0	168	81da3bddf95436c2
STAGE03.PAC	0x6	801e9388	644	609df0748b1636ec
STAGE03.PAC	0x6	801e960c	64	36d10b5e7bf2e0d2
STAGE03.PAC	0x6	801e964c	128	b6552ba5dc181079
STAGE03.PAC	0x6	801e96cc	164	bc97ab355180e8ab
STAGE03.PAC	0x6	801e9770	32	20c3a8daad2ca1ef
STAGE03.PAC	0x6	801e9790	128	18511ab57d2e4d38
STAGE03.PAC	0x6	801e9810	96	bb936bfa1be5c3a0
STAGE03.PAC	0x6	801e9870	112	be8c4c5a018cea55
STAGE03.PAC	0x6	801e98e0	88	ec879659d78ae263
STAGE03.PAC	0x6	801e9938	64	36d10b5e7bf2e0d2
STAGE03.PAC	0x6	801e9978	180	15a80c54841c2cef
STAGE03.PAC	0x6	801e9a2c	32	65ec32428dcbfceb
STAGE03.PAC	0x6	801e9a4c	132	f68b254379bc5147
STAGE03.PAC	0x6	801e9ad0	32	20c3a8daad2ca1ef
STAGE03.PAC	0x6	801e9af0	84	8c50c893df28f634
STAGE03.PAC	0x6	801e9b44	60	11d440a5d0357c3c
STAGE03.PAC	0x6	801e9b80	64	36d10b5e7bf2e0d2
STAGE03.PAC	0x6	801e9bc0	128	0018481b241c586c
STAGE03.PAC	0x6	801e9c40	164	5ba01075bbe83e90
STAGE03.PAC	0x6	801e9ce4	32	20c3a8daad2ca1ef
STAGE03.PAC	0x6	801e9d04	672	4736120893a2a777
STAGE04.PAC	0x6	801e8000	152	ff9fbcad1eb82fa0
STAGE04.PAC	0x6	801e8098	88	8d890732d6c6c32e
STAGE04.PAC	0x6	801e80f0	56	761de9ec7433c76e
STAGE04.PAC	0x6	801e8128	160	f67fafcfc2e01954
STAGE04.PAC	0x6	801e81c8	44	845175e448ab8db4
STAGE04.PAC	0x6	801e81f4	160	87ed46868f4448c3
STAGE04.PAC	0x6	801e8294	628	58d9af9653e43d2d
STAGE04.PAC	0x6	801e8508	100	8d3ba3abe3d850d8
STAGE04.PAC	0x6	801e856c	68	68acda5e07288af6
STAGE04.PAC	0x6	801e85b0	268	d94a2e7ddfbe3eef
STAGE04.PAC	0x6	801e86bc	1168	4f83865108b4227f
STAGE04.PAC	0x6	801e8b4c	120	532a5e300a12e3fc
STAGE04.PAC	0x6	801e8bc4	1488	41e4c37e064352a6
STAGE04.PAC	0x6	801e9194	44	9e933e62300a94e4
STAGE04.PAC	0x6	801e91c0	160	f984b4879e062b39
STAGE04.PAC	0x6	801e9260	72	3cf8fcd6c3987efc
STAGE04.PAC	0x6	801e92a8	88	3c4827fb4f4ca92e
STAGE04.PAC	0x6	801e9300	200	dd64518cfa59d947
STAGE04.PAC	0x6	801e93c8	80	17ba56ef1d15f5a4
STAGE04.PAC	0x6	801e9418	44	f38544ff1e773698
STAGE04.PAC	0x6	801e9444	160	e30579a63df367b5
STAGE04.PAC	0x6	801e94e4	636	3d62d02d901d4ea2
STAGE04.PAC	0x6	801e9760	64	36d10b5e7bf2e0d2
STAGE04.PAC	0x6	801e97a0	184	f02a1a73d370ec95
STAGE04.PAC	0x6	801e9858	124	13362c255326eb66
STAGE04.PAC	0x6	801e98d4	32	20c3a8daad2ca1ef
STAGE04.PAC	0x6	801e98f4	36	beebb2ff8f431565
STAGE04.PAC	0x6	801e9918	76	66d3c87c9acd83db
STAGE04.PAC	0x6	801e9964	80	7d1f3f3b9c0d0aa8
STAGE04.PAC	0x6	801e99b4	812	5464a0f906121ef0
STAGE05.PAC	0x6	801e8000	152	ff9fbcad1eb82fa0
STAGE05.PAC	0x6	801e8098	88	8d890732d6c6c32e
STAGE05.PAC	0x6	801e80f0	56	761de9ec7433c76e
STAGE05.PAC	0x6	801e8128	76	c6dbb655fa477c6d
STAGE05.PAC	0x6	801e8174	184	efc304faeb96ec6a
STAGE05.PAC	0x6	801e822c	44	845175e448ab8db4
STAGE05.PAC	0x6	801e8258	268	6afb7d7c0314f4e2
STAGE05.PAC	0x6	801e8364	636	ccb8069a8a9f81c5
STAGE05.PAC	0x6	801e85e0	92	7a1feea5a15d22cd
STAGE05.PAC	0x6	801e863c	44	fac3867ee73e40ee
STAGE05.PAC	0x6	801e8668	160	1415442100d57544
STAGE05.PAC	0x6	801e8708	644	75b65587dd85097d
STAGE05.PAC	0x6	801e898c	8	6d64edf91449c1b1
STAGE05.PAC	0x6	801e8994	8	6d64edf91449c1b1
STAGE05.PAC	0x6	801e899c	8	6d64edf91449c1b1
STAGE05.PAC	0x6	801e89a4	8	6d64edf91449c1b1
STAGE05.PAC	0x6	801e89ac	212	2caaa4b413f1c68f
STAGE05.PAC	0x6	801e8a80	44	27de813b33df9c29
STAGE05.PAC	0x6	801e8aac	160	992e183432688ffd
STAGE05.PAC	0x6	801e8b4c	636	c803da8243f77fa7
STAGE05.PAC	0x6	801e8dc8	840	df9b10cc192c26ad
STAGE05.PAC	0x6	801e9110	64	36d10b5e7bf2e0d2
STAGE05.PAC	0x6	801e9150	188	8885ec32178422b2
STAGE05.PAC	0x6	801e920c	204	69f3c7e8dc776e9f
STAGE05.PAC	0x6	801e92d8	32	20c3a8daad2ca1ef
STAGE05.PAC	0x6	801e92f8	64	36d10b5e7bf2e0d2
STAGE05.PAC	0x6	801e9338	120	62dfdac1d44d6839
STAGE05.PAC	0x6	801e93b0	96	61f20606ca083dae
STAGE05.PAC	0x6	801e9410	32	20c3a8daad2ca1ef
STAGE05.PAC	0x6	801e9430	64	36d10b5e7bf2e0d2
STAGE05.PAC	0x6	801e9470	136	7af386df4b7331f6
STAGE05.PAC	0x6	801e94f8	288	a10f8a4b80e86fb0
STAGE05.PAC	0x6	801e9618	168	f7e1767aa0fa3e22
STAGE05.PAC	0x6	801e96c0	108	e15af0dfc3cd9724
STAGE05.PAC	0x6	801e972c	108	e15af0dfc3cd9724
STAGE05.PAC	0x6	801e9798	132	c3ac43d3dfce450e
STAGE06.PAC	0x6	801e8000	152	ff9fbcad1eb82fa0
STAGE06.PAC	0x6	801e8098	88	8d890732d6c6c32e
STAGE06.PAC	0x6	801e80f0	56	761de9ec7433c76e
STAGE06.PAC	0x6	801e8128	260	7ccb1ab687ce04ef
STAGE06.PAC	0x6	801e822c	80	95af72071f462b1b
STAGE06.PAC	0x6	801e827c	92	b4bb05c4d9a4f915
STAGE06.PAC	0x6	801e82d8	268	e6b085e94b865148
STAGE06.PAC	0x6	801e83e4	644	40f101380d38b485
STAGE06.PAC	0x6	801e8668	100	8d3ba3abe3d850d8
STAGE06.PAC	0x6	801e86cc	68	bd34b96cef1bf3a2
STAGE06.PAC	0x6	801e8710	160	4cb9174a8e71f706
STAGE06.PAC	0x6	801e87b0	1200	28f6ddddb87ce893
STAGE06.PAC	0x6	801e8c60	128	6b2e96716e085d95
STAGE06.PAC	0x6	801e8ce0	1488	fe7f6794ef01e7e6
STAGE06.PAC	0x6	801e92b0	44	8632bee975e9f0da
STAGE06.PAC	0x6	801e92dc	160	7f62833d1050b1e6
STAGE06.PAC	0x6	801e937c	196	d41ed0594b186a41
STAGE06.PAC	0x6	801e9440	44	3d2db9261b73bf60
STAGE06.PAC	0x6	801e946c	168	be481c904ad953bf
STAGE06.PAC	0x6	801e9514	644	4969857871484817
STAGE06.PAC	0x6	801e9798	972	ef81fecfd47e71c6
STAGE06.PAC	0x6	801e9b64	64	36d10b5e7bf2e0d2
STAGE06.PAC	0x6	801e9ba4	180	33428bbe31b384b4
STAGE06.PAC	0x6	801e9c58	160	f370038896ab55b0
STAGE06.PAC	0x6	801e9cf8	184	946b5cdbc647c692
STAGE06.PAC	0x6	801e9db0	32	20c3a8daad2ca1ef
STAGE06.PAC	0x6	801e9dd0	64	36d10b5e7bf2e0d2
STAGE06.PAC	0x6	801e9e10	144	c309aa06280f9806
STAGE06.PAC	0x6	801e9ea0	76	08566a4eecc434b6
STAGE06.PAC	0x6	801e9eec	32	20c3a8daad2ca1ef
STAGE07.PAC	0x6	801e8000	152	ff9fbcad1eb82fa0
STAGE07.PAC	0x6	801e8098	88	8d890732d6c6c32e
STAGE07.PAC	0x6	801e80f0	56	761de9ec7433c76e
STAGE07.PAC	0x6	801e8128	216	b0ab9169a99ebad2
STAGE07.PAC	0x6	801e8200	44	845175e448ab8db4
STAGE07.PAC	0x6	801e822c	268	d92d23641f17a94d
STAGE07.PAC	0x6	801e8338	628	3e71b0bbdd7ed039
STAGE07.PAC	0x6	801e85ac	100	8d3ba3abe3d850d8
STAGE07.PAC	0x6	801e8610	68	0465ecb94c4b7f89
STAGE07.PAC	0x6	801e8654	160	75524034003953bb
STAGE07.PAC	0x6	801e86f4	1176	261fe36eb7991618
STAGE07.PAC	0x6	801e8b8c	128	2bc3677922cf7238
STAGE07.PAC	0x6	801e8c0c	1488	41e4c37e064352a6
STAGE07.PAC	0x6	801e91dc	44	9e933e62300a94e4
STAGE07.PAC	0x6	801e9208	160	f984b4879e062b39
STAGE07.PAC	0x6	801e92a8	208	2192bf8094402ab9
STAGE07.PAC	0x6	801e9378	44	23b6c6da7681df05
STAGE07.PAC	0x6	801e93a4	160	f1caa92621e86dba
STAGE07.PAC	0x6	801e9444	636	7be8b2a1c78300ad
STAGE07.PAC	0x6	801e96c0	64	36d10b5e7bf2e0d2
STAGE07.PAC	0x6	801e9700	200	979915e6bcf6d8ff
STAGE07.PAC	0x6	801e97c8	100	da3fd7038c3a1148
STAGE07.PAC	0x6	801e982c	32	20c3a8daad2ca1ef
STAGE07.PAC	0x6	801e984c	84	8c50c893df28f634
STAGE07.PAC	0x6	801e98a0	60	5c017fb9ed2f4b64
STAGE07.PAC	0x6	801e98dc	148	f327dbb6531b6fd6
STAGE07.PAC	0x6	801e9970	768	149f4c65b06a5c79
STAGE07.PAC	0x6	801e9c70	64	36d10b5e7bf2e0d2
STAGE07.PAC	0x6	801e9cb0	68	4eaaa59993c89d95
STAGE07.PAC	0x6	801e9d04	60	9bf31e7cc104b65f
STAGE07.PAC	0x6	801e9d40	68	a9a4d8411413a3df
STAGE07.PAC	0x6	801e9d84	92	f575367dddb7788c
STAGE07.PAC	0x6	801e9de0	32	20c3a8daad2ca1ef
STAGE07.PAC	0x6	801e9e00	64	36d10b5e7bf2e0d2
STAGE07.PAC	0x6	801e9e40	80	52a367333ee998d8
STAGE07.PAC	0x6	801e9e90	116	ae5f8e7fc458a8c5
STAGE07.PAC	0x6	801e9f04	112	fbb4aaf27b75c9e4
STAGE07.PAC	0x6	801e9f74	84	f22e3f0ce732d476
STAGE07.PAC	0x6	801e9fc8	40	e82be8cd54423127
STAGE07.PAC	0x6	801e9ff0	32	20c3a8daad2ca1ef
STAGE07.PAC	0x6	801ea010	132	f7bedbe0b6ac1e81
STAGE07.PAC	0x6	801ea094	64	7be5fcfb4d3256ec
STAGE07.PAC	0x6	801ea0d4	8	207819bf4ebe3078
STAGE07.PAC	0x6	801ea0dc	16	f065fbf132072c70
STAGE07.PAC	0x6	801ea0ec	16	f065fbf132072c70
STAGE07.PAC	0x6	801ea0fc	48	61cdc7a8b9818132
STAGE07.PAC	0x6	801ea12c	64	36d10b5e7bf2e0d2
STAGE07.PAC	0x6	801ea16c	80	9b8f63fa21dfdfec
STAGE07.PAC	0x6	801ea1bc	116	ae5f8e7fc458a8c5
STAGE07.PAC	0x6	801ea230	100	504e9d6d13b488a5
STAGE07.PAC	0x6	801ea294	8	6d64edf91449c1b1
STAGE07.PAC	0x6	801ea29c	32	20c3a8daad2ca1ef
STAGE07.PAC	0x6	801ea2bc	140	99f2d600bf4c0c5a
STAGE07.PAC	0x6	801ea348	64	36d10b5e7bf2e0d2
STAGE07.PAC	0x6	801ea388	72	34341f863e7469f4
STAGE07.PAC	0x6	801ea3d0	32	20c3a8daad2ca1ef
STAGE07.PAC	0x6	801ea3f0	32	20c3a8daad2ca1ef
STAGE08.PAC	0x6	801e8000	152	ff9fbcad1eb82fa0
STAGE08.PAC	0x6	801e8098	88	8d890732d6c6c32e
STAGE08.PAC	0x6	801e80f0	56	761de9ec7433c76e
STAGE08.PAC	0x6	801e8128	160	f67fafcfc2e01954
STAGE08.PAC	0x6	801e81c8	44	845175e448ab8db4
STAGE08.PAC	0x6	801e81f4	276	f072199e3a03b12c
STAGE08.PAC	0x6	801e8308	636	b416304088fab6ad
STAGE08.PAC	0x6	801e8584	100	8d3ba3abe3d850d8
STAGE08.PAC	0x6	801e85e8	68	68ea5080c03e7799
STAGE08.PAC	0x6	801e862c	160	7cd515b29660b865
STAGE08.PAC	0x6	801e86cc	1164	36d54e1996cfbeb2
STAGE08.PAC	0x6	801e8b58	128	7ffe68c5967b5e5e
STAGE08.PAC	0x6	801e8bd8	2124	a1eabb7de347db5f
STAGE08.PAC	0x6	801e9424	44	294ea47baca96216
STAGE08.PAC	0x6	801e9450	160	54a3a340d9bb12f5
STAGE08.PAC	0x6	801e94f0	160	f67fafcfc2e01954
STAGE08.PAC	0x6	801e9590	44	9ddb7fb6d06c1c0b
STAGE08.PAC	0x6	801e95bc	160	839654b6c6f1d2da
STAGE08.PAC	0x6	801e965c	636	a61c12e3ecf43cf3
STAGE08.PAC	0x6	801e98d8	64	36d10b5e7bf2e0d2
STAGE08.PAC	0x6	801e9918	68	b6f535ff89c77855
STAGE08.PAC	0x6	801e995c	96	159e89a1f8c17c99
STAGE08.PAC	0x6	801e99bc	132	fcf55702db4da245
STAGE08.PAC	0x6	801e9a40	116	d023937dbc472b01
STAGE08.PAC	0x6	801e9ab4	32	20c3a8daad2ca1ef
STAGE08.PAC	0x6	801e9ad4	84	ac4e300c8a6d782b
STAGE08.PAC	0x6	801e9b28	44	9ea174221e5a2f34
STAGE08.PAC	0x6	801e9b54	744	adfc4f935ccbc00e
STAGE08.PAC	0x6	801e9e3c	64	36d10b5e7bf2e0d2
STAGE08.PAC	0x6	801e9e7c	148	821dbb1a2c8eb192
STAGE08.PAC	0x6	801e9f20	92	474e704be530ce96
STAGE08.PAC	0x6	801e9f7c	108	e88bdc0ab029ced8
STAGE08.PAC	0x6	801e9fe8	132	fb4453cc90549459
STAGE08.PAC	0x6	801ea06c	32	20c3a8daad2ca1ef
STAGE08.PAC	0x6	801ea08c	64	36d10b5e7bf2e0d2
STAGE08.PAC	0x6	801ea0cc	148	9cce855fea9b71e8
STAGE08.PAC	0x6	801ea160	176	d0bdb44f58cc855e
STAGE08.PAC	0x6	801ea210	32	20c3a8daad2ca1ef
STAGE08.PAC	0x6	801ea230	128	795ddcc82a9a811d
STAGE08.PAC	0x6	801ea2b0	64	36d10b5e7bf2e0d2
STAGE08.PAC	0x6	801ea2f0	196	2f00dd4bcd5caa05
STAGE08.PAC	0x6	801ea3b4	180	0869f9d316342ed2
STAGE08.PAC	0x6	801ea468	32	20c3a8daad2ca1ef
STAGE09.PAC	0x6	801e8000	152	ff9fbcad1eb82fa0
STAGE09.PAC	0x6	801e8098	88	8d890732d6c6c32e
STAGE09.PAC	0x6	801e80f0	56	761de9ec7433c76e
STAGE09.PAC	0x6	801e8128	72	3cf8fcd6c3987efc
STAGE09.PAC	0x6	801e8170	88	3c4827fb4f4ca92e
STAGE09.PAC	0x6	801e81c8	196	2f88decacb9dca42
STAGE09.PAC	0x6	801e828c	144	bdd03cdfa7deffc1
STAGE09.PAC	0x6	801e831c	80	7c9f8ff7039d20cb
STAGE09.PAC	0x6	801e836c	44	845175e448ab8db4
STAGE09.PAC	0x6	801e8398	276	65aee88469a78c26
STAGE09.PAC	0x6	801e84ac	636	236ea02e5ba9d44d
STAGE09.PAC	0x6	801e8728	100	8d3ba3abe3d850d8
STAGE09.PAC	0x6	801e878c	68	c5efb858afa13aa7
STAGE09.PAC	0x6	801e87d0	160	9503bfac5f128453
STAGE09.PAC	0x6	801e8870	1168	474549d312f0b02d
STAGE09.PAC	0x6	801e8d00	128	62e4e2387ea71045
STAGE09.PAC	0x6	801e8d80	1488	41e4c37e064352a6
STAGE09.PAC	0x6	801e9350	44	ff29fe2f3ed69ba3
STAGE09.PAC	0x6	801e937c	160	f984b4879e062b39
STAGE09.PAC	0x6	801e941c	204	e78e6cbd84b61145
STAGE09.PAC	0x6	801e94e8	44	9ddb7fb6d06c1c0b
STAGE09.PAC	0x6	801e9514	168	be481c904ad953bf
STAGE09.PAC	0x6	801e95bc	644	1528040416f21e1a
STAGE09.PAC	0x6	801e9840	728	37b3a84f7e6e4705
STAGE09.PAC	0x6	801e9b18	64	36d10b5e7bf2e0d2
STAGE09.PAC	0x6	801e9b58	120	e5ef0677a41ac976
STAGE09.PAC	0x6	801e9bd0	208	e4e4b283c76e8794
STAGE09.PAC	0x6	801e9ca0	32	20c3a8daad2ca1ef
STAGE09.PAC	0x6	801e9cc0	108	c6064bf51a349b6e
STAGE09.PAC	0x6	801e9d2c	64	36d10b5e7bf2e0d2
STAGE09.PAC	0x6	801e9d6c	104	7230f399029f933e
STAGE09.PAC	0x6	801e9dd4	132	3e4da36c548c1ef2
STAGE09.PAC	0x6	801e9e58	32	20c3a8daad2ca1ef
STAGE0A.PAC	0x6	801e8000	152	ff9fbcad1eb82fa0
STAGE0A.PAC	0x6	801e8098	88	8d890732d6c6c32e
STAGE0A.PAC	0x6	801e80f0	56	761de9ec7433c76e
STAGE0A.PAC	0x6	801e8128	208	366adfe456aced7a
STAGE0A.PAC	0x6	801e81f8	44	845175e448ab8db4
STAGE0A.PAC	0x6	801e8224	268	b97d7167c109585e
STAGE0A.PAC	0x6	801e8330	644	8dbe8ff6205c7ddc
STAGE0A.PAC	0x6	801e85b4	92	7a1feea5a15d22cd
STAGE0A.PAC	0x6	801e8610	92	2583d2b1b4e405ea
STAGE0A.PAC	0x6	801e866c	44	a63f0fe729464cf6
STAGE0A.PAC	0x6	801e8698	160	f12fd33231758332
STAGE0A.PAC	0x6	801e8738	620	fc477f6c80583a0d
STAGE0A.PAC	0x6	801e89a4	8	6d64edf91449c1b1
STAGE0A.PAC	0x6	801e89ac	8	6d64edf91449c1b1
STAGE0A.PAC	0x6	801e89b4	8	6d64edf91449c1b1
STAGE0A.PAC	0x6	801e89bc	8	6d64edf91449c1b1
STAGE0A.PAC	0x6	801e89c4	72	3cf8fcd6c3987efc
STAGE0A.PAC	0x6	801e8a0c	148	fe7bc60887715406
STAGE0A.PAC	0x6	801e8aa0	44	fdbafd87aefa9bf1
STAGE0A.PAC	0x6	801e8acc	160	3cfaddede3cef8bf
STAGE0A.PAC	0x6	801e8b6c	644	8d3d71b216e95a8f
STAGE0A.PAC	0x6	801e8df0	768	52aa1c56bc20a82e
STAGE0A.PAC	0x6	801e90f0	64	36d10b5e7bf2e0d2
STAGE0A.PAC	0x6	801e9130	120	98e63e9d32b71df6
STAGE0A.PAC	0x6	801e91a8	160	fd53851f4365166d
STAGE0A.PAC	0x6	801e9248	60	cec8858071b12ed6
STAGE0A.PAC	0x6	801e9284	60	97a4e519de34c4df
STAGE0A.PAC	0x6	801e92c0	44	0ca749cd06ab862d
STAGE0A.PAC	0x6	801e92ec	32	20c3a8daad2ca1ef
STAGE0A.PAC	0x6	801e930c	64	36d10b5e7bf2e0d2
STAGE0A.PAC	0x6	801e934c	176	fd3491fbe8cc88ad
STAGE0A.PAC	0x6	801e93fc	140	86af2133f9af9387
STAGE0A.PAC	0x6	801e9488	56	d4ef780126b88c13
STAGE0A.PAC	0x6	801e94c0	80	41183beb711cf381
STAGE0A.PAC	0x6	801e9510	72	c396d231bed433d1
STAGE0A.PAC	0x6	801e9558	80	3675b10ed58f3569
STAGE0A.PAC	0x6	801e95a8	84	febaee0386ebdd4e
STAGE0A.PAC	0x6	801e95fc	48	29bd63da14e6476d
STAGE0A.PAC	0x6	801e962c	80	41183beb711cf381
STAGE0A.PAC	0x6	801e967c	80	3675b10ed58f3569
STAGE0A.PAC	0x6	801e96cc	84	f6af4959a6d30b27
STAGE0A.PAC	0x6	801e9720	160	cd5023661f73513f
STAGE0A.PAC	0x6	801e97c0	160	ce436ff23bb122ad
STAGE0A.PAC	0x6	801e9860	32	20c3a8daad2ca1ef
STAGE0B.PAC	0x6	801e8000	152	ff9fbcad1eb82fa0
STAGE0B.PAC	0x6	801e8098	88	8d890732d6c6c32e
STAGE0B.PAC	0x6	801e80f0	56	761de9ec7433c76e
STAGE0B.PAC	0x6	801e8128	260	a549778922e07381
STAGE0B.PAC	0x6	801e822c	44	845175e448ab8db4
STAGE0B.PAC	0x6	801e8258	276	34b8e467328c30da
STAGE0B.PAC	0x6	801e836c	636	a1ed2db352343c71
STAGE0B.PAC	0x6	801e85e8	100	8d3ba3abe3d850d8
STAGE0B.PAC	0x6	801e864c	68	1125ad2d91291008
STAGE0B.PAC	0x6	801e8690	160	9b36c6880f0ede03
STAGE0B.PAC	0x6	801e8730	1160	93b9cfd8ebc1059c
STAGE0B.PAC	0x6	801e8bb8	128	9865f1d3c2ad3b5d
STAGE0B.PAC	0x6	801e8c38	1488	fe7f6794ef01e7e6
STAGE0B.PAC	0x6	801e9208	44	9e933e62300a94e4
STAGE0B.PAC	0x6	801e9234	160	7f62833d1050b1e6
STAGE0B.PAC	0x6	801e92d4	208	799236b750b64625
STAGE0B.PAC	0x6	801e93a4	44	df8967db61ca42f4
STAGE0B.PAC	0x6	801e93d0	168	be481c904ad953bf
STAGE0B.PAC	0x6	801e9478	644	4969857871484817
STAGE0B.PAC	0x6	801e96fc	996	f37483345ecdc5f7
STAGE0C.PAC	0x6	801e8000	152	ff9fbcad1eb82fa0
STAGE0C.PAC	0x6	801e8098	88	8d890732d6c6c32e
STAGE0C.PAC	0x6	801e80f0	56	761de9ec7433c76e
STAGE0C.PAC	0x6	801e8128	220	78d4ac70edef027f
STAGE0C.PAC	0x6	801e8204	44	845175e448ab8db4
STAGE0C.PAC	0x6	801e8230	160	610c93d5fc0b2f3d
STAGE0C.PAC	0x6	801e82d0	636	1e5eab56ef0aa703
STAGE0C.PAC	0x6	801e854c	100	8d3ba3abe3d850d8
STAGE0C.PAC	0x6	801e85b0	68	8eab20863bb64569
STAGE0C.PAC	0x6	801e85f4	280	0d0039c7ba0a635c
STAGE0C.PAC	0x6	801e870c	1168	474549d312f0b02d
STAGE0C.PAC	0x6	801e8b9c	128	62e4e2387ea71045
STAGE0C.PAC	0x6	801e8c1c	1488	41e4c37e064352a6
STAGE0C.PAC	0x6	801e91ec	44	1bf288f0872c90e2
STAGE0C.PAC	0x6	801e9218	160	f984b4879e062b39
STAGE0C.PAC	0x6	801e92b8	188	90785f34ff5ca013
STAGE0C.PAC	0x6	801e9374	44	3d2db9261b73bf60
STAGE0C.PAC	0x6	801e93a0	168	be481c904ad953bf
STAGE0C.PAC	0x6	801e9448	644	4969857871484817
STAGE0C.PAC	0x6	801e96cc	64	36d10b5e7bf2e0d2
STAGE0C.PAC	0x6	801e970c	188	84c06619b74b320c
STAGE0C.PAC	0x6	801e97c8	80	b7dbd123c8ab6a42
STAGE0C.PAC	0x6	801e9818	32	20c3a8daad2ca1ef
STAGE0C.PAC	0x6	801e9838	84	8c50c893df28f634
STAGE0C.PAC	0x6	801e988c	60	5c017fb9ed2f4b64
STAGE0C.PAC	0x6	801e98c8	148	f327dbb6531b6fd6
STAGE0C.PAC	0x6	801e995c	64	36d10b5e7bf2e0d2
STAGE0C.PAC	0x6	801e999c	72	2c81e5571779afbf
STAGE0C.PAC	0x6	801e99e4	116	d3bdd42118a18afd
STAGE0C.PAC	0x6	801e9a58	192	1f4ff62b629269d6
STAGE0C.PAC	0x6	801e9b18	64	f7900c500a4f9af7
STAGE0C.PAC	0x6	801e9b58	152	f942997de68b3503
STAGE0C.PAC	0x6	801e9bf0	124	6f2beddb62b549cf
STAGE0C.PAC	0x6	801e9c6c	124	21705bfd9c74528b
STAGE0C.PAC	0x6	801e9ce8	140	5141616f084a46d5
STAGE0C.PAC	0x6	801e9d74	232	0e1004a34f6f866a
STAGE0C.PAC	0x6	801e9e5c	64	f7900c500a4f9af7
STAGE0C.PAC	0x6	801e9e9c	152	225debb8f484df15
STAGE0C.PAC	0x6	801e9f34	116	b5da73b0511926a8
STAGE0C.PAC	0x6	801e9fa8	120	e9fc60787ad7eb0f
STAGE0C.PAC	0x6	801ea020	140	5141616f084a46d5
STAGE0C.PAC	0x6	801ea0ac	224	fe35feb2cd49fb2b
STAGE0C.PAC	0x6	801ea18c	84	8371be7e81ff45d7
STAGE0C.PAC	0x6	801ea1e0	84	f14787295f9bf2e0
STAGE0C.PAC	0x6	801ea234	148	91a3b5df9c00a7cc
STAGE0C.PAC	0x6	801ea2c8	32	20c3a8daad2ca1ef
STAGE0C.PAC	0x6	801ea2e8	64	36d10b5e7bf2e0d2
STAGE0C.PAC	0x6	801ea328	108	18d1e29996d1bb21
STAGE0C.PAC	0x6	801ea394	168	8fdce32efe13c659
STAGE0C.PAC	0x6	801ea43c	84	af30b56ca3576fb0
STAGE0C.PAC	0x6	801ea490	88	7c7f898929bb475a
STAGE0C.PAC	0x6	801ea4e8	32	20c3a8daad2ca1ef
STAGE0C.PAC	0x6	801ea508	64	36d10b5e7bf2e0d2
STAGE0C.PAC	0x6	801ea548	104	53eb66cfad821ef6
STAGE0C.PAC	0x6	801ea5b0	112	c1c73ea32d52e636
STAGE0C.PAC	0x6	801ea620	32	20c3a8daad2ca1ef
STAGE0C.PAC	0x6	801ea640	780	28d96919fd50a376
STAGE0D.PAC	0x6	801e8000	152	ff9fbcad1eb82fa0
STAGE0D.PAC	0x6	801e8098	88	8d890732d6c6c32e
STAGE0D.PAC	0x6	801e80f0	56	761de9ec7433c76e
STAGE0D.PAC	0x6	801e8128	204	e78e6cbd84b61145
STAGE0D.PAC	0x6	801e81f4	44	845175e448ab8db4
STAGE0D.PAC	0x6	801e8220	160	f158c6b18bfd1da7
STAGE0D.PAC	0x6	801e82c0	644	c6dc0ca0588dbc68
STAGE0D.PAC	0x6	801e8544	100	8d3ba3abe3d850d8
STAGE0D.PAC	0x6	801e85a8	68	20d2cf414fbf02a0
STAGE0D.PAC	0x6	801e85ec	280	4af0da18cde0ceb7
STAGE0D.PAC	0x6	801e8704	1168	4f83865108b4227f
STAGE0D.PAC	0x6	801e8b94	104	6aebcbb27286e0f7
STAGE0D.PAC	0x6	801e8bfc	1488	41e4c37e064352a6
STAGE0D.PAC	0x6	801e91cc	44	95b9f81d3c759d31
STAGE0D.PAC	0x6	801e91f8	160	f984b4879e062b39
STAGE0D.PAC	0x6	801e9298	212	ff968e082cf50902
STAGE0D.PAC	0x6	801e936c	44	1f70c11d725c1b10
STAGE0D.PAC	0x6	801e9398	160	789d72ed0133b833
STAGE0D.PAC	0x6	801e9438	644	e820db249d4d7c8a
STAGE0D.PAC	0x6	801e96bc	64	36d10b5e7bf2e0d2
STAGE0D.PAC	0x6	801e96fc	168	056cc4bc88a946d8
STAGE0D.PAC	0x6	801e97a4	132	74c6798948b5dc73
STAGE0D.PAC	0x6	801e9828	148	cf13eff3ad0c156b
STAGE0D.PAC	0x6	801e98bc	32	20c3a8daad2ca1ef
STAGE0D.PAC	0x6	801e98dc	32	20c3a8daad2ca1ef
STAGE0D.PAC	0x6	801e98fc	84	8c50c893df28f634
STAGE0D.PAC	0x6	801e9950	60	5c017fb9ed2f4b64
STAGE0D.PAC	0x6	801e998c	148	f327dbb6531b6fd6
STAGE0D.PAC	0x6	801e9a20	64	36d10b5e7bf2e0d2
STAGE0D.PAC	0x6	801e9a60	316	e79001ca9d629ad5
STAGE0D.PAC	0x6	801e9b9c	116	41e8437ba64cf191
STAGE0D.PAC	0x6	801e9c10	32	20c3a8daad2ca1ef
STAGE0D.PAC	0x6	801e9c30	64	36d10b5e7bf2e0d2
STAGE0D.PAC	0x6	801e9c70	128	f39590efd2917f55
STAGE0D.PAC	0x6	801e9cf0	128	37d6f72a9bff656f
STAGE0D.PAC	0x6	801e9d70	116	9cabdced6826274c
STAGE0D.PAC	0x6	801e9de4	76	376bfc84d7398a0c
STAGE0D.PAC	0x6	801e9e30	108	8636b38ac385f482
STAGE0D.PAC	0x6	801e9e9c	132	c3ac43d3dfce450e
STAGE0D.PAC	0x6	801e9f20	788	e0ba91aca3584bd2
STAGE0E.PAC	0x6	801e8000	152	ff9fbcad1eb82fa0
STAGE0E.PAC	0x6	801e8098	88	8d890732d6c6c32e
STAGE0E.PAC	0x6	801e80f0	56	761de9ec7433c76e
STAGE0E.PAC	0x6	801e8128	72	3cf8fcd6c3987efc
STAGE0E.PAC	0x6	801e8170	112	306e29c1ea95d07c
STAGE0E.PAC	0x6	801e81e0	228	6cf4da0f58fad766
STAGE0E.PAC	0x6	801e82c4	136	8522ef40fc8e9b19
STAGE0E.PAC	0x6	801e834c	72	ae1fa1bf3da5dad0
STAGE0E.PAC	0x6	801e8394	44	845175e448ab8db4
STAGE0E.PAC	0x6	801e83c0	268	659b00823d443764
STAGE0E.PAC	0x6	801e84cc	536	a12ff70596a46a8c
STAGE0E.PAC	0x6	801e86e4	100	8d3ba3abe3d850d8
STAGE0E.PAC	0x6	801e8748	68	d07708545c0f9b29
STAGE0E.PAC	0x6	801e878c	160	996e3d7b85626894
STAGE0E.PAC	0x6	801e882c	1160	65344d9876c9f527
STAGE0E.PAC	0x6	801e8cb4	128	e39ff0839db04d2b
STAGE0E.PAC	0x6	801e8d34	1480	af918f5c3ab236a4
STAGE0E.PAC	0x6	801e92fc	44	1bf288f0872c90e2
STAGE0E.PAC	0x6	801e9328	160	c2617d0a904f4828
STAGE0E.PAC	0x6	801e93c8	72	3cf8fcd6c3987efc
STAGE0E.PAC	0x6	801e9410	112	a3ea800ee86bfe50
STAGE0E.PAC	0x6	801e9480	212	8d1285340d97d51a
STAGE0E.PAC	0x6	801e9554	96	cc197becaf01a9a1
STAGE0E.PAC	0x6	801e95b4	80	8f1b98e0dccc35ea
STAGE0E.PAC	0x6	801e9604	64	3215fc6a4cf14ef5
STAGE0E.PAC	0x6	801e9644	20	32e2f4dd2d38a5ab
STAGE0E.PAC	0x6	801e9658	12	56f96e541392c942
STAGE0E.PAC	0x6	801e9664	44	14461222e455984b
STAGE0E.PAC	0x6	801e9690	168	81da3bddf95436c2
STAGE0E.PAC	0x6	801e9738	628	8aa2db10d28f5531
STAGE0E.PAC	0x6	801e99ac	64	36d10b5e7bf2e0d2
STAGE0E.PAC	0x6	801e99ec	196	3d3ad5f2caaac1bb
STAGE0E.PAC	0x6	801e9ab0	72	cf72c3c0b3d2892b
STAGE0E.PAC	0x6	801e9af8	208	6bcef750f666e288
STAGE0E.PAC	0x6	801e9bc8	8	6d64edf91449c1b1
STAGE0E.PAC	0x6	801e9bd0	32	20c3a8daad2ca1ef
STAGE0E.PAC	0x6	801e9bf0	84	8c50c893df28f634
STAGE0E.PAC	0x6	801e9c44	60	5c017fb9ed2f4b64
STAGE0E.PAC	0x6	801e9c80	148	f327dbb6531b6fd6
STAGE0E.PAC	0x6	801e9d14	1060	b0d6cc02636d5c38
STAGE0E.PAC	0x6	801ea138	64	36d10b5e7bf2e0d2
STAGE0E.PAC	0x6	801ea178	76	9cd6e7e04ccc10d5
STAGE0E.PAC	0x6	801ea1c4	216	cbef4d45994db1c0
STAGE0E.PAC	0x6	801ea29c	156	89e510cff2210ef7
STAGE0E.PAC	0x6	801ea338	8	6d64edf91449c1b1
STAGE0E.PAC	0x6	801ea340	32	20c3a8daad2ca1ef
STAGE0E.PAC	0x6	801ea360	64	36d10b5e7bf2e0d2
STAGE0E.PAC	0x6	801ea3a0	208	54cb2ecd8843eb23
STAGE0E.PAC	0x6	801ea470	84	febaee0386ebdd4e
STAGE0E.PAC	0x6	801ea4c4	128	18e42847702095a8
STAGE0E.PAC	0x6	801ea544	8	6d64edf91449c1b1
STAGE0E.PAC	0x6	801ea54c	32	20c3a8daad2ca1ef
STAGE0E.PAC	0x6	801ea56c	64	36d10b5e7bf2e0d2
STAGE0E.PAC	0x6	801ea5ac	72	e5e9d368613501dd
STAGE0E.PAC	0x6	801ea5f4	152	985935f6563a9cea
STAGE0E.PAC	0x6	801ea68c	32	20c3a8daad2ca1ef
STAGE0E.PAC	0x6	801ea6ac	64	36d10b5e7bf2e0d2
STAGE0E.PAC	0x6	801ea6ec	140	7e9b2edf36ec484a
STAGE0E.PAC	0x6	801ea778	64	ee8aa41d9b63ce01
STAGE0E.PAC	0x6	801ea7b8	132	c3ac43d3dfce450e
STAGE0E.PAC	0x6	801ea83c	64	36d10b5e7bf2e0d2
STAGE0E.PAC	0x6	801ea87c	132	5f8af794ffddbe27
STAGE0E.PAC	0x6	801ea900	244	c35d3a3bda501a74
STAGE0E.PAC	0x6	801ea9f4	20	469ab567c4e2c3e0
STAGE0E.PAC	0x6	801eaa08	32	20c3a8daad2ca1ef
STAGE0E.PAC	0x6	801eaa28	212	3905e5bee704bb7a
STAGE0E.PAC	0x6	801eaafc	64	36d10b5e7bf2e0d2
STAGE0E.PAC	0x6	801eab3c	152	d060c2685ae64021
STAGE0E.PAC	0x6	801eabd4	136	74301e3e032e4fc1
STAGE0E.PAC	0x6	801eac5c	20	469ab567c4e2c3e0
STAGE0E.PAC	0x6	801eac70	32	20c3a8daad2ca1ef
STAGE0F.PAC	0x6	801e8000	152	ff9fbcad1eb82fa0
STAGE0F.PAC	0x6	801e8098	88	8d890732d6c6c32e
STAGE0F.PAC	0x6	801e80f0	56	761de9ec7433c76e
STAGE0F.PAC	0x6	801e8128	204	e78e6cbd84b61145
STAGE0F.PAC	0x6	801e81f4	44	845175e448ab8db4
STAGE0F.PAC	0x6	801e8220	160	7ed8ee3bd6cae107
STAGE0F.PAC	0x6	801e82c0	636	45c217dc7e93e3ec
STAGE0F.PAC	0x6	801e853c	100	8d3ba3abe3d850d8
STAGE0F.PAC	0x6	801e85a0	68	81875ceee1109680
STAGE0F.PAC	0x6	801e85e4	280	0c89d7e3ab7494f2
STAGE0F.PAC	0x6	801e86fc	1168	de7f42a4cfd3f109
STAGE0F.PAC	0x6	801e8b8c	128	98b26024808fd1a9
STAGE0F.PAC	0x6	801e8c0c	1488	11247fec74361cf9
STAGE0F.PAC	0x6	801e91dc	44	9e59a936c9855bd1
STAGE0F.PAC	0x6	801e9208	160	c2617d0a904f4828
STAGE0F.PAC	0x6	801e92a8	216	288e31cfa42008a5
STAGE0F.PAC	0x6	801e9380	44	8e71560274cf86d9
STAGE0F.PAC	0x6	801e93ac	160	0da845dfaa0cd592
STAGE0F.PAC	0x6	801e944c	636	90c9223b09bb9b93
STAGE0F.PAC	0x6	801e96c8	64	36d10b5e7bf2e0d2
STAGE0F.PAC	0x6	801e9708	136	32a00da3b18fe3ef
STAGE0F.PAC	0x6	801e9798	108	8cd6d06af075744b
STAGE0F.PAC	0x6	801e9804	64	8c33c089170d1f9b
STAGE0F.PAC	0x6	801e9844	84	104d8617bd576081
STAGE0F.PAC	0x6	801e9898	28	65d1a1fd4ed9071e
STAGE0F.PAC	0x6	801e98b4	64	8c33c089170d1f9b
STAGE0F.PAC	0x6	801e98f4	56	c944e5e5e5196ae5
STAGE0F.PAC	0x6	801e992c	60	16f25a93f1169c75
STAGE0F.PAC	0x6	801e9968	32	20c3a8daad2ca1ef
STAGE0F.PAC	0x6	801e9988	64	36d10b5e7bf2e0d2
STAGE0F.PAC	0x6	801e99c8	92	0888ce649598b620
STAGE0F.PAC	0x6	801e9a24	116	ae5f8e7fc458a8c5
STAGE0F.PAC	0x6	801e9a98	100	504e9d6d13b488a5
STAGE0F.PAC	0x6	801e9afc	8	6d64edf91449c1b1
STAGE0F.PAC	0x6	801e9b04	32	20c3a8daad2ca1ef
STAGE0F.PAC	0x6	801e9b24	140	99f2d600bf4c0c5a
STAGE0F.PAC	0x6	801e9bb0	800	7227b5f4d7bc565f
STAGE0F.PAC	0x6	801e9ed0	320	e26bf6ee4da8efd7
STAGE0F.PAC	0x6	801ea010	80	761a51516b816a02
STAGE0F.PAC	0x6	801ea060	328	5b804411c4c0295f
STAGE0F.PAC	0x6	801ea1a8	208	3b10977171db598f
STAGE0F.PAC	0x6	801ea278	64	ed0908076f86c2dd
STAGE0F.PAC	0x6	801ea2b8	44	4b3b28a656da46da
STAGE0F.PAC	0x6	801ea2e4	176	b66a99c90708e3bf
STAGE0F.PAC	0x6	801ea394	64	ed0908076f86c2dd
STAGE0F.PAC	0x6	801ea3d4	88	1883138d63ee7281
STAGE0F.PAC	0x6	801ea42c	164	88e544c076fd6177
STAGE0F.PAC	0x6	801ea4d0	64	ed0908076f86c2dd
STAGE0F.PAC	0x6	801ea510	92	0876c829af0abefb
STAGE0F.PAC	0x6	801ea56c	172	57f43ae56d26f2a5
STAGE0F.PAC	0x6	801ea618	64	ed0908076f86c2dd
STAGE0F.PAC	0x6	801ea658	140	e9652412c5cce4f2
STAGE0F.PAC	0x6	801ea6e4	32	20c3a8daad2ca1ef
STAGE0F.PAC	0x6	801ea704	48	28141291286fc367
STAGE0F.PAC	0x6	801ea734	72	6d3397f97eb6f3bf
STAGE0F.PAC	0x6	801ea77c	56	6071c60d135d42a3
STAGE0F.PAC	0x6	801ea7b4	48	6ec5335645865d35
STAGE0F.PAC	0x6	801ea7e4	68	f24ac89982e76d53
STAGE0F.PAC	0x6	801ea828	52	d79ba91885f26bb0
STAGE0F.PAC	0x6	801ea85c	60	389692b440a51137
STAGE0F.PAC	0x6	801ea898	48	6ec5335645865d35
STAGE0F.PAC	0x6	801ea8c8	24	98b4becc754f1edd
STAGE0F.PAC	0x6	801ea8e0	28	a6141f3666eeb6be
STAGE0F.PAC	0x6	801ea8fc	32	20c3a8daad2ca1ef
STAGE0F.PAC	0x6	801ea91c	80	3b5a63060d50313c
STAGE0F.PAC	0x6	801ea96c	48	ec7969c997c77d29
STAGE10.PAC	0x6	801e8000	152	ff9fbcad1eb82fa0
STAGE10.PAC	0x6	801e8098	88	8d890732d6c6c32e
STAGE10.PAC	0x6	801e80f0	56	761de9ec7433c76e
STAGE10.PAC	0x6	801e8128	212	880c9ad2dcf20e88
STAGE10.PAC	0x6	801e81fc	44	845175e448ab8db4
STAGE10.PAC	0x6	801e8228	160	80e49edd4be91571
STAGE10.PAC	0x6	801e82c8	636	d3dda38d03fdcd66
STAGE10.PAC	0x6	801e8544	92	7a1feea5a15d22cd
STAGE10.PAC	0x6	801e85a0	44	95b9f81d3c759d31
STAGE10.PAC	0x6	801e85cc	280	7c19033de43f0b20
STAGE10.PAC	0x6	801e86e4	636	c542b52855b186f6
STAGE10.PAC	0x6	801e8960	8	6d64edf91449c1b1
STAGE10.PAC	0x6	801e8968	8	6d64edf91449c1b1
STAGE10.PAC	0x6	801e8970	8	6d64edf91449c1b1
STAGE10.PAC	0x6	801e8978	8	6d64edf91449c1b1
STAGE10.PAC	0x6	801e8980	72	3cf8fcd6c3987efc
STAGE10.PAC	0x6	801e89c8	84	afd526309215261a
STAGE10.PAC	0x6	801e8a1c	180	8193a05ae741ce02
STAGE10.PAC	0x6	801e8ad0	44	1f6e071d76fe0cd5
STAGE10.PAC	0x6	801e8afc	160	867b1aa01fa5cb15
STAGE10.PAC	0x6	801e8b9c	636	0018551322a49879
STAGE10.PAC	0x6	801e8e18	64	36d10b5e7bf2e0d2
STAGE10.PAC	0x6	801e8e58	188	84fa954e665dcfc1
STAGE10.PAC	0x6	801e8f14	32	65ec32428dcbfceb
STAGE10.PAC	0x6	801e8f34	196	ab6d0c38210b6996
STAGE10.PAC	0x6	801e8ff8	32	20c3a8daad2ca1ef
STAGE10.PAC	0x6	801e9018	84	8c50c893df28f634
STAGE10.PAC	0x6	801e906c	60	5c017fb9ed2f4b64
STAGE10.PAC	0x6	801e90a8	148	f327dbb6531b6fd6
STAGE10.PAC	0x6	801e913c	84	8c50c893df28f634
STAGE10.PAC	0x6	801e9190	60	11d440a5d0357c3c
STAGE10.PAC	0x6	801e91cc	64	36d10b5e7bf2e0d2
STAGE10.PAC	0x6	801e920c	60	789b0d8c79d9354a
STAGE10.PAC	0x6	801e9248	32	65ec32428dcbfceb
STAGE10.PAC	0x6	801e9268	64	f1a396a026a4230d
STAGE10.PAC	0x6	801e92a8	32	20c3a8daad2ca1ef
STAGE10.PAC	0x6	801e92c8	84	8c50c893df28f634
STAGE10.PAC	0x6	801e931c	60	11d440a5d0357c3c
STAGE10.PAC	0x6	801e9358	64	36d10b5e7bf2e0d2
STAGE10.PAC	0x6	801e9398	116	6174d04875f740d3
STAGE10.PAC	0x6	801e940c	132	154fcc3e218b6820
STAGE10.PAC	0x6	801e9490	100	6f05cb1b9725c639
STAGE10.PAC	0x6	801e94f4	112	7de38c8ed1e69269
STAGE10.PAC	0x6	801e9564	60	3c4e4806848b18ff
STAGE10.PAC	0x6	801e95a0	32	20c3a8daad2ca1ef
STAGE10.PAC	0x6	801e95c0	76	35049ce6b74dbc48
STAGE10.PAC	0x6	801e960c	108	4de7f1343904690a
STAGE10.PAC	0x6	801e9678	112	c5dde78bbe8bb17c
STAGE10.PAC	0x6	801e96e8	84	af569522aa39e865
STAGE10.PAC	0x6	801e973c	32	20c3a8daad2ca1ef
STAGE10.PAC	0x6	801e975c	64	36d10b5e7bf2e0d2
STAGE10.PAC	0x6	801e979c	112	ec68bea558d8f9be
STAGE10.PAC	0x6	801e980c	132	154fcc3e218b6820
STAGE10.PAC	0x6	801e9890	136	34986359ac1b63af
STAGE10.PAC	0x6	801e9918	200	d6a87012cb5acbca
STAGE10.PAC	0x6	801e99e0	144	ca2df2c200625906
STAGE10.PAC	0x6	801e9a70	32	20c3a8daad2ca1ef
STAGE10.PAC	0x6	801e9a90	64	36d10b5e7bf2e0d2
STAGE10.PAC	0x6	801e9ad0	108	e1068983c3ef0474
STAGE10.PAC	0x6	801e9b3c	132	0d3786d188a544ed
STAGE10.PAC	0x6	801e9bc0	144	5b68a6afcac7401f
STAGE10.PAC	0x6	801e9c50	212	9714baae0fc1dc87
STAGE10.PAC	0x6	801e9d24	132	79e710bb62f940ff
STAGE10.PAC	0x6	801e9da8	64	95671656d340cd6f
STAGE10.PAC	0x6	801e9de8	32	20c3a8daad2ca1ef
STAGE10.PAC	0x6	801e9e08	64	36d10b5e7bf2e0d2
STAGE10.PAC	0x6	801e9e48	108	1d15e4a34af53232
STAGE10.PAC	0x6	801e9eb4	32	20c3a8daad2ca1ef
STAGE10.PAC	0x6	801e9ed4	32	20c3a8daad2ca1ef
STAGE10.PAC	0x6	801e9ef4	724	396a07934d98bf64
STAGE11.PAC	0x6	801e8000	152	ff9fbcad1eb82fa0
STAGE11.PAC	0x6	801e8098	88	8d890732d6c6c32e
STAGE11.PAC	0x6	801e80f0	56	761de9ec7433c76e
STAGE11.PAC	0x6	801e8128	148	e17e6d9e677ad758
STAGE11.PAC	0x6	801e81bc	44	845175e448ab8db4
STAGE11.PAC	0x6	801e81e8	160	1a1c26cc238d89c5
STAGE11.PAC	0x6	801e8288	636	ccb8069a8a9f81c5
STAGE11.PAC	0x6	801e8504	100	8d3ba3abe3d850d8
STAGE11.PAC	0x6	801e8568	44	9e933e62300a94e4
STAGE11.PAC	0x6	801e8594	276	49dd10697d11909a
STAGE11.PAC	0x6	801e86a8	636	3df9336869e673c6
STAGE11.PAC	0x6	801e8924	8	6d64edf91449c1b1
STAGE11.PAC	0x6	801e892c	8	6d64edf91449c1b1
STAGE11.PAC	0x6	801e8934	8	6d64edf91449c1b1
STAGE11.PAC	0x6	801e893c	8	6d64edf91449c1b1
STAGE11.PAC	0x6	801e8944	152	b14591a732dceacd
STAGE11.PAC	0x6	801e89dc	44	b36d4cfe2a9e11b4
STAGE11.PAC	0x6	801e8a08	168	75e6bcaebbb6b515
STAGE11.PAC	0x6	801e8ab0	628	1420e0df1ee10e76
STAGE11.PAC	0x6	801e8d24	64	36d10b5e7bf2e0d2
STAGE11.PAC	0x6	801e8d64	20	3cdcbdbc9e841787
STAGE11.PAC	0x6	801e8d78	76	bd4d36df566be206
STAGE11.PAC	0x6	801e8dc4	104	375a012ef3edf678
STAGE11.PAC	0x6	801e8e2c	124	7d68ee1173a408c9
STAGE11.PAC	0x6	801e8ea8	104	5daae7b3c15a7b7f
STAGE11.PAC	0x6	801e8f10	112	3efbb1ec9396a01a
STAGE11.PAC	0x6	801e8f80	32	20c3a8daad2ca1ef
STAGE11.PAC	0x6	801e8fa0	76	42dfe4fcba7ff65f
STAGE11.PAC	0x6	801e8fec	728	0991e9fa4979ceda
STAGE11.PAC	0x6	801e92c4	64	36d10b5e7bf2e0d2
STAGE11.PAC	0x6	801e9304	96	b3a2e07b3c93be31
STAGE11.PAC	0x6	801e9364	64	32a11589aa197860
STAGE11.PAC	0x6	801e93a4	76	08566a4eecc434b6
STAGE11.PAC	0x6	801e93f0	236	2fdf6810c18730cd
STAGE11.PAC	0x6	801e94dc	32	20c3a8daad2ca1ef
STAGE11.PAC	0x6	801e94fc	64	36d10b5e7bf2e0d2
STAGE11.PAC	0x6	801e953c	84	8b5da9da982a41c3
STAGE11.PAC	0x6	801e9590	204	91a3d0e1e2df217f
STAGE11.PAC	0x6	801e965c	68	db70d67ae9b5cae1
STAGE11.PAC	0x6	801e96a0	100	ea5273791867bee1
STAGE11.PAC	0x6	801e9704	64	32a11589aa197860
STAGE11.PAC	0x6	801e9744	164	a89c6e223e0453fd
STAGE11.PAC	0x6	801e97e8	452	38f5b3b0b7514813
STAGE11.PAC	0x6	801e99ac	184	8c37d505b5a3cc3d
STAGE11.PAC	0x6	801e9a64	232	4f6b7bceeccd0a0e
STAGE11.PAC	0x6	801e9b4c	84	663e50a401a573df
STAGE11.PAC	0x6	801e9ba0	124	24ae6de02ef7b536
STAGE11.PAC	0x6	801e9c1c	96	3f2ecc5161508308
STAGE11.PAC	0x6	801e9c7c	128	a8a95159bc1401de
STAGE11.PAC	0x6	801e9cfc	32	20c3a8daad2ca1ef
STAGE12.PAC	0x6	801e8000	152	ff9fbcad1eb82fa0
STAGE12.PAC	0x6	801e8098	88	8d890732d6c6c32e
STAGE12.PAC	0x6	801e80f0	56	761de9ec7433c76e
STAGE12.PAC	0x6	801e8128	76	bb8906e27e051562
STAGE12.PAC	0x6	801e8174	176	f5e72a586060c0a0
STAGE12.PAC	0x6	801e8224	44	845175e448ab8db4
STAGE12.PAC	0x6	801e8250	276	87cd29b030cd0420
STAGE12.PAC	0x6	801e8364	636	d374488f0a469c1b
STAGE12.PAC	0x6	801e85e0	100	8d3ba3abe3d850d8
STAGE12.PAC	0x6	801e8644	88	68bc139c905d90cb
STAGE12.PAC	0x6	801e869c	144	1e7c5acd20312c19
STAGE12.PAC	0x6	801e872c	76	2f05c5adda5f5b50
STAGE12.PAC	0x6	801e8778	68	28dd704e8f88442d
STAGE12.PAC	0x6	801e87bc	160	c420a98fd5044da1
STAGE12.PAC	0x6	801e885c	1000	e352c15c5e9fd721
STAGE12.PAC	0x6	801e8c44	120	38c8839b5cfe1033
STAGE12.PAC	0x6	801e8cbc	8	6d64edf91449c1b1
STAGE12.PAC	0x6	801e8cc4	8	6d64edf91449c1b1
STAGE12.PAC	0x6	801e8ccc	8	6d64edf91449c1b1
STAGE12.PAC	0x6	801e8cd4	76	d72e31d11b54bc84
STAGE12.PAC	0x6	801e8d20	172	ff43913a3b4f6381
STAGE12.PAC	0x6	801e8dcc	44	3026ddacc68050e7
STAGE12.PAC	0x6	801e8df8	160	0da845dfaa0cd592
STAGE12.PAC	0x6	801e8e98	636	90c9223b09bb9b93
STAGE12.PAC	0x6	801e9114	828	cf53dc3ff4cce868
STAGE12.PAC	0x6	801e9450	64	36d10b5e7bf2e0d2
STAGE12.PAC	0x6	801e9490	84	8b5da9da982a41c3
STAGE12.PAC	0x6	801e94e4	144	0d492b87f3594c17
STAGE12.PAC	0x6	801e9574	72	9539839e89e1321e
STAGE12.PAC	0x6	801e95bc	64	32a11589aa197860
STAGE12.PAC	0x6	801e95fc	76	77978fc0710c2787
STAGE12.PAC	0x6	801e9648	104	de44168430314def
STAGE12.PAC	0x6	801e96b0	176	f2bf49cd68995c10
STAGE12.PAC	0x6	801e9760	84	663e50a401a573df
STAGE12.PAC	0x6	801e97b4	32	20c3a8daad2ca1ef
STAGE12.PAC	0x6	801e97d4	64	36d10b5e7bf2e0d2
STAGE12.PAC	0x6	801e9814	80	ea50c158dc751d88
STAGE12.PAC	0x6	801e9864	132	233ec2d8ca3fe6e7
STAGE12.PAC	0x6	801e98e8	32	20c3a8daad2ca1ef
STAGE12.PAC	0x6	801e9908	64	36d10b5e7bf2e0d2
STAGE12.PAC	0x6	801e9948	76	bb82a82cf4297f9b
STAGE12.PAC	0x6	801e9994	72	3f136db5ddb0107e
STAGE12.PAC	0x6	801e99dc	136	a04670b463c00d22
STAGE12.PAC	0x6	801e9a64	32	20c3a8daad2ca1ef
STAGE12.PAC	0x6	801e9a84	64	36d10b5e7bf2e0d2
STAGE12.PAC	0x6	801e9ac4	88	db020961fccf4687
STAGE12.PAC	0x6	801e9b1c	204	d58e0c3d6d2894a5
STAGE12.PAC	0x6	801e9be8	44	b75787416ca89d66
STAGE12.PAC	0x6	801e9c14	108	8815e2f79a5ecd12
STAGE12.PAC	0x6	801e9c80	76	b5f8bd561d5898c7
STAGE12.PAC	0x6	801e9ccc	116	973b9043bcd0b1b1
STAGE12.PAC	0x6	801e9d40	84	173ec4a11e42f7ea
STAGE12.PAC	0x6	801e9d94	32	20c3a8daad2ca1ef
STAGE12.PAC	0x6	801e9db4	88	5b18f8d767317636
STAGE12.PAC	0x6	801e9e0c	92	3497fcdf1828b69f
STAGE12.PAC	0x6	801e9e68	64	e19820837319e1f1
STAGE13.PAC	0x6	801e8000	152	ff9fbcad1eb82fa0
STAGE13.PAC	0x6	801e8098	88	8d890732d6c6c32e
STAGE13.PAC	0x6	801e80f0	56	761de9ec7433c76e
STAGE13.PAC	0x6	801e8128	208	b4b73ab49ec12b83
STAGE13.PAC	0x6	801e81f8	44	845175e448ab8db4
STAGE13.PAC	0x6	801e8224	160	e0d244b87cca5e8d
STAGE13.PAC	0x6	801e82c4	636	e57acaa9b76cec7e
STAGE13.PAC	0x6	801e8540	92	7a1feea5a15d22cd
STAGE13.PAC	0x6	801e859c	44	95b9f81d3c759d31
STAGE13.PAC	0x6	801e85c8	160	2e0d5c9540370375
STAGE13.PAC	0x6	801e8668	636	1f61f014ac7c4f6c
STAGE13.PAC	0x6	801e88e4	8	6d64edf91449c1b1
STAGE13.PAC	0x6	801e88ec	8	6d64edf91449c1b1
STAGE13.PAC	0x6	801e88f4	8	6d64edf91449c1b1
STAGE13.PAC	0x6	801e88fc	8	6d64edf91449c1b1
STAGE13.PAC	0x6	801e8904	72	3cf8fcd6c3987efc
STAGE13.PAC	0x6	801e894c	84	cb416611fb323e48
STAGE13.PAC	0x6	801e89a0	204	6119c31f9a30f288
STAGE13.PAC	0x6	801e8a6c	44	8c9aeec414853b98
STAGE13.PAC	0x6	801e8a98	160	0da845dfaa0cd592
STAGE13.PAC	0x6	801e8b38	636	90c9223b09bb9b93
